2026-05-17T16:45:05.555+0700 [DEBUG] [org.gradle.launcher.daemon.bootstrap.DaemonMain] Assuming the daemon was started with following jvm opts: [--add-opens=java.base/java.util=ALL-UNNAMED, --add-opens=java.base/java.lang=ALL-UNNAMED, --add-opens=java.base/java.lang.invoke=ALL-UNNAMED, --add-opens=java.prefs/java.util.prefs=ALL-UNNAMED, --add-exports=jdk.compiler/com.sun.tools.javac.api=ALL-UNNAMED, --add-exports=jdk.compiler/com.sun.tools.javac.util=ALL-UNNAMED, --add-opens=java.base/java.nio.charset=ALL-UNNAMED, --add-opens=java.base/java.net=ALL-UNNAMED, --add-opens=java.base/java.util.concurrent.atomic=ALL-UNNAMED, -XX:MaxMetaspaceSize=384m, -XX:+HeapDumpOnOutOfMemoryError, -Xms256m, -Xmx512m, -Dfile.encoding=UTF-8, -Duser.country=US, -Duser.language=en, -Duser.variant]
2026-05-17T16:45:05.701+0700 [DEBUG] [org.gradle.internal.nativeintegration.services.NativeServices] Native-platform posix files integration is not available. Continuing with fallback.
2026-05-17T16:45:05.732+0700 [INFO] [org.gradle.launcher.daemon.server.Daemon] start() called on daemon - DefaultDaemonContext[uid=70815982-ccb9-4d72-8c42-0d72688535ba,javaHome=C:\Program Files\JetBrains\IntelliJ IDEA 2025.2.4\jbr,javaVersion=21,javaVendor=JetBrains s.r.o.,daemonRegistryDir=D:\code\ecommer_fco\back-end\.gradle_home\daemon,pid=1396,idleTimeout=10800000,priority=NORMAL,applyInstrumentationAgent=true,nativeServicesMode=ENABLED,daemonOpts=--add-opens=java.base/java.util=ALL-UNNAMED,--add-opens=java.base/java.lang=ALL-UNNAMED,--add-opens=java.base/java.lang.invoke=ALL-UNNAMED,--add-opens=java.prefs/java.util.prefs=ALL-UNNAMED,--add-exports=jdk.compiler/com.sun.tools.javac.api=ALL-UNNAMED,--add-exports=jdk.compiler/com.sun.tools.javac.util=ALL-UNNAMED,--add-opens=java.base/java.nio.charset=ALL-UNNAMED,--add-opens=java.base/java.net=ALL-UNNAMED,--add-opens=java.base/java.util.concurrent.atomic=ALL-UNNAMED,-XX:MaxMetaspaceSize=384m,-XX:+HeapDumpOnOutOfMemoryError,-Xms256m,-Xmx512m,-Dfile.encoding=UTF-8,-Duser.country=US,-Duser.language=en,-Duser.variant]
2026-05-17T16:45:05.805+0700 [DEBUG] [org.gradle.internal.remote.internal.inet.InetAddresses] Adding IP addresses for network interface WAN Miniport (IP)-WFP Native MAC Layer LightWeight Filter-0000
2026-05-17T16:45:05.806+0700 [DEBUG] [org.gradle.internal.remote.internal.inet.InetAddresses] Is this a loopback interface? false
2026-05-17T16:45:05.806+0700 [DEBUG] [org.gradle.internal.remote.internal.inet.InetAddresses] Adding IP addresses for network interface WAN Miniport (IP)-QoS Packet Scheduler-0000
2026-05-17T16:45:05.806+0700 [DEBUG] [org.gradle.internal.remote.internal.inet.InetAddresses] Is this a loopback interface? false
2026-05-17T16:45:05.806+0700 [DEBUG] [org.gradle.internal.remote.internal.inet.InetAddresses] Adding IP addresses for network interface WAN Miniport (IPv6)-WFP Native MAC Layer LightWeight Filter-0000
2026-05-17T16:45:05.807+0700 [DEBUG] [org.gradle.internal.remote.internal.inet.InetAddresses] Is this a loopback interface? false
2026-05-17T16:45:05.807+0700 [DEBUG] [org.gradle.internal.remote.internal.inet.InetAddresses] Adding IP addresses for network interface WAN Miniport (IPv6)-QoS Packet Scheduler-0000
2026-05-17T16:45:05.807+0700 [DEBUG] [org.gradle.internal.remote.internal.inet.InetAddresses] Is this a loopback interface? false
2026-05-17T16:45:05.808+0700 [DEBUG] [org.gradle.internal.remote.internal.inet.InetAddresses] Adding IP addresses for network interface WAN Miniport (Network Monitor)-WFP Native MAC Layer LightWeight Filter-0000
2026-05-17T16:45:05.808+0700 [DEBUG] [org.gradle.internal.remote.internal.inet.InetAddresses] Is this a loopback interface? false
2026-05-17T16:45:05.809+0700 [DEBUG] [org.gradle.internal.remote.internal.inet.InetAddresses] Adding IP addresses for network interface WAN Miniport (Network Monitor)-QoS Packet Scheduler-0000
2026-05-17T16:45:05.809+0700 [DEBUG] [org.gradle.internal.remote.internal.inet.InetAddresses] Is this a loopback interface? false
2026-05-17T16:45:05.809+0700 [DEBUG] [org.gradle.internal.remote.internal.inet.InetAddresses] Adding IP addresses for network interface Hyper-V Virtual Switch Extension Adapter-Hyper-V Virtual Switch Extension Filter-0000
2026-05-17T16:45:05.810+0700 [DEBUG] [org.gradle.internal.remote.internal.inet.InetAddresses] Is this a loopback interface? false
2026-05-17T16:45:05.810+0700 [DEBUG] [org.gradle.internal.remote.internal.inet.InetAddresses] Adding IP addresses for network interface Hyper-V Virtual Switch Extension Adapter-Virtual Filtering Platform VMSwitch Extension-0000
2026-05-17T16:45:05.810+0700 [DEBUG] [org.gradle.internal.remote.internal.inet.InetAddresses] Is this a loopback interface? false
2026-05-17T16:45:05.811+0700 [DEBUG] [org.gradle.internal.remote.internal.inet.InetAddresses] Adding IP addresses for network interface Hyper-V Virtual Ethernet Adapter-WFP Native MAC Layer LightWeight Filter-0000
2026-05-17T16:45:05.811+0700 [DEBUG] [org.gradle.internal.remote.internal.inet.InetAddresses] Is this a loopback interface? false
2026-05-17T16:45:05.811+0700 [DEBUG] [org.gradle.internal.remote.internal.inet.InetAddresses] Adding IP addresses for network interface Hyper-V Virtual Ethernet Adapter-QoS Packet Scheduler-0000
2026-05-17T16:45:05.812+0700 [DEBUG] [org.gradle.internal.remote.internal.inet.InetAddresses] Is this a loopback interface? false
2026-05-17T16:45:05.812+0700 [DEBUG] [org.gradle.internal.remote.internal.inet.InetAddresses] Adding IP addresses for network interface Hyper-V Virtual Ethernet Adapter-WFP 802.3 MAC Layer LightWeight Filter-0000
2026-05-17T16:45:05.812+0700 [DEBUG] [org.gradle.internal.remote.internal.inet.InetAddresses] Is this a loopback interface? false
2026-05-17T16:45:05.813+0700 [DEBUG] [org.gradle.internal.remote.internal.inet.InetAddresses] Adding IP addresses for network interface Microsoft Kernel Debug Network Adapter
2026-05-17T16:45:05.813+0700 [DEBUG] [org.gradle.internal.remote.internal.inet.InetAddresses] Is this a loopback interface? false
2026-05-17T16:45:05.813+0700 [DEBUG] [org.gradle.internal.remote.internal.inet.InetAddresses] Adding IP addresses for network interface WAN Miniport (IP)
2026-05-17T16:45:05.814+0700 [DEBUG] [org.gradle.internal.remote.internal.inet.InetAddresses] Is this a loopback interface? false
2026-05-17T16:45:05.814+0700 [DEBUG] [org.gradle.internal.remote.internal.inet.InetAddresses] Adding IP addresses for network interface WAN Miniport (IPv6)
2026-05-17T16:45:05.814+0700 [DEBUG] [org.gradle.internal.remote.internal.inet.InetAddresses] Is this a loopback interface? false
2026-05-17T16:45:05.814+0700 [DEBUG] [org.gradle.internal.remote.internal.inet.InetAddresses] Adding IP addresses for network interface WAN Miniport (Network Monitor)
2026-05-17T16:45:05.815+0700 [DEBUG] [org.gradle.internal.remote.internal.inet.InetAddresses] Is this a loopback interface? false
2026-05-17T16:45:05.815+0700 [DEBUG] [org.gradle.internal.remote.internal.inet.InetAddresses] Adding IP addresses for network interface Bluetooth Device (Personal Area Network)
2026-05-17T16:45:05.815+0700 [DEBUG] [org.gradle.internal.remote.internal.inet.InetAddresses] Is this a loopback interface? false
2026-05-17T16:45:05.816+0700 [DEBUG] [org.gradle.internal.remote.internal.inet.InetAddresses] Adding remote address /fe80:0:0:0:7f13:8179:a961:14f6%ethernet_32772
2026-05-17T16:45:05.816+0700 [DEBUG] [org.gradle.internal.remote.internal.inet.InetAddresses] Adding IP addresses for network interface VMware Virtual Ethernet Adapter for VMnet1
2026-05-17T16:45:05.816+0700 [DEBUG] [org.gradle.internal.remote.internal.inet.InetAddresses] Is this a loopback interface? false
2026-05-17T16:45:05.817+0700 [DEBUG] [org.gradle.internal.remote.internal.inet.InetAddresses] Adding remote address /fe80:0:0:0:e2c8:1686:c189:c17b%ethernet_32773
2026-05-17T16:45:05.817+0700 [DEBUG] [org.gradle.internal.remote.internal.inet.InetAddresses] Adding remote address /192.168.83.1
2026-05-17T16:45:05.817+0700 [DEBUG] [org.gradle.internal.remote.internal.inet.InetAddresses] Adding IP addresses for network interface VMware Virtual Ethernet Adapter for VMnet8
2026-05-17T16:45:05.818+0700 [DEBUG] [org.gradle.internal.remote.internal.inet.InetAddresses] Is this a loopback interface? false
2026-05-17T16:45:05.818+0700 [DEBUG] [org.gradle.internal.remote.internal.inet.InetAddresses] Adding remote address /fe80:0:0:0:a637:7b50:4671:7b44%ethernet_32774
2026-05-17T16:45:05.818+0700 [DEBUG] [org.gradle.internal.remote.internal.inet.InetAddresses] Adding remote address /192.168.189.1
2026-05-17T16:45:05.818+0700 [DEBUG] [org.gradle.internal.remote.internal.inet.InetAddresses] Adding IP addresses for network interface Hyper-V Virtual Switch Extension Adapter
2026-05-17T16:45:05.819+0700 [DEBUG] [org.gradle.internal.remote.internal.inet.InetAddresses] Is this a loopback interface? false
2026-05-17T16:45:05.819+0700 [DEBUG] [org.gradle.internal.remote.internal.inet.InetAddresses] Adding IP addresses for network interface Hyper-V Virtual Ethernet Adapter
2026-05-17T16:45:05.819+0700 [DEBUG] [org.gradle.internal.remote.internal.inet.InetAddresses] Is this a loopback interface? false
2026-05-17T16:45:05.820+0700 [DEBUG] [org.gradle.internal.remote.internal.inet.InetAddresses] Adding remote address /fe80:0:0:0:35ef:9fe2:8a9e:ac61%ethernet_32776
2026-05-17T16:45:05.820+0700 [DEBUG] [org.gradle.internal.remote.internal.inet.InetAddresses] Adding remote address /172.21.32.1
2026-05-17T16:45:05.820+0700 [DEBUG] [org.gradle.internal.remote.internal.inet.InetAddresses] Adding IP addresses for network interface WAN Miniport (PPPOE)
2026-05-17T16:45:05.821+0700 [DEBUG] [org.gradle.internal.remote.internal.inet.InetAddresses] Is this a loopback interface? false
2026-05-17T16:45:05.821+0700 [DEBUG] [org.gradle.internal.remote.internal.inet.InetAddresses] Adding IP addresses for network interface Software Loopback Interface 1
2026-05-17T16:45:05.821+0700 [DEBUG] [org.gradle.internal.remote.internal.inet.InetAddresses] Is this a loopback interface? true
2026-05-17T16:45:05.821+0700 [DEBUG] [org.gradle.internal.remote.internal.inet.InetAddresses] Adding loopback address /0:0:0:0:0:0:0:1
2026-05-17T16:45:05.821+0700 [DEBUG] [org.gradle.internal.remote.internal.inet.InetAddresses] Adding loopback address /127.0.0.1
2026-05-17T16:45:05.821+0700 [DEBUG] [org.gradle.internal.remote.internal.inet.InetAddresses] Adding IP addresses for network interface MediaTek Wi-Fi 6E MT7902 Wireless LAN Card-WFP Native MAC Layer LightWeight Filter-0000
2026-05-17T16:45:05.821+0700 [DEBUG] [org.gradle.internal.remote.internal.inet.InetAddresses] Is this a loopback interface? false
2026-05-17T16:45:05.822+0700 [DEBUG] [org.gradle.internal.remote.internal.inet.InetAddresses] Adding IP addresses for network interface MediaTek Wi-Fi 6E MT7902 Wireless LAN Card-Virtual WiFi Filter Driver-0000
2026-05-17T16:45:05.822+0700 [DEBUG] [org.gradle.internal.remote.internal.inet.InetAddresses] Is this a loopback interface? false
2026-05-17T16:45:05.822+0700 [DEBUG] [org.gradle.internal.remote.internal.inet.InetAddresses] Adding IP addresses for network interface MediaTek Wi-Fi 6E MT7902 Wireless LAN Card-Native WiFi Filter Driver-0000
2026-05-17T16:45:05.822+0700 [DEBUG] [org.gradle.internal.remote.internal.inet.InetAddresses] Is this a loopback interface? false
2026-05-17T16:45:05.823+0700 [DEBUG] [org.gradle.internal.remote.internal.inet.InetAddresses] Adding IP addresses for network interface MediaTek Wi-Fi 6E MT7902 Wireless LAN Card-QoS Packet Scheduler-0000
2026-05-17T16:45:05.824+0700 [DEBUG] [org.gradle.internal.remote.internal.inet.InetAddresses] Is this a loopback interface? false
2026-05-17T16:45:05.824+0700 [DEBUG] [org.gradle.internal.remote.internal.inet.InetAddresses] Adding IP addresses for network interface MediaTek Wi-Fi 6E MT7902 Wireless LAN Card-WFP 802.3 MAC Layer LightWeight Filter-0000
2026-05-17T16:45:05.825+0700 [DEBUG] [org.gradle.internal.remote.internal.inet.InetAddresses] Is this a loopback interface? false
2026-05-17T16:45:05.825+0700 [DEBUG] [org.gradle.internal.remote.internal.inet.InetAddresses] Adding IP addresses for network interface Microsoft Wi-Fi Direct Virtual Adapter-WFP Native MAC Layer LightWeight Filter-0000
2026-05-17T16:45:05.826+0700 [DEBUG] [org.gradle.internal.remote.internal.inet.InetAddresses] Is this a loopback interface? false
2026-05-17T16:45:05.826+0700 [DEBUG] [org.gradle.internal.remote.internal.inet.InetAddresses] Adding IP addresses for network interface Microsoft Wi-Fi Direct Virtual Adapter-Native WiFi Filter Driver-0000
2026-05-17T16:45:05.826+0700 [DEBUG] [org.gradle.internal.remote.internal.inet.InetAddresses] Is this a loopback interface? false
2026-05-17T16:45:05.827+0700 [DEBUG] [org.gradle.internal.remote.internal.inet.InetAddresses] Adding IP addresses for network interface Microsoft Wi-Fi Direct Virtual Adapter-QoS Packet Scheduler-0000
2026-05-17T16:45:05.827+0700 [DEBUG] [org.gradle.internal.remote.internal.inet.InetAddresses] Is this a loopback interface? false
2026-05-17T16:45:05.827+0700 [DEBUG] [org.gradle.internal.remote.internal.inet.InetAddresses] Adding IP addresses for network interface Microsoft Wi-Fi Direct Virtual Adapter-WFP 802.3 MAC Layer LightWeight Filter-0000
2026-05-17T16:45:05.828+0700 [DEBUG] [org.gradle.internal.remote.internal.inet.InetAddresses] Is this a loopback interface? false
2026-05-17T16:45:05.828+0700 [DEBUG] [org.gradle.internal.remote.internal.inet.InetAddresses] Adding IP addresses for network interface Microsoft Wi-Fi Direct Virtual Adapter #2-WFP Native MAC Layer LightWeight Filter-0000
2026-05-17T16:45:05.828+0700 [DEBUG] [org.gradle.internal.remote.internal.inet.InetAddresses] Is this a loopback interface? false
2026-05-17T16:45:05.828+0700 [DEBUG] [org.gradle.internal.remote.internal.inet.InetAddresses] Adding IP addresses for network interface Microsoft Wi-Fi Direct Virtual Adapter #2-Native WiFi Filter Driver-0000
2026-05-17T16:45:05.829+0700 [DEBUG] [org.gradle.internal.remote.internal.inet.InetAddresses] Is this a loopback interface? false
2026-05-17T16:45:05.829+0700 [DEBUG] [org.gradle.internal.remote.internal.inet.InetAddresses] Adding IP addresses for network interface Microsoft Wi-Fi Direct Virtual Adapter #2-QoS Packet Scheduler-0000
2026-05-17T16:45:05.829+0700 [DEBUG] [org.gradle.internal.remote.internal.inet.InetAddresses] Is this a loopback interface? false
2026-05-17T16:45:05.829+0700 [DEBUG] [org.gradle.internal.remote.internal.inet.InetAddresses] Adding IP addresses for network interface Microsoft Wi-Fi Direct Virtual Adapter #2-WFP 802.3 MAC Layer LightWeight Filter-0000
2026-05-17T16:45:05.829+0700 [DEBUG] [org.gradle.internal.remote.internal.inet.InetAddresses] Is this a loopback interface? false
2026-05-17T16:45:05.830+0700 [DEBUG] [org.gradle.internal.remote.internal.inet.InetAddresses] Adding IP addresses for network interface MediaTek Wi-Fi 6E MT7902 Wireless LAN Card
2026-05-17T16:45:05.830+0700 [DEBUG] [org.gradle.internal.remote.internal.inet.InetAddresses] Is this a loopback interface? false
2026-05-17T16:45:05.830+0700 [DEBUG] [org.gradle.internal.remote.internal.inet.InetAddresses] Adding remote address /fe80:0:0:0:6c29:3bad:94e7:751a%wireless_32768
2026-05-17T16:45:05.830+0700 [DEBUG] [org.gradle.internal.remote.internal.inet.InetAddresses] Adding remote address /2405:4802:1f93:230:f662:36bf:2a6a:9208
2026-05-17T16:45:05.831+0700 [DEBUG] [org.gradle.internal.remote.internal.inet.InetAddresses] Adding remote address /2405:4802:1f93:230:10cd:58bb:2e37:fb8b
2026-05-17T16:45:05.831+0700 [DEBUG] [org.gradle.internal.remote.internal.inet.InetAddresses] Adding remote address /192.168.1.198
2026-05-17T16:45:05.831+0700 [DEBUG] [org.gradle.internal.remote.internal.inet.InetAddresses] Adding IP addresses for network interface Microsoft Wi-Fi Direct Virtual Adapter
2026-05-17T16:45:05.831+0700 [DEBUG] [org.gradle.internal.remote.internal.inet.InetAddresses] Is this a loopback interface? false
2026-05-17T16:45:05.832+0700 [DEBUG] [org.gradle.internal.remote.internal.inet.InetAddresses] Adding remote address /fe80:0:0:0:916c:b595:7876:d404%wireless_32769
2026-05-17T16:45:05.832+0700 [DEBUG] [org.gradle.internal.remote.internal.inet.InetAddresses] Adding IP addresses for network interface Microsoft Wi-Fi Direct Virtual Adapter #2
2026-05-17T16:45:05.832+0700 [DEBUG] [org.gradle.internal.remote.internal.inet.InetAddresses] Is this a loopback interface? false
2026-05-17T16:45:05.832+0700 [DEBUG] [org.gradle.internal.remote.internal.inet.InetAddresses] Adding remote address /fe80:0:0:0:13e4:5408:792b:3d60%wireless_32770
2026-05-17T16:45:05.833+0700 [DEBUG] [org.gradle.internal.remote.internal.inet.InetAddresses] Adding IP addresses for network interface Microsoft Teredo Tunneling Adapter
2026-05-17T16:45:05.833+0700 [DEBUG] [org.gradle.internal.remote.internal.inet.InetAddresses] Is this a loopback interface? false
2026-05-17T16:45:05.833+0700 [DEBUG] [org.gradle.internal.remote.internal.inet.InetAddresses] Adding IP addresses for network interface Microsoft IP-HTTPS Platform Adapter
2026-05-17T16:45:05.833+0700 [DEBUG] [org.gradle.internal.remote.internal.inet.InetAddresses] Is this a loopback interface? false
2026-05-17T16:45:05.833+0700 [DEBUG] [org.gradle.internal.remote.internal.inet.InetAddresses] Adding IP addresses for network interface Microsoft 6to4 Adapter
2026-05-17T16:45:05.833+0700 [DEBUG] [org.gradle.internal.remote.internal.inet.InetAddresses] Is this a loopback interface? false
2026-05-17T16:45:05.833+0700 [DEBUG] [org.gradle.internal.remote.internal.inet.InetAddresses] Adding IP addresses for network interface WAN Miniport (SSTP)
2026-05-17T16:45:05.833+0700 [DEBUG] [org.gradle.internal.remote.internal.inet.InetAddresses] Is this a loopback interface? false
2026-05-17T16:45:05.833+0700 [DEBUG] [org.gradle.internal.remote.internal.inet.InetAddresses] Adding IP addresses for network interface WAN Miniport (IKEv2)
2026-05-17T16:45:05.834+0700 [DEBUG] [org.gradle.internal.remote.internal.inet.InetAddresses] Is this a loopback interface? false
2026-05-17T16:45:05.834+0700 [DEBUG] [org.gradle.internal.remote.internal.inet.InetAddresses] Adding IP addresses for network interface WAN Miniport (L2TP)
2026-05-17T16:45:05.834+0700 [DEBUG] [org.gradle.internal.remote.internal.inet.InetAddresses] Is this a loopback interface? false
2026-05-17T16:45:05.834+0700 [DEBUG] [org.gradle.internal.remote.internal.inet.InetAddresses] Adding IP addresses for network interface WAN Miniport (PPTP)
2026-05-17T16:45:05.834+0700 [DEBUG] [org.gradle.internal.remote.internal.inet.InetAddresses] Is this a loopback interface? false
2026-05-17T16:45:05.838+0700 [DEBUG] [org.gradle.internal.remote.internal.inet.TcpIncomingConnector] Listening on [725f609a-68d7-40a6-83ec-1e87117944fa port:56766, addresses:[localhost/127.0.0.1]].
2026-05-17T16:45:05.862+0700 [DEBUG] [org.gradle.launcher.daemon.server.Daemon] Daemon starting at: Sun May 17 16:45:05 ICT 2026, with address: [725f609a-68d7-40a6-83ec-1e87117944fa port:56766, addresses:[localhost/127.0.0.1]]
2026-05-17T16:45:05.862+0700 [INFO] [org.gradle.launcher.daemon.server.DaemonRegistryUpdater] Advertising the daemon address to the clients: [725f609a-68d7-40a6-83ec-1e87117944fa port:56766, addresses:[localhost/127.0.0.1]]
2026-05-17T16:45:05.862+0700 [DEBUG] [org.gradle.launcher.daemon.server.DaemonRegistryUpdater] Advertised daemon context: DefaultDaemonContext[uid=70815982-ccb9-4d72-8c42-0d72688535ba,javaHome=C:\Program Files\JetBrains\IntelliJ IDEA 2025.2.4\jbr,javaVersion=21,javaVendor=JetBrains s.r.o.,daemonRegistryDir=D:\code\ecommer_fco\back-end\.gradle_home\daemon,pid=1396,idleTimeout=10800000,priority=NORMAL,applyInstrumentationAgent=true,nativeServicesMode=ENABLED,daemonOpts=--add-opens=java.base/java.util=ALL-UNNAMED,--add-opens=java.base/java.lang=ALL-UNNAMED,--add-opens=java.base/java.lang.invoke=ALL-UNNAMED,--add-opens=java.prefs/java.util.prefs=ALL-UNNAMED,--add-exports=jdk.compiler/com.sun.tools.javac.api=ALL-UNNAMED,--add-exports=jdk.compiler/com.sun.tools.javac.util=ALL-UNNAMED,--add-opens=java.base/java.nio.charset=ALL-UNNAMED,--add-opens=java.base/java.net=ALL-UNNAMED,--add-opens=java.base/java.util.concurrent.atomic=ALL-UNNAMED,-XX:MaxMetaspaceSize=384m,-XX:+HeapDumpOnOutOfMemoryError,-Xms256m,-Xmx512m,-Dfile.encoding=UTF-8,-Duser.country=US,-Duser.language=en,-Duser.variant]
2026-05-17T16:45:05.863+0700 [DEBUG] [org.gradle.launcher.daemon.registry.PersistentDaemonRegistry] Storing daemon address: [725f609a-68d7-40a6-83ec-1e87117944fa port:56766, addresses:[localhost/127.0.0.1]], context: DefaultDaemonContext[uid=70815982-ccb9-4d72-8c42-0d72688535ba,javaHome=C:\Program Files\JetBrains\IntelliJ IDEA 2025.2.4\jbr,javaVersion=21,javaVendor=JetBrains s.r.o.,daemonRegistryDir=D:\code\ecommer_fco\back-end\.gradle_home\daemon,pid=1396,idleTimeout=10800000,priority=NORMAL,applyInstrumentationAgent=true,nativeServicesMode=ENABLED,daemonOpts=--add-opens=java.base/java.util=ALL-UNNAMED,--add-opens=java.base/java.lang=ALL-UNNAMED,--add-opens=java.base/java.lang.invoke=ALL-UNNAMED,--add-opens=java.prefs/java.util.prefs=ALL-UNNAMED,--add-exports=jdk.compiler/com.sun.tools.javac.api=ALL-UNNAMED,--add-exports=jdk.compiler/com.sun.tools.javac.util=ALL-UNNAMED,--add-opens=java.base/java.nio.charset=ALL-UNNAMED,--add-opens=java.base/java.net=ALL-UNNAMED,--add-opens=java.base/java.util.concurrent.atomic=ALL-UNNAMED,-XX:MaxMetaspaceSize=384m,-XX:+HeapDumpOnOutOfMemoryError,-Xms256m,-Xmx512m,-Dfile.encoding=UTF-8,-Duser.country=US,-Duser.language=en,-Duser.variant]
2026-05-17T16:45:05.890+0700 [DEBUG] [org.gradle.cache.internal.DefaultFileLockManager] Waiting to acquire exclusive lock on daemon addresses registry.
2026-05-17T16:45:05.896+0700 [DEBUG] [org.gradle.cache.internal.DefaultFileLockManager] Lock acquired on daemon addresses registry.
2026-05-17T16:45:05.902+0700 [DEBUG] [org.gradle.cache.internal.DefaultFileLockManager] Releasing lock on daemon addresses registry.
2026-05-17T16:45:05.903+0700 [LIFECYCLE] [org.gradle.launcher.daemon.server.Daemon] Daemon server started.
2026-05-17T16:45:05.904+0700 [DEBUG] [org.gradle.launcher.daemon.bootstrap.DaemonStartupCommunication] Completed writing the daemon greeting. Closing streams...
2026-05-17T16:45:05.915+0700 [DEBUG] [org.gradle.launcher.daemon.server.Daemon] stopOnExpiration() called on daemon
2026-05-17T16:45:05.916+0700 [DEBUG] [org.gradle.launcher.daemon.server.Daemon] awaitExpiration() called on daemon
2026-05-17T16:45:05.916+0700 [DEBUG] [org.gradle.launcher.daemon.server.DaemonStateCoordinator] daemon is running. Sleeping until state changes.
2026-05-17T16:45:05.930+0700 [DEBUG] [org.gradle.internal.remote.internal.inet.TcpIncomingConnector] Accepted connection from /127.0.0.1:56767 to /127.0.0.1:56766.
2026-05-17T16:45:06.028+0700 [DEBUG] [org.gradle.launcher.daemon.server.SynchronizedDispatchConnection] thread 34: received class org.gradle.launcher.daemon.protocol.Build
2026-05-17T16:45:06.028+0700 [DEBUG] [org.gradle.launcher.daemon.server.DefaultDaemonConnection] thread 34: Received non-IO message from client: Build{id=66b6aa04-bba8-42f3-aa97-39da13366f81, currentDir=D:\code\ecommer_fco\back-end}
2026-05-17T16:45:06.028+0700 [INFO] [org.gradle.launcher.daemon.server.DefaultIncomingConnectionHandler] Received command: Build{id=66b6aa04-bba8-42f3-aa97-39da13366f81, currentDir=D:\code\ecommer_fco\back-end}.
2026-05-17T16:45:06.028+0700 [DEBUG] [org.gradle.launcher.daemon.server.DefaultIncomingConnectionHandler] Starting executing command: Build{id=66b6aa04-bba8-42f3-aa97-39da13366f81, currentDir=D:\code\ecommer_fco\back-end} with connection: socket connection from /127.0.0.1:56766 to /127.0.0.1:56767.
2026-05-17T16:45:06.031+0700 [DEBUG] [org.gradle.launcher.daemon.server.DaemonStateCoordinator] Command execution: started DaemonCommandExecution[command = Build{id=66b6aa04-bba8-42f3-aa97-39da13366f81, currentDir=D:\code\ecommer_fco\back-end}, connection = DefaultDaemonConnection: socket connection from /127.0.0.1:56766 to /127.0.0.1:56767] after 0.003933333333333333 minutes of idle
2026-05-17T16:45:06.032+0700 [INFO] [org.gradle.launcher.daemon.server.DaemonRegistryUpdater] Marking the daemon as busy, address: [725f609a-68d7-40a6-83ec-1e87117944fa port:56766, addresses:[localhost/127.0.0.1]]
2026-05-17T16:45:06.032+0700 [DEBUG] [org.gradle.launcher.daemon.registry.PersistentDaemonRegistry] Marking busy by address: [725f609a-68d7-40a6-83ec-1e87117944fa port:56766, addresses:[localhost/127.0.0.1]]
2026-05-17T16:45:06.034+0700 [DEBUG] [org.gradle.cache.internal.DefaultFileLockManager] Waiting to acquire exclusive lock on daemon addresses registry.
2026-05-17T16:45:06.034+0700 [DEBUG] [org.gradle.cache.internal.DefaultFileLockManager] Lock acquired on daemon addresses registry.
2026-05-17T16:45:06.036+0700 [DEBUG] [org.gradle.cache.internal.DefaultFileLockManager] Releasing lock on daemon addresses registry.
2026-05-17T16:45:06.037+0700 [DEBUG] [org.gradle.launcher.daemon.server.DaemonStateCoordinator] resetting idle timer
2026-05-17T16:45:06.037+0700 [DEBUG] [org.gradle.launcher.daemon.server.DaemonStateCoordinator] daemon is running. Sleeping until state changes.
2026-05-17T16:45:06.038+0700 [INFO] [org.gradle.launcher.daemon.server.exec.StartBuildOrRespondWithBusy] Daemon is about to start building Build{id=66b6aa04-bba8-42f3-aa97-39da13366f81, currentDir=D:\code\ecommer_fco\back-end}. Dispatching build started information...
2026-05-17T16:45:06.039+0700 [DEBUG] [org.gradle.launcher.daemon.server.SynchronizedDispatchConnection] thread 36: dispatching org.gradle.launcher.daemon.protocol.BuildStarted@25e46b96
2026-05-17T16:45:06.041+0700 [DEBUG] [org.gradle.launcher.daemon.server.exec.EstablishBuildEnvironment] Configuring env variables: [USERDOMAIN_ROAMINGPROFILE, EFC_17748_1592913036, ANTIGRAVITY_EDITOR_APP_ROOT, PROCESSOR_LEVEL, SESSIONNAME, ALLUSERSPROFILE, PROCESSOR_ARCHITECTURE, PSModulePath, VSCODE_PID, SystemDrive, MOZ_PLUGIN_PATH, DIRNAME, USERNAME, ProgramFiles(x86), VSCODE_NLS_CONFIG, CHROME_CRASHPAD_PIPE_NAME, APP_HOME, DEFAULT_JVM_OPTS, PATHEXT, DriverData, OneDriveConsumer, VSCODE_CODE_CACHE_PATH, ProgramData, ProgramW6432, HOMEPATH, PROCESSOR_IDENTIFIER, ProgramFiles, PUBLIC, windir, LOCALAPPDATA, IntelliJ IDEA, USERDOMAIN, LOGONSERVER, JAVA_HOME, PROMPT, ANTIGRAVITY_TRAJECTORY_ID, OneDrive, APPDATA, GRADLE_USER_HOME, JAVA_EXE, CommonProgramFiles, EFC_17748_4126798990, Path, VSCODE_CWD, OS, COMPUTERNAME, PROCESSOR_REVISION, CLASSPATH, CommonProgramW6432, ComSpec, APP_BASE_NAME, =D:, SystemRoot, TEMP, HOMEDRIVE, USERPROFILE, TMP, CommonProgramFiles(x86), NUMBER_OF_PROCESSORS, ANTIGRAVITY_AGENT, VSCODE_IPC_HOOK]
2026-05-17T16:45:06.049+0700 [DEBUG] [org.gradle.launcher.daemon.server.exec.LogToClient] About to start relaying all logs to the client via the connection.
2026-05-17T16:45:06.049+0700 [INFO] [org.gradle.launcher.daemon.server.exec.LogToClient] The client will now receive all logging from the daemon (pid: 1396). The daemon log file: D:\code\ecommer_fco\back-end\.gradle_home\daemon\8.10.2\daemon-1396.out.log
2026-05-17T16:45:06.051+0700 [INFO] [org.gradle.launcher.daemon.server.exec.LogAndCheckHealth] Starting build in new daemon [memory: 512 MiB]
2026-05-17T16:45:06.052+0700 [DEBUG] [org.gradle.launcher.daemon.server.exec.ExecuteBuild] The daemon has started executing the build.
2026-05-17T16:45:06.052+0700 [DEBUG] [org.gradle.launcher.daemon.server.exec.ExecuteBuild] Executing build with daemon context: DefaultDaemonContext[uid=70815982-ccb9-4d72-8c42-0d72688535ba,javaHome=C:\Program Files\JetBrains\IntelliJ IDEA 2025.2.4\jbr,javaVersion=21,javaVendor=JetBrains s.r.o.,daemonRegistryDir=D:\code\ecommer_fco\back-end\.gradle_home\daemon,pid=1396,idleTimeout=10800000,priority=NORMAL,applyInstrumentationAgent=true,nativeServicesMode=ENABLED,daemonOpts=--add-opens=java.base/java.util=ALL-UNNAMED,--add-opens=java.base/java.lang=ALL-UNNAMED,--add-opens=java.base/java.lang.invoke=ALL-UNNAMED,--add-opens=java.prefs/java.util.prefs=ALL-UNNAMED,--add-exports=jdk.compiler/com.sun.tools.javac.api=ALL-UNNAMED,--add-exports=jdk.compiler/com.sun.tools.javac.util=ALL-UNNAMED,--add-opens=java.base/java.nio.charset=ALL-UNNAMED,--add-opens=java.base/java.net=ALL-UNNAMED,--add-opens=java.base/java.util.concurrent.atomic=ALL-UNNAMED,-XX:MaxMetaspaceSize=384m,-XX:+HeapDumpOnOutOfMemoryError,-Xms256m,-Xmx512m,-Dfile.encoding=UTF-8,-Duser.country=US,-Duser.language=en,-Duser.variant]
Note: Some input files use or override a deprecated API.
Note: Recompile with -Xlint:deprecation for details.

BUILD SUCCESSFUL in 21s
2 actionable tasks: 2 executed
2026-05-17T16:45:25.107+0700 [DEBUG] [org.gradle.launcher.daemon.server.exec.ExecuteBuild] The daemon has finished executing the build.
2026-05-17T16:45:25.125+0700 [DEBUG] [org.gradle.launcher.daemon.server.DaemonStateCoordinator] daemon is running. Sleeping until state changes.
2026-05-17T16:45:25.125+0700 [DEBUG] [org.gradle.launcher.daemon.server.DaemonStateCoordinator] Command execution: finished waiting for DaemonCommandExecution[command = Build{id=66b6aa04-bba8-42f3-aa97-39da13366f81, currentDir=D:\code\ecommer_fco\back-end}, connection = DefaultDaemonConnection: socket connection from /127.0.0.1:56766 to /127.0.0.1:56767]. Result org.gradle.launcher.daemon.server.DaemonStateCoordinator@2f41de46 with state Busy
2026-05-17T16:45:25.126+0700 [DEBUG] [org.gradle.launcher.daemon.server.DaemonStateCoordinator] Command execution: completed DaemonCommandExecution[command = Build{id=66b6aa04-bba8-42f3-aa97-39da13366f81, currentDir=D:\code\ecommer_fco\back-end}, connection = DefaultDaemonConnection: socket connection from /127.0.0.1:56766 to /127.0.0.1:56767]
2026-05-17T16:45:25.126+0700 [DEBUG] [org.gradle.launcher.daemon.server.DaemonStateCoordinator] resetting idle timer
2026-05-17T16:45:25.126+0700 [INFO] [org.gradle.launcher.daemon.server.DaemonRegistryUpdater] Marking the daemon as idle, address: [725f609a-68d7-40a6-83ec-1e87117944fa port:56766, addresses:[localhost/127.0.0.1]]
2026-05-17T16:45:25.126+0700 [DEBUG] [org.gradle.launcher.daemon.registry.PersistentDaemonRegistry] Marking busy by address: [725f609a-68d7-40a6-83ec-1e87117944fa port:56766, addresses:[localhost/127.0.0.1]]
2026-05-17T16:45:25.127+0700 [DEBUG] [org.gradle.cache.internal.DefaultFileLockManager] Waiting to acquire exclusive lock on daemon addresses registry.
2026-05-17T16:45:25.129+0700 [DEBUG] [org.gradle.cache.internal.DefaultFileLockManager] Lock acquired on daemon addresses registry.
2026-05-17T16:45:25.130+0700 [DEBUG] [org.gradle.cache.internal.DefaultFileLockManager] Releasing lock on daemon addresses registry.
2026-05-17T16:45:25.131+0700 [DEBUG] [org.gradle.launcher.daemon.server.DaemonStateCoordinator] daemon is running. Sleeping until state changes.
2026-05-17T16:45:25.131+0700 [DEBUG] [org.gradle.launcher.daemon.server.exec.ReturnResult] Daemon is dispatching the build result: Success[value=org.gradle.launcher.exec.BuildActionResult@6c03708e]
2026-05-17T16:45:25.131+0700 [DEBUG] [org.gradle.launcher.daemon.server.SynchronizedDispatchConnection] thread 33: dispatching Success[value=org.gradle.launcher.exec.BuildActionResult@6c03708e]
2026-05-17T16:45:25.133+0700 [DEBUG] [org.gradle.launcher.daemon.server.exec.CleanUpVirtualFileSystemAfterBuild] Cleaning virtual file system after build finished
2026-05-17T16:45:25.133+0700 [DEBUG] [org.gradle.launcher.daemon.server.SynchronizedDispatchConnection] thread 34: received class org.gradle.launcher.daemon.protocol.CloseInput
2026-05-17T16:45:25.134+0700 [DEBUG] [org.gradle.launcher.daemon.server.DefaultDaemonConnection] thread 34: Received IO message from client: org.gradle.launcher.daemon.protocol.CloseInput@35e606ba
2026-05-17T16:45:25.133+0700 [DEBUG] [org.gradle.launcher.daemon.server.DefaultIncomingConnectionHandler] Finishing executing command: Build{id=66b6aa04-bba8-42f3-aa97-39da13366f81, currentDir=D:\code\ecommer_fco\back-end}
2026-05-17T16:45:25.134+0700 [DEBUG] [org.gradle.launcher.daemon.server.SynchronizedDispatchConnection] thread 34: received class org.gradle.launcher.daemon.protocol.Finished
2026-05-17T16:45:25.135+0700 [DEBUG] [org.gradle.launcher.daemon.server.DefaultDaemonConnection] thread 34: Received non-IO message from client: org.gradle.launcher.daemon.protocol.Finished@3ea5c557
2026-05-17T16:45:25.135+0700 [DEBUG] [org.gradle.launcher.daemon.server.DefaultIncomingConnectionHandler] Received finished message: org.gradle.launcher.daemon.protocol.Finished@3ea5c557
2026-05-17T16:45:25.135+0700 [DEBUG] [org.gradle.internal.remote.internal.inet.SocketConnection] Discarding EOFException: java.io.EOFException
2026-05-17T16:45:25.135+0700 [DEBUG] [org.gradle.launcher.daemon.server.SynchronizedDispatchConnection] thread 33: stopping connection
2026-05-17T16:45:25.135+0700 [DEBUG] [org.gradle.launcher.daemon.server.SynchronizedDispatchConnection] thread 34: received null
2026-05-17T16:45:25.136+0700 [DEBUG] [org.gradle.launcher.daemon.server.DefaultDaemonConnection] thread 34: Received end-of-input from client.
2026-05-17T16:45:25.136+0700 [DEBUG] [org.gradle.launcher.daemon.server.SynchronizedDispatchConnection] thread 33: stopping connection
2026-05-17T16:45:25.935+0700 [DEBUG] [org.gradle.cache.internal.DefaultFileLockManager] Waiting to acquire shared lock on daemon addresses registry.
2026-05-17T16:45:25.936+0700 [DEBUG] [org.gradle.cache.internal.DefaultFileLockManager] Lock acquired on daemon addresses registry.
2026-05-17T16:45:25.951+0700 [DEBUG] [org.gradle.cache.internal.DefaultFileLockManager] Releasing lock on daemon addresses registry.
2026-05-17T16:45:25.953+0700 [DEBUG] [org.gradle.cache.internal.DefaultFileLockManager] Waiting to acquire shared lock on daemon addresses registry.
2026-05-17T16:45:25.953+0700 [DEBUG] [org.gradle.cache.internal.DefaultFileLockManager] Lock acquired on daemon addresses registry.
2026-05-17T16:45:25.954+0700 [DEBUG] [org.gradle.cache.internal.DefaultFileLockManager] Releasing lock on daemon addresses registry.
2026-05-17T16:45:35.932+0700 [DEBUG] [org.gradle.cache.internal.DefaultFileLockManager] Waiting to acquire shared lock on daemon addresses registry.
2026-05-17T16:45:35.932+0700 [DEBUG] [org.gradle.cache.internal.DefaultFileLockManager] Lock acquired on daemon addresses registry.
2026-05-17T16:45:35.933+0700 [DEBUG] [org.gradle.cache.internal.DefaultFileLockManager] Releasing lock on daemon addresses registry.
2026-05-17T16:45:35.934+0700 [DEBUG] [org.gradle.cache.internal.DefaultFileLockManager] Waiting to acquire shared lock on daemon addresses registry.
2026-05-17T16:45:35.934+0700 [DEBUG] [org.gradle.cache.internal.DefaultFileLockManager] Lock acquired on daemon addresses registry.
2026-05-17T16:45:35.935+0700 [DEBUG] [org.gradle.cache.internal.DefaultFileLockManager] Releasing lock on daemon addresses registry.
2026-05-17T16:45:35.936+0700 [DEBUG] [org.gradle.cache.internal.DefaultFileLockManager] Waiting to acquire shared lock on daemon addresses registry.
2026-05-17T16:45:35.936+0700 [DEBUG] [org.gradle.cache.internal.DefaultFileLockManager] Lock acquired on daemon addresses registry.
2026-05-17T16:45:35.937+0700 [DEBUG] [org.gradle.cache.internal.DefaultFileLockManager] Releasing lock on daemon addresses registry.
2026-05-17T16:45:45.929+0700 [DEBUG] [org.gradle.cache.internal.DefaultFileLockManager] Waiting to acquire shared lock on daemon addresses registry.
2026-05-17T16:45:45.930+0700 [DEBUG] [org.gradle.cache.internal.DefaultFileLockManager] Lock acquired on daemon addresses registry.
2026-05-17T16:45:45.931+0700 [DEBUG] [org.gradle.cache.internal.DefaultFileLockManager] Releasing lock on daemon addresses registry.
2026-05-17T16:45:45.934+0700 [DEBUG] [org.gradle.cache.internal.DefaultFileLockManager] Waiting to acquire shared lock on daemon addresses registry.
2026-05-17T16:45:45.935+0700 [DEBUG] [org.gradle.cache.internal.DefaultFileLockManager] Lock acquired on daemon addresses registry.
2026-05-17T16:45:45.936+0700 [DEBUG] [org.gradle.cache.internal.DefaultFileLockManager] Releasing lock on daemon addresses registry.
2026-05-17T16:45:45.938+0700 [DEBUG] [org.gradle.cache.internal.DefaultFileLockManager] Waiting to acquire shared lock on daemon addresses registry.
2026-05-17T16:45:45.939+0700 [DEBUG] [org.gradle.cache.internal.DefaultFileLockManager] Lock acquired on daemon addresses registry.
2026-05-17T16:45:45.940+0700 [DEBUG] [org.gradle.cache.internal.DefaultFileLockManager] Releasing lock on daemon addresses registry.
2026-05-17T16:45:55.917+0700 [DEBUG] [org.gradle.cache.internal.DefaultFileLockManager] Waiting to acquire shared lock on daemon addresses registry.
2026-05-17T16:45:55.918+0700 [DEBUG] [org.gradle.cache.internal.DefaultFileLockManager] Lock acquired on daemon addresses registry.
2026-05-17T16:45:55.918+0700 [DEBUG] [org.gradle.cache.internal.DefaultFileLockManager] Releasing lock on daemon addresses registry.
2026-05-17T16:45:55.920+0700 [DEBUG] [org.gradle.cache.internal.DefaultFileLockManager] Waiting to acquire shared lock on daemon addresses registry.
2026-05-17T16:45:55.920+0700 [DEBUG] [org.gradle.cache.internal.DefaultFileLockManager] Lock acquired on daemon addresses registry.
2026-05-17T16:45:55.921+0700 [DEBUG] [org.gradle.cache.internal.DefaultFileLockManager] Releasing lock on daemon addresses registry.
2026-05-17T16:45:55.922+0700 [DEBUG] [org.gradle.cache.internal.DefaultFileLockManager] Waiting to acquire shared lock on daemon addresses registry.
2026-05-17T16:45:55.922+0700 [DEBUG] [org.gradle.cache.internal.DefaultFileLockManager] Lock acquired on daemon addresses registry.
2026-05-17T16:45:55.922+0700 [DEBUG] [org.gradle.cache.internal.DefaultFileLockManager] Releasing lock on daemon addresses registry.
2026-05-17T16:46:05.922+0700 [DEBUG] [org.gradle.cache.internal.DefaultFileLockManager] Waiting to acquire shared lock on daemon addresses registry.
2026-05-17T16:46:05.922+0700 [DEBUG] [org.gradle.cache.internal.DefaultFileLockManager] Lock acquired on daemon addresses registry.
2026-05-17T16:46:05.923+0700 [DEBUG] [org.gradle.cache.internal.DefaultFileLockManager] Releasing lock on daemon addresses registry.
2026-05-17T16:46:05.924+0700 [DEBUG] [org.gradle.cache.internal.DefaultFileLockManager] Waiting to acquire shared lock on daemon addresses registry.
2026-05-17T16:46:05.924+0700 [DEBUG] [org.gradle.cache.internal.DefaultFileLockManager] Lock acquired on daemon addresses registry.
2026-05-17T16:46:05.925+0700 [DEBUG] [org.gradle.cache.internal.DefaultFileLockManager] Releasing lock on daemon addresses registry.
2026-05-17T16:46:05.926+0700 [DEBUG] [org.gradle.cache.internal.DefaultFileLockManager] Waiting to acquire shared lock on daemon addresses registry.
2026-05-17T16:46:05.926+0700 [DEBUG] [org.gradle.cache.internal.DefaultFileLockManager] Lock acquired on daemon addresses registry.
2026-05-17T16:46:05.927+0700 [DEBUG] [org.gradle.cache.internal.DefaultFileLockManager] Releasing lock on daemon addresses registry.
2026-05-17T16:46:15.918+0700 [DEBUG] [org.gradle.cache.internal.DefaultFileLockManager] Waiting to acquire shared lock on daemon addresses registry.
2026-05-17T16:46:15.918+0700 [DEBUG] [org.gradle.cache.internal.DefaultFileLockManager] Lock acquired on daemon addresses registry.
2026-05-17T16:46:15.919+0700 [DEBUG] [org.gradle.cache.internal.DefaultFileLockManager] Releasing lock on daemon addresses registry.
2026-05-17T16:46:15.920+0700 [DEBUG] [org.gradle.cache.internal.DefaultFileLockManager] Waiting to acquire shared lock on daemon addresses registry.
2026-05-17T16:46:15.921+0700 [DEBUG] [org.gradle.cache.internal.DefaultFileLockManager] Lock acquired on daemon addresses registry.
2026-05-17T16:46:15.921+0700 [DEBUG] [org.gradle.cache.internal.DefaultFileLockManager] Releasing lock on daemon addresses registry.
2026-05-17T16:46:15.922+0700 [DEBUG] [org.gradle.cache.internal.DefaultFileLockManager] Waiting to acquire shared lock on daemon addresses registry.
2026-05-17T16:46:15.922+0700 [DEBUG] [org.gradle.cache.internal.DefaultFileLockManager] Lock acquired on daemon addresses registry.
2026-05-17T16:46:15.923+0700 [DEBUG] [org.gradle.cache.internal.DefaultFileLockManager] Releasing lock on daemon addresses registry.
2026-05-17T16:46:25.923+0700 [DEBUG] [org.gradle.cache.internal.DefaultFileLockManager] Waiting to acquire shared lock on daemon addresses registry.
2026-05-17T16:46:25.923+0700 [DEBUG] [org.gradle.cache.internal.DefaultFileLockManager] Lock acquired on daemon addresses registry.
2026-05-17T16:46:25.924+0700 [DEBUG] [org.gradle.cache.internal.DefaultFileLockManager] Releasing lock on daemon addresses registry.
2026-05-17T16:46:25.924+0700 [DEBUG] [org.gradle.cache.internal.DefaultFileLockManager] Waiting to acquire shared lock on daemon addresses registry.
2026-05-17T16:46:25.924+0700 [DEBUG] [org.gradle.cache.internal.DefaultFileLockManager] Lock acquired on daemon addresses registry.
2026-05-17T16:46:25.925+0700 [DEBUG] [org.gradle.cache.internal.DefaultFileLockManager] Releasing lock on daemon addresses registry.
2026-05-17T16:46:25.925+0700 [DEBUG] [org.gradle.cache.internal.DefaultFileLockManager] Waiting to acquire shared lock on daemon addresses registry.
2026-05-17T16:46:25.925+0700 [DEBUG] [org.gradle.cache.internal.DefaultFileLockManager] Lock acquired on daemon addresses registry.
2026-05-17T16:46:25.925+0700 [DEBUG] [org.gradle.cache.internal.DefaultFileLockManager] Releasing lock on daemon addresses registry.
2026-05-17T16:46:35.916+0700 [DEBUG] [org.gradle.cache.internal.DefaultFileLockManager] Waiting to acquire shared lock on daemon addresses registry.
2026-05-17T16:46:35.916+0700 [DEBUG] [org.gradle.cache.internal.DefaultFileLockManager] Lock acquired on daemon addresses registry.
2026-05-17T16:46:35.917+0700 [DEBUG] [org.gradle.cache.internal.DefaultFileLockManager] Releasing lock on daemon addresses registry.
2026-05-17T16:46:35.918+0700 [DEBUG] [org.gradle.cache.internal.DefaultFileLockManager] Waiting to acquire shared lock on daemon addresses registry.
2026-05-17T16:46:35.919+0700 [DEBUG] [org.gradle.cache.internal.DefaultFileLockManager] Lock acquired on daemon addresses registry.
2026-05-17T16:46:35.920+0700 [DEBUG] [org.gradle.cache.internal.DefaultFileLockManager] Releasing lock on daemon addresses registry.
2026-05-17T16:46:35.921+0700 [DEBUG] [org.gradle.cache.internal.DefaultFileLockManager] Waiting to acquire shared lock on daemon addresses registry.
2026-05-17T16:46:35.921+0700 [DEBUG] [org.gradle.cache.internal.DefaultFileLockManager] Lock acquired on daemon addresses registry.
2026-05-17T16:46:35.921+0700 [DEBUG] [org.gradle.cache.internal.DefaultFileLockManager] Releasing lock on daemon addresses registry.
2026-05-17T16:46:45.918+0700 [DEBUG] [org.gradle.cache.internal.DefaultFileLockManager] Waiting to acquire shared lock on daemon addresses registry.
2026-05-17T16:46:45.919+0700 [DEBUG] [org.gradle.cache.internal.DefaultFileLockManager] Lock acquired on daemon addresses registry.
2026-05-17T16:46:45.920+0700 [DEBUG] [org.gradle.cache.internal.DefaultFileLockManager] Releasing lock on daemon addresses registry.
2026-05-17T16:46:45.921+0700 [DEBUG] [org.gradle.cache.internal.DefaultFileLockManager] Waiting to acquire shared lock on daemon addresses registry.
2026-05-17T16:46:45.921+0700 [DEBUG] [org.gradle.cache.internal.DefaultFileLockManager] Lock acquired on daemon addresses registry.
2026-05-17T16:46:45.922+0700 [DEBUG] [org.gradle.cache.internal.DefaultFileLockManager] Releasing lock on daemon addresses registry.
2026-05-17T16:46:45.923+0700 [DEBUG] [org.gradle.cache.internal.DefaultFileLockManager] Waiting to acquire shared lock on daemon addresses registry.
2026-05-17T16:46:45.923+0700 [DEBUG] [org.gradle.cache.internal.DefaultFileLockManager] Lock acquired on daemon addresses registry.
2026-05-17T16:46:45.924+0700 [DEBUG] [org.gradle.cache.internal.DefaultFileLockManager] Releasing lock on daemon addresses registry.
2026-05-17T16:46:55.928+0700 [DEBUG] [org.gradle.cache.internal.DefaultFileLockManager] Waiting to acquire shared lock on daemon addresses registry.
2026-05-17T16:46:55.929+0700 [DEBUG] [org.gradle.cache.internal.DefaultFileLockManager] Lock acquired on daemon addresses registry.
2026-05-17T16:46:55.929+0700 [DEBUG] [org.gradle.cache.internal.DefaultFileLockManager] Releasing lock on daemon addresses registry.
2026-05-17T16:46:55.929+0700 [DEBUG] [org.gradle.cache.internal.DefaultFileLockManager] Waiting to acquire shared lock on daemon addresses registry.
2026-05-17T16:46:55.930+0700 [DEBUG] [org.gradle.cache.internal.DefaultFileLockManager] Lock acquired on daemon addresses registry.
2026-05-17T16:46:55.930+0700 [DEBUG] [org.gradle.cache.internal.DefaultFileLockManager] Releasing lock on daemon addresses registry.
2026-05-17T16:46:55.930+0700 [DEBUG] [org.gradle.cache.internal.DefaultFileLockManager] Waiting to acquire shared lock on daemon addresses registry.
2026-05-17T16:46:55.930+0700 [DEBUG] [org.gradle.cache.internal.DefaultFileLockManager] Lock acquired on daemon addresses registry.
2026-05-17T16:46:55.931+0700 [DEBUG] [org.gradle.cache.internal.DefaultFileLockManager] Releasing lock on daemon addresses registry.
2026-05-17T16:47:05.921+0700 [DEBUG] [org.gradle.cache.internal.DefaultFileLockManager] Waiting to acquire shared lock on daemon addresses registry.
2026-05-17T16:47:05.923+0700 [DEBUG] [org.gradle.cache.internal.DefaultFileLockManager] Lock acquired on daemon addresses registry.
2026-05-17T16:47:05.924+0700 [DEBUG] [org.gradle.cache.internal.DefaultFileLockManager] Releasing lock on daemon addresses registry.
2026-05-17T16:47:05.926+0700 [DEBUG] [org.gradle.cache.internal.DefaultFileLockManager] Waiting to acquire shared lock on daemon addresses registry.
2026-05-17T16:47:05.926+0700 [DEBUG] [org.gradle.cache.internal.DefaultFileLockManager] Lock acquired on daemon addresses registry.
2026-05-17T16:47:05.926+0700 [DEBUG] [org.gradle.cache.internal.DefaultFileLockManager] Releasing lock on daemon addresses registry.
2026-05-17T16:47:05.928+0700 [DEBUG] [org.gradle.cache.internal.DefaultFileLockManager] Waiting to acquire shared lock on daemon addresses registry.
2026-05-17T16:47:05.929+0700 [DEBUG] [org.gradle.cache.internal.DefaultFileLockManager] Lock acquired on daemon addresses registry.
2026-05-17T16:47:05.930+0700 [DEBUG] [org.gradle.cache.internal.DefaultFileLockManager] Releasing lock on daemon addresses registry.
2026-05-17T16:47:15.927+0700 [DEBUG] [org.gradle.cache.internal.DefaultFileLockManager] Waiting to acquire shared lock on daemon addresses registry.
2026-05-17T16:47:15.928+0700 [DEBUG] [org.gradle.cache.internal.DefaultFileLockManager] Lock acquired on daemon addresses registry.
2026-05-17T16:47:15.929+0700 [DEBUG] [org.gradle.cache.internal.DefaultFileLockManager] Releasing lock on daemon addresses registry.
2026-05-17T16:47:15.932+0700 [DEBUG] [org.gradle.cache.internal.DefaultFileLockManager] Waiting to acquire shared lock on daemon addresses registry.
2026-05-17T16:47:15.933+0700 [DEBUG] [org.gradle.cache.internal.DefaultFileLockManager] Lock acquired on daemon addresses registry.
2026-05-17T16:47:15.934+0700 [DEBUG] [org.gradle.cache.internal.DefaultFileLockManager] Releasing lock on daemon addresses registry.
2026-05-17T16:47:15.936+0700 [DEBUG] [org.gradle.cache.internal.DefaultFileLockManager] Waiting to acquire shared lock on daemon addresses registry.
2026-05-17T16:47:15.936+0700 [DEBUG] [org.gradle.cache.internal.DefaultFileLockManager] Lock acquired on daemon addresses registry.
2026-05-17T16:47:15.937+0700 [DEBUG] [org.gradle.cache.internal.DefaultFileLockManager] Releasing lock on daemon addresses registry.
2026-05-17T16:47:25.920+0700 [DEBUG] [org.gradle.cache.internal.DefaultFileLockManager] Waiting to acquire shared lock on daemon addresses registry.
2026-05-17T16:47:25.921+0700 [DEBUG] [org.gradle.cache.internal.DefaultFileLockManager] Lock acquired on daemon addresses registry.
2026-05-17T16:47:25.921+0700 [DEBUG] [org.gradle.cache.internal.DefaultFileLockManager] Releasing lock on daemon addresses registry.
2026-05-17T16:47:25.923+0700 [DEBUG] [org.gradle.cache.internal.DefaultFileLockManager] Waiting to acquire shared lock on daemon addresses registry.
2026-05-17T16:47:25.923+0700 [DEBUG] [org.gradle.cache.internal.DefaultFileLockManager] Lock acquired on daemon addresses registry.
2026-05-17T16:47:25.924+0700 [DEBUG] [org.gradle.cache.internal.DefaultFileLockManager] Releasing lock on daemon addresses registry.
2026-05-17T16:47:25.925+0700 [DEBUG] [org.gradle.cache.internal.DefaultFileLockManager] Waiting to acquire shared lock on daemon addresses registry.
2026-05-17T16:47:25.926+0700 [DEBUG] [org.gradle.cache.internal.DefaultFileLockManager] Lock acquired on daemon addresses registry.
2026-05-17T16:47:25.926+0700 [DEBUG] [org.gradle.cache.internal.DefaultFileLockManager] Releasing lock on daemon addresses registry.
2026-05-17T16:47:35.920+0700 [DEBUG] [org.gradle.cache.internal.DefaultFileLockManager] Waiting to acquire shared lock on daemon addresses registry.
2026-05-17T16:47:35.921+0700 [DEBUG] [org.gradle.cache.internal.DefaultFileLockManager] Lock acquired on daemon addresses registry.
2026-05-17T16:47:35.922+0700 [DEBUG] [org.gradle.cache.internal.DefaultFileLockManager] Releasing lock on daemon addresses registry.
2026-05-17T16:47:35.925+0700 [DEBUG] [org.gradle.cache.internal.DefaultFileLockManager] Waiting to acquire shared lock on daemon addresses registry.
2026-05-17T16:47:35.926+0700 [DEBUG] [org.gradle.cache.internal.DefaultFileLockManager] Lock acquired on daemon addresses registry.
2026-05-17T16:47:35.927+0700 [DEBUG] [org.gradle.cache.internal.DefaultFileLockManager] Releasing lock on daemon addresses registry.
2026-05-17T16:47:35.929+0700 [DEBUG] [org.gradle.cache.internal.DefaultFileLockManager] Waiting to acquire shared lock on daemon addresses registry.
2026-05-17T16:47:35.929+0700 [DEBUG] [org.gradle.cache.internal.DefaultFileLockManager] Lock acquired on daemon addresses registry.
2026-05-17T16:47:35.930+0700 [DEBUG] [org.gradle.cache.internal.DefaultFileLockManager] Releasing lock on daemon addresses registry.
2026-05-17T16:47:45.919+0700 [DEBUG] [org.gradle.cache.internal.DefaultFileLockManager] Waiting to acquire shared lock on daemon addresses registry.
2026-05-17T16:47:45.920+0700 [DEBUG] [org.gradle.cache.internal.DefaultFileLockManager] Lock acquired on daemon addresses registry.
2026-05-17T16:47:45.921+0700 [DEBUG] [org.gradle.cache.internal.DefaultFileLockManager] Releasing lock on daemon addresses registry.
2026-05-17T16:47:45.923+0700 [DEBUG] [org.gradle.cache.internal.DefaultFileLockManager] Waiting to acquire shared lock on daemon addresses registry.
2026-05-17T16:47:45.924+0700 [DEBUG] [org.gradle.cache.internal.DefaultFileLockManager] Lock acquired on daemon addresses registry.
2026-05-17T16:47:45.924+0700 [DEBUG] [org.gradle.cache.internal.DefaultFileLockManager] Releasing lock on daemon addresses registry.
2026-05-17T16:47:45.925+0700 [DEBUG] [org.gradle.cache.internal.DefaultFileLockManager] Waiting to acquire shared lock on daemon addresses registry.
2026-05-17T16:47:45.926+0700 [DEBUG] [org.gradle.cache.internal.DefaultFileLockManager] Lock acquired on daemon addresses registry.
2026-05-17T16:47:45.927+0700 [DEBUG] [org.gradle.cache.internal.DefaultFileLockManager] Releasing lock on daemon addresses registry.
2026-05-17T16:47:55.927+0700 [DEBUG] [org.gradle.cache.internal.DefaultFileLockManager] Waiting to acquire shared lock on daemon addresses registry.
2026-05-17T16:47:55.927+0700 [DEBUG] [org.gradle.cache.internal.DefaultFileLockManager] Lock acquired on daemon addresses registry.
2026-05-17T16:47:55.929+0700 [DEBUG] [org.gradle.cache.internal.DefaultFileLockManager] Releasing lock on daemon addresses registry.
2026-05-17T16:47:55.931+0700 [DEBUG] [org.gradle.cache.internal.DefaultFileLockManager] Waiting to acquire shared lock on daemon addresses registry.
2026-05-17T16:47:55.932+0700 [DEBUG] [org.gradle.cache.internal.DefaultFileLockManager] Lock acquired on daemon addresses registry.
2026-05-17T16:47:55.932+0700 [DEBUG] [org.gradle.cache.internal.DefaultFileLockManager] Releasing lock on daemon addresses registry.
2026-05-17T16:47:55.934+0700 [DEBUG] [org.gradle.cache.internal.DefaultFileLockManager] Waiting to acquire shared lock on daemon addresses registry.
2026-05-17T16:47:55.934+0700 [DEBUG] [org.gradle.cache.internal.DefaultFileLockManager] Lock acquired on daemon addresses registry.
2026-05-17T16:47:55.935+0700 [DEBUG] [org.gradle.cache.internal.DefaultFileLockManager] Releasing lock on daemon addresses registry.
2026-05-17T16:48:05.925+0700 [DEBUG] [org.gradle.cache.internal.DefaultFileLockManager] Waiting to acquire shared lock on daemon addresses registry.
2026-05-17T16:48:05.926+0700 [DEBUG] [org.gradle.cache.internal.DefaultFileLockManager] Lock acquired on daemon addresses registry.
2026-05-17T16:48:05.926+0700 [DEBUG] [org.gradle.cache.internal.DefaultFileLockManager] Releasing lock on daemon addresses registry.
2026-05-17T16:48:05.928+0700 [DEBUG] [org.gradle.cache.internal.DefaultFileLockManager] Waiting to acquire shared lock on daemon addresses registry.
2026-05-17T16:48:05.928+0700 [DEBUG] [org.gradle.cache.internal.DefaultFileLockManager] Lock acquired on daemon addresses registry.
2026-05-17T16:48:05.929+0700 [DEBUG] [org.gradle.cache.internal.DefaultFileLockManager] Releasing lock on daemon addresses registry.
2026-05-17T16:48:05.929+0700 [DEBUG] [org.gradle.cache.internal.DefaultFileLockManager] Waiting to acquire shared lock on daemon addresses registry.
2026-05-17T16:48:05.930+0700 [DEBUG] [org.gradle.cache.internal.DefaultFileLockManager] Lock acquired on daemon addresses registry.
2026-05-17T16:48:05.930+0700 [DEBUG] [org.gradle.cache.internal.DefaultFileLockManager] Releasing lock on daemon addresses registry.
2026-05-17T16:48:15.923+0700 [DEBUG] [org.gradle.cache.internal.DefaultFileLockManager] Waiting to acquire shared lock on daemon addresses registry.
2026-05-17T16:48:15.923+0700 [DEBUG] [org.gradle.cache.internal.DefaultFileLockManager] Lock acquired on daemon addresses registry.
2026-05-17T16:48:15.924+0700 [DEBUG] [org.gradle.cache.internal.DefaultFileLockManager] Releasing lock on daemon addresses registry.
2026-05-17T16:48:15.926+0700 [DEBUG] [org.gradle.cache.internal.DefaultFileLockManager] Waiting to acquire shared lock on daemon addresses registry.
2026-05-17T16:48:15.927+0700 [DEBUG] [org.gradle.cache.internal.DefaultFileLockManager] Lock acquired on daemon addresses registry.
2026-05-17T16:48:15.927+0700 [DEBUG] [org.gradle.cache.internal.DefaultFileLockManager] Releasing lock on daemon addresses registry.
2026-05-17T16:48:15.928+0700 [DEBUG] [org.gradle.cache.internal.DefaultFileLockManager] Waiting to acquire shared lock on daemon addresses registry.
2026-05-17T16:48:15.928+0700 [DEBUG] [org.gradle.cache.internal.DefaultFileLockManager] Lock acquired on daemon addresses registry.
2026-05-17T16:48:15.929+0700 [DEBUG] [org.gradle.cache.internal.DefaultFileLockManager] Releasing lock on daemon addresses registry.
2026-05-17T16:48:25.922+0700 [DEBUG] [org.gradle.cache.internal.DefaultFileLockManager] Waiting to acquire shared lock on daemon addresses registry.
2026-05-17T16:48:25.922+0700 [DEBUG] [org.gradle.cache.internal.DefaultFileLockManager] Lock acquired on daemon addresses registry.
2026-05-17T16:48:25.923+0700 [DEBUG] [org.gradle.cache.internal.DefaultFileLockManager] Releasing lock on daemon addresses registry.
2026-05-17T16:48:25.923+0700 [DEBUG] [org.gradle.cache.internal.DefaultFileLockManager] Waiting to acquire shared lock on daemon addresses registry.
2026-05-17T16:48:25.923+0700 [DEBUG] [org.gradle.cache.internal.DefaultFileLockManager] Lock acquired on daemon addresses registry.
2026-05-17T16:48:25.923+0700 [DEBUG] [org.gradle.cache.internal.DefaultFileLockManager] Releasing lock on daemon addresses registry.
2026-05-17T16:48:25.923+0700 [DEBUG] [org.gradle.cache.internal.DefaultFileLockManager] Waiting to acquire shared lock on daemon addresses registry.
2026-05-17T16:48:25.924+0700 [DEBUG] [org.gradle.cache.internal.DefaultFileLockManager] Lock acquired on daemon addresses registry.
2026-05-17T16:48:25.924+0700 [DEBUG] [org.gradle.cache.internal.DefaultFileLockManager] Releasing lock on daemon addresses registry.
2026-05-17T16:48:35.918+0700 [DEBUG] [org.gradle.cache.internal.DefaultFileLockManager] Waiting to acquire shared lock on daemon addresses registry.
2026-05-17T16:48:35.918+0700 [DEBUG] [org.gradle.cache.internal.DefaultFileLockManager] Lock acquired on daemon addresses registry.
2026-05-17T16:48:35.918+0700 [DEBUG] [org.gradle.cache.internal.DefaultFileLockManager] Releasing lock on daemon addresses registry.
2026-05-17T16:48:35.919+0700 [DEBUG] [org.gradle.cache.internal.DefaultFileLockManager] Waiting to acquire shared lock on daemon addresses registry.
2026-05-17T16:48:35.919+0700 [DEBUG] [org.gradle.cache.internal.DefaultFileLockManager] Lock acquired on daemon addresses registry.
2026-05-17T16:48:35.919+0700 [DEBUG] [org.gradle.cache.internal.DefaultFileLockManager] Releasing lock on daemon addresses registry.
2026-05-17T16:48:35.919+0700 [DEBUG] [org.gradle.cache.internal.DefaultFileLockManager] Waiting to acquire shared lock on daemon addresses registry.
2026-05-17T16:48:35.919+0700 [DEBUG] [org.gradle.cache.internal.DefaultFileLockManager] Lock acquired on daemon addresses registry.
2026-05-17T16:48:35.919+0700 [DEBUG] [org.gradle.cache.internal.DefaultFileLockManager] Releasing lock on daemon addresses registry.
2026-05-17T16:48:45.926+0700 [DEBUG] [org.gradle.cache.internal.DefaultFileLockManager] Waiting to acquire shared lock on daemon addresses registry.
2026-05-17T16:48:45.927+0700 [DEBUG] [org.gradle.cache.internal.DefaultFileLockManager] Lock acquired on daemon addresses registry.
2026-05-17T16:48:45.928+0700 [DEBUG] [org.gradle.cache.internal.DefaultFileLockManager] Releasing lock on daemon addresses registry.
2026-05-17T16:48:45.930+0700 [DEBUG] [org.gradle.cache.internal.DefaultFileLockManager] Waiting to acquire shared lock on daemon addresses registry.
2026-05-17T16:48:45.930+0700 [DEBUG] [org.gradle.cache.internal.DefaultFileLockManager] Lock acquired on daemon addresses registry.
2026-05-17T16:48:45.930+0700 [DEBUG] [org.gradle.cache.internal.DefaultFileLockManager] Releasing lock on daemon addresses registry.
2026-05-17T16:48:45.931+0700 [DEBUG] [org.gradle.cache.internal.DefaultFileLockManager] Waiting to acquire shared lock on daemon addresses registry.
2026-05-17T16:48:45.931+0700 [DEBUG] [org.gradle.cache.internal.DefaultFileLockManager] Lock acquired on daemon addresses registry.
2026-05-17T16:48:45.931+0700 [DEBUG] [org.gradle.cache.internal.DefaultFileLockManager] Releasing lock on daemon addresses registry.
2026-05-17T16:48:55.926+0700 [DEBUG] [org.gradle.cache.internal.DefaultFileLockManager] Waiting to acquire shared lock on daemon addresses registry.
2026-05-17T16:48:55.926+0700 [DEBUG] [org.gradle.cache.internal.DefaultFileLockManager] Lock acquired on daemon addresses registry.
2026-05-17T16:48:55.927+0700 [DEBUG] [org.gradle.cache.internal.DefaultFileLockManager] Releasing lock on daemon addresses registry.
2026-05-17T16:48:55.928+0700 [DEBUG] [org.gradle.cache.internal.DefaultFileLockManager] Waiting to acquire shared lock on daemon addresses registry.
2026-05-17T16:48:55.928+0700 [DEBUG] [org.gradle.cache.internal.DefaultFileLockManager] Lock acquired on daemon addresses registry.
2026-05-17T16:48:55.929+0700 [DEBUG] [org.gradle.cache.internal.DefaultFileLockManager] Releasing lock on daemon addresses registry.
2026-05-17T16:48:55.930+0700 [DEBUG] [org.gradle.cache.internal.DefaultFileLockManager] Waiting to acquire shared lock on daemon addresses registry.
2026-05-17T16:48:55.930+0700 [DEBUG] [org.gradle.cache.internal.DefaultFileLockManager] Lock acquired on daemon addresses registry.
2026-05-17T16:48:55.930+0700 [DEBUG] [org.gradle.cache.internal.DefaultFileLockManager] Releasing lock on daemon addresses registry.
2026-05-17T16:49:05.929+0700 [DEBUG] [org.gradle.cache.internal.DefaultFileLockManager] Waiting to acquire shared lock on daemon addresses registry.
2026-05-17T16:49:05.930+0700 [DEBUG] [org.gradle.cache.internal.DefaultFileLockManager] Lock acquired on daemon addresses registry.
2026-05-17T16:49:05.930+0700 [DEBUG] [org.gradle.cache.internal.DefaultFileLockManager] Releasing lock on daemon addresses registry.
2026-05-17T16:49:05.931+0700 [DEBUG] [org.gradle.cache.internal.DefaultFileLockManager] Waiting to acquire shared lock on daemon addresses registry.
2026-05-17T16:49:05.932+0700 [DEBUG] [org.gradle.cache.internal.DefaultFileLockManager] Lock acquired on daemon addresses registry.
2026-05-17T16:49:05.932+0700 [DEBUG] [org.gradle.cache.internal.DefaultFileLockManager] Releasing lock on daemon addresses registry.
2026-05-17T16:49:05.933+0700 [DEBUG] [org.gradle.cache.internal.DefaultFileLockManager] Waiting to acquire shared lock on daemon addresses registry.
2026-05-17T16:49:05.933+0700 [DEBUG] [org.gradle.cache.internal.DefaultFileLockManager] Lock acquired on daemon addresses registry.
2026-05-17T16:49:05.933+0700 [DEBUG] [org.gradle.cache.internal.DefaultFileLockManager] Releasing lock on daemon addresses registry.
2026-05-17T16:49:15.933+0700 [DEBUG] [org.gradle.cache.internal.DefaultFileLockManager] Waiting to acquire shared lock on daemon addresses registry.
2026-05-17T16:49:15.933+0700 [DEBUG] [org.gradle.cache.internal.DefaultFileLockManager] Lock acquired on daemon addresses registry.
2026-05-17T16:49:15.934+0700 [DEBUG] [org.gradle.cache.internal.DefaultFileLockManager] Releasing lock on daemon addresses registry.
2026-05-17T16:49:15.936+0700 [DEBUG] [org.gradle.cache.internal.DefaultFileLockManager] Waiting to acquire shared lock on daemon addresses registry.
2026-05-17T16:49:15.936+0700 [DEBUG] [org.gradle.cache.internal.DefaultFileLockManager] Lock acquired on daemon addresses registry.
2026-05-17T16:49:15.937+0700 [DEBUG] [org.gradle.cache.internal.DefaultFileLockManager] Releasing lock on daemon addresses registry.
2026-05-17T16:49:15.938+0700 [DEBUG] [org.gradle.cache.internal.DefaultFileLockManager] Waiting to acquire shared lock on daemon addresses registry.
2026-05-17T16:49:15.939+0700 [DEBUG] [org.gradle.cache.internal.DefaultFileLockManager] Lock acquired on daemon addresses registry.
2026-05-17T16:49:15.939+0700 [DEBUG] [org.gradle.cache.internal.DefaultFileLockManager] Releasing lock on daemon addresses registry.
2026-05-17T16:49:16.258+0700 [DEBUG] [org.gradle.internal.watch.vfs.impl.WatchingVirtualFileSystem] Handling VFS change MODIFIED D:\code\ecommer_fco\back-end\src\main\java\com\fco\platform\auth\infrastructure\jwt\JwtTokenFilter.java
2026-05-17T16:49:25.929+0700 [DEBUG] [org.gradle.cache.internal.DefaultFileLockManager] Waiting to acquire shared lock on daemon addresses registry.
2026-05-17T16:49:25.929+0700 [DEBUG] [org.gradle.cache.internal.DefaultFileLockManager] Lock acquired on daemon addresses registry.
2026-05-17T16:49:25.930+0700 [DEBUG] [org.gradle.cache.internal.DefaultFileLockManager] Releasing lock on daemon addresses registry.
2026-05-17T16:49:25.930+0700 [DEBUG] [org.gradle.cache.internal.DefaultFileLockManager] Waiting to acquire shared lock on daemon addresses registry.
2026-05-17T16:49:25.931+0700 [DEBUG] [org.gradle.cache.internal.DefaultFileLockManager] Lock acquired on daemon addresses registry.
2026-05-17T16:49:25.931+0700 [DEBUG] [org.gradle.cache.internal.DefaultFileLockManager] Releasing lock on daemon addresses registry.
2026-05-17T16:49:25.931+0700 [DEBUG] [org.gradle.cache.internal.DefaultFileLockManager] Waiting to acquire shared lock on daemon addresses registry.
2026-05-17T16:49:25.932+0700 [DEBUG] [org.gradle.cache.internal.DefaultFileLockManager] Lock acquired on daemon addresses registry.
2026-05-17T16:49:25.932+0700 [DEBUG] [org.gradle.cache.internal.DefaultFileLockManager] Releasing lock on daemon addresses registry.
2026-05-17T16:49:35.917+0700 [DEBUG] [org.gradle.cache.internal.DefaultFileLockManager] Waiting to acquire shared lock on daemon addresses registry.
2026-05-17T16:49:35.917+0700 [DEBUG] [org.gradle.cache.internal.DefaultFileLockManager] Lock acquired on daemon addresses registry.
2026-05-17T16:49:35.917+0700 [DEBUG] [org.gradle.cache.internal.DefaultFileLockManager] Releasing lock on daemon addresses registry.
2026-05-17T16:49:35.918+0700 [DEBUG] [org.gradle.cache.internal.DefaultFileLockManager] Waiting to acquire shared lock on daemon addresses registry.
2026-05-17T16:49:35.918+0700 [DEBUG] [org.gradle.cache.internal.DefaultFileLockManager] Lock acquired on daemon addresses registry.
2026-05-17T16:49:35.918+0700 [DEBUG] [org.gradle.cache.internal.DefaultFileLockManager] Releasing lock on daemon addresses registry.
2026-05-17T16:49:35.919+0700 [DEBUG] [org.gradle.cache.internal.DefaultFileLockManager] Waiting to acquire shared lock on daemon addresses registry.
2026-05-17T16:49:35.919+0700 [DEBUG] [org.gradle.cache.internal.DefaultFileLockManager] Lock acquired on daemon addresses registry.
2026-05-17T16:49:35.919+0700 [DEBUG] [org.gradle.cache.internal.DefaultFileLockManager] Releasing lock on daemon addresses registry.
2026-05-17T16:49:37.175+0700 [DEBUG] [org.gradle.internal.remote.internal.inet.TcpIncomingConnector] Accepted connection from /127.0.0.1:61902 to /127.0.0.1:56766.
2026-05-17T16:49:37.216+0700 [DEBUG] [org.gradle.launcher.daemon.server.SynchronizedDispatchConnection] thread 235: received class org.gradle.launcher.daemon.protocol.Build
2026-05-17T16:49:37.216+0700 [DEBUG] [org.gradle.launcher.daemon.server.DefaultDaemonConnection] thread 235: Received non-IO message from client: Build{id=0f5f38f7-a04c-4f49-b8b5-e91430716630, currentDir=D:\code\ecommer_fco\back-end}
2026-05-17T16:49:37.216+0700 [INFO] [org.gradle.launcher.daemon.server.DefaultIncomingConnectionHandler] Received command: Build{id=0f5f38f7-a04c-4f49-b8b5-e91430716630, currentDir=D:\code\ecommer_fco\back-end}.
2026-05-17T16:49:37.216+0700 [DEBUG] [org.gradle.launcher.daemon.server.DefaultIncomingConnectionHandler] Starting executing command: Build{id=0f5f38f7-a04c-4f49-b8b5-e91430716630, currentDir=D:\code\ecommer_fco\back-end} with connection: socket connection from /127.0.0.1:56766 to /127.0.0.1:61902.
2026-05-17T16:49:37.217+0700 [DEBUG] [org.gradle.launcher.daemon.server.DaemonStateCoordinator] Command execution: started DaemonCommandExecution[command = Build{id=0f5f38f7-a04c-4f49-b8b5-e91430716630, currentDir=D:\code\ecommer_fco\back-end}, connection = DefaultDaemonConnection: socket connection from /127.0.0.1:56766 to /127.0.0.1:61902] after 4.2015 minutes of idle
2026-05-17T16:49:37.217+0700 [INFO] [org.gradle.launcher.daemon.server.DaemonRegistryUpdater] Marking the daemon as busy, address: [725f609a-68d7-40a6-83ec-1e87117944fa port:56766, addresses:[localhost/127.0.0.1]]
2026-05-17T16:49:37.217+0700 [DEBUG] [org.gradle.launcher.daemon.registry.PersistentDaemonRegistry] Marking busy by address: [725f609a-68d7-40a6-83ec-1e87117944fa port:56766, addresses:[localhost/127.0.0.1]]
2026-05-17T16:49:37.217+0700 [DEBUG] [org.gradle.cache.internal.DefaultFileLockManager] Waiting to acquire exclusive lock on daemon addresses registry.
2026-05-17T16:49:37.217+0700 [DEBUG] [org.gradle.cache.internal.DefaultFileLockManager] Lock acquired on daemon addresses registry.
2026-05-17T16:49:37.218+0700 [DEBUG] [org.gradle.cache.internal.DefaultFileLockManager] Releasing lock on daemon addresses registry.
2026-05-17T16:49:37.219+0700 [DEBUG] [org.gradle.launcher.daemon.server.DaemonStateCoordinator] resetting idle timer
2026-05-17T16:49:37.219+0700 [DEBUG] [org.gradle.launcher.daemon.server.DaemonStateCoordinator] daemon is running. Sleeping until state changes.
2026-05-17T16:49:37.219+0700 [INFO] [org.gradle.launcher.daemon.server.exec.StartBuildOrRespondWithBusy] Daemon is about to start building Build{id=0f5f38f7-a04c-4f49-b8b5-e91430716630, currentDir=D:\code\ecommer_fco\back-end}. Dispatching build started information...
2026-05-17T16:49:37.220+0700 [DEBUG] [org.gradle.launcher.daemon.server.SynchronizedDispatchConnection] thread 237: dispatching org.gradle.launcher.daemon.protocol.BuildStarted@190b000
2026-05-17T16:49:37.220+0700 [DEBUG] [org.gradle.launcher.daemon.server.exec.EstablishBuildEnvironment] Configuring env variables: [USERDOMAIN_ROAMINGPROFILE, EFC_17748_1592913036, ANTIGRAVITY_EDITOR_APP_ROOT, PROCESSOR_LEVEL, SESSIONNAME, ALLUSERSPROFILE, PROCESSOR_ARCHITECTURE, PSModulePath, VSCODE_PID, SystemDrive, MOZ_PLUGIN_PATH, DIRNAME, USERNAME, ProgramFiles(x86), VSCODE_NLS_CONFIG, CHROME_CRASHPAD_PIPE_NAME, APP_HOME, DEFAULT_JVM_OPTS, PATHEXT, DriverData, OneDriveConsumer, VSCODE_CODE_CACHE_PATH, ProgramData, ProgramW6432, HOMEPATH, PROCESSOR_IDENTIFIER, ProgramFiles, PUBLIC, windir, LOCALAPPDATA, IntelliJ IDEA, USERDOMAIN, LOGONSERVER, JAVA_HOME, PROMPT, ANTIGRAVITY_TRAJECTORY_ID, OneDrive, APPDATA, GRADLE_USER_HOME, JAVA_EXE, CommonProgramFiles, EFC_17748_4126798990, Path, VSCODE_CWD, OS, COMPUTERNAME, PROCESSOR_REVISION, CLASSPATH, CommonProgramW6432, ComSpec, APP_BASE_NAME, =D:, SystemRoot, TEMP, HOMEDRIVE, USERPROFILE, TMP, CommonProgramFiles(x86), NUMBER_OF_PROCESSORS, ANTIGRAVITY_AGENT, VSCODE_IPC_HOOK]
2026-05-17T16:49:37.222+0700 [DEBUG] [org.gradle.launcher.daemon.server.exec.LogToClient] About to start relaying all logs to the client via the connection.
2026-05-17T16:49:37.223+0700 [INFO] [org.gradle.launcher.daemon.server.exec.LogToClient] The client will now receive all logging from the daemon (pid: 1396). The daemon log file: D:\code\ecommer_fco\back-end\.gradle_home\daemon\8.10.2\daemon-1396.out.log
2026-05-17T16:49:37.224+0700 [INFO] [org.gradle.launcher.daemon.server.exec.LogAndCheckHealth] Starting 2nd build in daemon [uptime: 4 mins 31.617 secs, performance: 100%, GC rate: 0.00/s, heap usage: 0% of 512 MiB, non-heap usage: 15% of 384 MiB]
2026-05-17T16:49:37.224+0700 [DEBUG] [org.gradle.launcher.daemon.server.exec.ExecuteBuild] The daemon has started executing the build.
2026-05-17T16:49:37.224+0700 [DEBUG] [org.gradle.launcher.daemon.server.exec.ExecuteBuild] Executing build with daemon context: DefaultDaemonContext[uid=70815982-ccb9-4d72-8c42-0d72688535ba,javaHome=C:\Program Files\JetBrains\IntelliJ IDEA 2025.2.4\jbr,javaVersion=21,javaVendor=JetBrains s.r.o.,daemonRegistryDir=D:\code\ecommer_fco\back-end\.gradle_home\daemon,pid=1396,idleTimeout=10800000,priority=NORMAL,applyInstrumentationAgent=true,nativeServicesMode=ENABLED,daemonOpts=--add-opens=java.base/java.util=ALL-UNNAMED,--add-opens=java.base/java.lang=ALL-UNNAMED,--add-opens=java.base/java.lang.invoke=ALL-UNNAMED,--add-opens=java.prefs/java.util.prefs=ALL-UNNAMED,--add-exports=jdk.compiler/com.sun.tools.javac.api=ALL-UNNAMED,--add-exports=jdk.compiler/com.sun.tools.javac.util=ALL-UNNAMED,--add-opens=java.base/java.nio.charset=ALL-UNNAMED,--add-opens=java.base/java.net=ALL-UNNAMED,--add-opens=java.base/java.util.concurrent.atomic=ALL-UNNAMED,-XX:MaxMetaspaceSize=384m,-XX:+HeapDumpOnOutOfMemoryError,-Xms256m,-Xmx512m,-Dfile.encoding=UTF-8,-Duser.country=US,-Duser.language=en,-Duser.variant]
Note: Some input files use or override a deprecated API.
Note: Recompile with -Xlint:deprecation for details.

BUILD SUCCESSFUL in 5s
2 actionable tasks: 2 executed
2026-05-17T16:49:41.946+0700 [DEBUG] [org.gradle.launcher.daemon.server.exec.ExecuteBuild] The daemon has finished executing the build.
2026-05-17T16:49:41.964+0700 [DEBUG] [org.gradle.launcher.daemon.server.DaemonStateCoordinator] daemon is running. Sleeping until state changes.
2026-05-17T16:49:41.964+0700 [DEBUG] [org.gradle.launcher.daemon.server.DaemonStateCoordinator] Command execution: finished waiting for DaemonCommandExecution[command = Build{id=0f5f38f7-a04c-4f49-b8b5-e91430716630, currentDir=D:\code\ecommer_fco\back-end}, connection = DefaultDaemonConnection: socket connection from /127.0.0.1:56766 to /127.0.0.1:61902]. Result org.gradle.launcher.daemon.server.DaemonStateCoordinator@2f41de46 with state Busy
2026-05-17T16:49:41.965+0700 [DEBUG] [org.gradle.launcher.daemon.server.DaemonStateCoordinator] Command execution: completed DaemonCommandExecution[command = Build{id=0f5f38f7-a04c-4f49-b8b5-e91430716630, currentDir=D:\code\ecommer_fco\back-end}, connection = DefaultDaemonConnection: socket connection from /127.0.0.1:56766 to /127.0.0.1:61902]
2026-05-17T16:49:41.965+0700 [DEBUG] [org.gradle.launcher.daemon.server.DaemonStateCoordinator] resetting idle timer
2026-05-17T16:49:41.965+0700 [INFO] [org.gradle.launcher.daemon.server.DaemonRegistryUpdater] Marking the daemon as idle, address: [725f609a-68d7-40a6-83ec-1e87117944fa port:56766, addresses:[localhost/127.0.0.1]]
2026-05-17T16:49:41.965+0700 [DEBUG] [org.gradle.launcher.daemon.registry.PersistentDaemonRegistry] Marking busy by address: [725f609a-68d7-40a6-83ec-1e87117944fa port:56766, addresses:[localhost/127.0.0.1]]
2026-05-17T16:49:41.975+0700 [DEBUG] [org.gradle.cache.internal.DefaultFileLockManager] Waiting to acquire exclusive lock on daemon addresses registry.
2026-05-17T16:49:41.976+0700 [DEBUG] [org.gradle.cache.internal.DefaultFileLockManager] Lock acquired on daemon addresses registry.
2026-05-17T16:49:41.990+0700 [DEBUG] [org.gradle.cache.internal.DefaultFileLockManager] Releasing lock on daemon addresses registry.
2026-05-17T16:49:41.991+0700 [DEBUG] [org.gradle.launcher.daemon.server.exec.ReturnResult] Daemon is dispatching the build result: Success[value=org.gradle.launcher.exec.BuildActionResult@d072e5]
2026-05-17T16:49:41.991+0700 [DEBUG] [org.gradle.launcher.daemon.server.DaemonStateCoordinator] daemon is running. Sleeping until state changes.
2026-05-17T16:49:41.991+0700 [DEBUG] [org.gradle.launcher.daemon.server.SynchronizedDispatchConnection] thread 234: dispatching Success[value=org.gradle.launcher.exec.BuildActionResult@d072e5]
2026-05-17T16:49:41.992+0700 [DEBUG] [org.gradle.launcher.daemon.server.DefaultIncomingConnectionHandler] Finishing executing command: Build{id=0f5f38f7-a04c-4f49-b8b5-e91430716630, currentDir=D:\code\ecommer_fco\back-end}
2026-05-17T16:49:41.992+0700 [DEBUG] [org.gradle.launcher.daemon.server.exec.CleanUpVirtualFileSystemAfterBuild] Cleaning virtual file system after build finished
2026-05-17T16:49:41.993+0700 [DEBUG] [org.gradle.launcher.daemon.server.SynchronizedDispatchConnection] thread 235: received class org.gradle.launcher.daemon.protocol.CloseInput
2026-05-17T16:49:41.993+0700 [DEBUG] [org.gradle.launcher.daemon.server.DefaultDaemonConnection] thread 235: Received IO message from client: org.gradle.launcher.daemon.protocol.CloseInput@6035efff
2026-05-17T16:49:41.993+0700 [DEBUG] [org.gradle.launcher.daemon.server.SynchronizedDispatchConnection] thread 235: received class org.gradle.launcher.daemon.protocol.Finished
2026-05-17T16:49:41.993+0700 [DEBUG] [org.gradle.launcher.daemon.server.DefaultDaemonConnection] thread 235: Received non-IO message from client: org.gradle.launcher.daemon.protocol.Finished@6ef20d89
2026-05-17T16:49:41.994+0700 [DEBUG] [org.gradle.launcher.daemon.server.DefaultIncomingConnectionHandler] Received finished message: org.gradle.launcher.daemon.protocol.Finished@6ef20d89
2026-05-17T16:49:41.994+0700 [DEBUG] [org.gradle.launcher.daemon.server.SynchronizedDispatchConnection] thread 234: stopping connection
2026-05-17T16:49:41.994+0700 [DEBUG] [org.gradle.internal.remote.internal.inet.SocketConnection] Discarding EOFException: java.io.EOFException
2026-05-17T16:49:41.994+0700 [DEBUG] [org.gradle.launcher.daemon.server.SynchronizedDispatchConnection] thread 235: received null
2026-05-17T16:49:41.994+0700 [DEBUG] [org.gradle.launcher.daemon.server.DefaultDaemonConnection] thread 235: Received end-of-input from client.
2026-05-17T16:49:41.994+0700 [DEBUG] [org.gradle.launcher.daemon.server.SynchronizedDispatchConnection] thread 234: stopping connection
2026-05-17T16:49:45.940+0700 [DEBUG] [org.gradle.cache.internal.DefaultFileLockManager] Waiting to acquire shared lock on daemon addresses registry.
2026-05-17T16:49:45.941+0700 [DEBUG] [org.gradle.cache.internal.DefaultFileLockManager] Lock acquired on daemon addresses registry.
2026-05-17T16:49:45.974+0700 [DEBUG] [org.gradle.cache.internal.DefaultFileLockManager] Releasing lock on daemon addresses registry.
2026-05-17T16:49:45.975+0700 [DEBUG] [org.gradle.cache.internal.DefaultFileLockManager] Waiting to acquire shared lock on daemon addresses registry.
2026-05-17T16:49:45.975+0700 [DEBUG] [org.gradle.cache.internal.DefaultFileLockManager] Lock acquired on daemon addresses registry.
2026-05-17T16:49:45.975+0700 [DEBUG] [org.gradle.cache.internal.DefaultFileLockManager] Releasing lock on daemon addresses registry.
2026-05-17T16:49:55.928+0700 [DEBUG] [org.gradle.cache.internal.DefaultFileLockManager] Waiting to acquire shared lock on daemon addresses registry.
2026-05-17T16:49:55.928+0700 [DEBUG] [org.gradle.cache.internal.DefaultFileLockManager] Lock acquired on daemon addresses registry.
2026-05-17T16:49:55.928+0700 [DEBUG] [org.gradle.cache.internal.DefaultFileLockManager] Releasing lock on daemon addresses registry.
2026-05-17T16:49:55.929+0700 [DEBUG] [org.gradle.cache.internal.DefaultFileLockManager] Waiting to acquire shared lock on daemon addresses registry.
2026-05-17T16:49:55.929+0700 [DEBUG] [org.gradle.cache.internal.DefaultFileLockManager] Lock acquired on daemon addresses registry.
2026-05-17T16:49:55.929+0700 [DEBUG] [org.gradle.cache.internal.DefaultFileLockManager] Releasing lock on daemon addresses registry.
2026-05-17T16:49:55.929+0700 [DEBUG] [org.gradle.cache.internal.DefaultFileLockManager] Waiting to acquire shared lock on daemon addresses registry.
2026-05-17T16:49:55.930+0700 [DEBUG] [org.gradle.cache.internal.DefaultFileLockManager] Lock acquired on daemon addresses registry.
2026-05-17T16:49:55.930+0700 [DEBUG] [org.gradle.cache.internal.DefaultFileLockManager] Releasing lock on daemon addresses registry.
2026-05-17T16:50:05.917+0700 [DEBUG] [org.gradle.cache.internal.DefaultFileLockManager] Waiting to acquire shared lock on daemon addresses registry.
2026-05-17T16:50:05.918+0700 [DEBUG] [org.gradle.cache.internal.DefaultFileLockManager] Lock acquired on daemon addresses registry.
2026-05-17T16:50:05.918+0700 [DEBUG] [org.gradle.cache.internal.DefaultFileLockManager] Releasing lock on daemon addresses registry.
2026-05-17T16:50:05.920+0700 [DEBUG] [org.gradle.cache.internal.DefaultFileLockManager] Waiting to acquire shared lock on daemon addresses registry.
2026-05-17T16:50:05.920+0700 [DEBUG] [org.gradle.cache.internal.DefaultFileLockManager] Lock acquired on daemon addresses registry.
2026-05-17T16:50:05.921+0700 [DEBUG] [org.gradle.cache.internal.DefaultFileLockManager] Releasing lock on daemon addresses registry.
2026-05-17T16:50:05.921+0700 [DEBUG] [org.gradle.cache.internal.DefaultFileLockManager] Waiting to acquire shared lock on daemon addresses registry.
2026-05-17T16:50:05.921+0700 [DEBUG] [org.gradle.cache.internal.DefaultFileLockManager] Lock acquired on daemon addresses registry.
2026-05-17T16:50:05.922+0700 [DEBUG] [org.gradle.cache.internal.DefaultFileLockManager] Releasing lock on daemon addresses registry.
2026-05-17T16:50:15.923+0700 [DEBUG] [org.gradle.cache.internal.DefaultFileLockManager] Waiting to acquire shared lock on daemon addresses registry.
2026-05-17T16:50:15.923+0700 [DEBUG] [org.gradle.cache.internal.DefaultFileLockManager] Lock acquired on daemon addresses registry.
2026-05-17T16:50:15.923+0700 [DEBUG] [org.gradle.cache.internal.DefaultFileLockManager] Releasing lock on daemon addresses registry.
2026-05-17T16:50:15.924+0700 [DEBUG] [org.gradle.cache.internal.DefaultFileLockManager] Waiting to acquire shared lock on daemon addresses registry.
2026-05-17T16:50:15.925+0700 [DEBUG] [org.gradle.cache.internal.DefaultFileLockManager] Lock acquired on daemon addresses registry.
2026-05-17T16:50:15.925+0700 [DEBUG] [org.gradle.cache.internal.DefaultFileLockManager] Releasing lock on daemon addresses registry.
2026-05-17T16:50:15.926+0700 [DEBUG] [org.gradle.cache.internal.DefaultFileLockManager] Waiting to acquire shared lock on daemon addresses registry.
2026-05-17T16:50:15.926+0700 [DEBUG] [org.gradle.cache.internal.DefaultFileLockManager] Lock acquired on daemon addresses registry.
2026-05-17T16:50:15.926+0700 [DEBUG] [org.gradle.cache.internal.DefaultFileLockManager] Releasing lock on daemon addresses registry.
2026-05-17T16:50:25.923+0700 [DEBUG] [org.gradle.cache.internal.DefaultFileLockManager] Waiting to acquire shared lock on daemon addresses registry.
2026-05-17T16:50:25.924+0700 [DEBUG] [org.gradle.cache.internal.DefaultFileLockManager] Lock acquired on daemon addresses registry.
2026-05-17T16:50:25.924+0700 [DEBUG] [org.gradle.cache.internal.DefaultFileLockManager] Releasing lock on daemon addresses registry.
2026-05-17T16:50:25.925+0700 [DEBUG] [org.gradle.cache.internal.DefaultFileLockManager] Waiting to acquire shared lock on daemon addresses registry.
2026-05-17T16:50:25.926+0700 [DEBUG] [org.gradle.cache.internal.DefaultFileLockManager] Lock acquired on daemon addresses registry.
2026-05-17T16:50:25.926+0700 [DEBUG] [org.gradle.cache.internal.DefaultFileLockManager] Releasing lock on daemon addresses registry.
2026-05-17T16:50:25.927+0700 [DEBUG] [org.gradle.cache.internal.DefaultFileLockManager] Waiting to acquire shared lock on daemon addresses registry.
2026-05-17T16:50:25.927+0700 [DEBUG] [org.gradle.cache.internal.DefaultFileLockManager] Lock acquired on daemon addresses registry.
2026-05-17T16:50:25.928+0700 [DEBUG] [org.gradle.cache.internal.DefaultFileLockManager] Releasing lock on daemon addresses registry.
2026-05-17T16:50:35.919+0700 [DEBUG] [org.gradle.cache.internal.DefaultFileLockManager] Waiting to acquire shared lock on daemon addresses registry.
2026-05-17T16:50:35.919+0700 [DEBUG] [org.gradle.cache.internal.DefaultFileLockManager] Lock acquired on daemon addresses registry.
2026-05-17T16:50:35.919+0700 [DEBUG] [org.gradle.cache.internal.DefaultFileLockManager] Releasing lock on daemon addresses registry.
2026-05-17T16:50:35.920+0700 [DEBUG] [org.gradle.cache.internal.DefaultFileLockManager] Waiting to acquire shared lock on daemon addresses registry.
2026-05-17T16:50:35.920+0700 [DEBUG] [org.gradle.cache.internal.DefaultFileLockManager] Lock acquired on daemon addresses registry.
2026-05-17T16:50:35.920+0700 [DEBUG] [org.gradle.cache.internal.DefaultFileLockManager] Releasing lock on daemon addresses registry.
2026-05-17T16:50:35.920+0700 [DEBUG] [org.gradle.cache.internal.DefaultFileLockManager] Waiting to acquire shared lock on daemon addresses registry.
2026-05-17T16:50:35.920+0700 [DEBUG] [org.gradle.cache.internal.DefaultFileLockManager] Lock acquired on daemon addresses registry.
2026-05-17T16:50:35.921+0700 [DEBUG] [org.gradle.cache.internal.DefaultFileLockManager] Releasing lock on daemon addresses registry.
2026-05-17T16:50:45.919+0700 [DEBUG] [org.gradle.cache.internal.DefaultFileLockManager] Waiting to acquire shared lock on daemon addresses registry.
2026-05-17T16:50:45.919+0700 [DEBUG] [org.gradle.cache.internal.DefaultFileLockManager] Lock acquired on daemon addresses registry.
2026-05-17T16:50:45.920+0700 [DEBUG] [org.gradle.cache.internal.DefaultFileLockManager] Releasing lock on daemon addresses registry.
2026-05-17T16:50:45.921+0700 [DEBUG] [org.gradle.cache.internal.DefaultFileLockManager] Waiting to acquire shared lock on daemon addresses registry.
2026-05-17T16:50:45.921+0700 [DEBUG] [org.gradle.cache.internal.DefaultFileLockManager] Lock acquired on daemon addresses registry.
2026-05-17T16:50:45.921+0700 [DEBUG] [org.gradle.cache.internal.DefaultFileLockManager] Releasing lock on daemon addresses registry.
2026-05-17T16:50:45.921+0700 [DEBUG] [org.gradle.cache.internal.DefaultFileLockManager] Waiting to acquire shared lock on daemon addresses registry.
2026-05-17T16:50:45.921+0700 [DEBUG] [org.gradle.cache.internal.DefaultFileLockManager] Lock acquired on daemon addresses registry.
2026-05-17T16:50:45.921+0700 [DEBUG] [org.gradle.cache.internal.DefaultFileLockManager] Releasing lock on daemon addresses registry.
2026-05-17T16:50:55.922+0700 [DEBUG] [org.gradle.cache.internal.DefaultFileLockManager] Waiting to acquire shared lock on daemon addresses registry.
2026-05-17T16:50:55.922+0700 [DEBUG] [org.gradle.cache.internal.DefaultFileLockManager] Lock acquired on daemon addresses registry.
2026-05-17T16:50:55.922+0700 [DEBUG] [org.gradle.cache.internal.DefaultFileLockManager] Releasing lock on daemon addresses registry.
2026-05-17T16:50:55.922+0700 [DEBUG] [org.gradle.cache.internal.DefaultFileLockManager] Waiting to acquire shared lock on daemon addresses registry.
2026-05-17T16:50:55.923+0700 [DEBUG] [org.gradle.cache.internal.DefaultFileLockManager] Lock acquired on daemon addresses registry.
2026-05-17T16:50:55.923+0700 [DEBUG] [org.gradle.cache.internal.DefaultFileLockManager] Releasing lock on daemon addresses registry.
2026-05-17T16:50:55.923+0700 [DEBUG] [org.gradle.cache.internal.DefaultFileLockManager] Waiting to acquire shared lock on daemon addresses registry.
2026-05-17T16:50:55.923+0700 [DEBUG] [org.gradle.cache.internal.DefaultFileLockManager] Lock acquired on daemon addresses registry.
2026-05-17T16:50:55.923+0700 [DEBUG] [org.gradle.cache.internal.DefaultFileLockManager] Releasing lock on daemon addresses registry.
2026-05-17T16:51:05.920+0700 [DEBUG] [org.gradle.cache.internal.DefaultFileLockManager] Waiting to acquire shared lock on daemon addresses registry.
2026-05-17T16:51:05.920+0700 [DEBUG] [org.gradle.cache.internal.DefaultFileLockManager] Lock acquired on daemon addresses registry.
2026-05-17T16:51:05.920+0700 [DEBUG] [org.gradle.cache.internal.DefaultFileLockManager] Releasing lock on daemon addresses registry.
2026-05-17T16:51:05.921+0700 [DEBUG] [org.gradle.cache.internal.DefaultFileLockManager] Waiting to acquire shared lock on daemon addresses registry.
2026-05-17T16:51:05.921+0700 [DEBUG] [org.gradle.cache.internal.DefaultFileLockManager] Lock acquired on daemon addresses registry.
2026-05-17T16:51:05.921+0700 [DEBUG] [org.gradle.cache.internal.DefaultFileLockManager] Releasing lock on daemon addresses registry.
2026-05-17T16:51:05.921+0700 [DEBUG] [org.gradle.cache.internal.DefaultFileLockManager] Waiting to acquire shared lock on daemon addresses registry.
2026-05-17T16:51:05.921+0700 [DEBUG] [org.gradle.cache.internal.DefaultFileLockManager] Lock acquired on daemon addresses registry.
2026-05-17T16:51:05.922+0700 [DEBUG] [org.gradle.cache.internal.DefaultFileLockManager] Releasing lock on daemon addresses registry.
2026-05-17T16:51:15.920+0700 [DEBUG] [org.gradle.cache.internal.DefaultFileLockManager] Waiting to acquire shared lock on daemon addresses registry.
2026-05-17T16:51:15.920+0700 [DEBUG] [org.gradle.cache.internal.DefaultFileLockManager] Lock acquired on daemon addresses registry.
2026-05-17T16:51:15.921+0700 [DEBUG] [org.gradle.cache.internal.DefaultFileLockManager] Releasing lock on daemon addresses registry.
2026-05-17T16:51:15.922+0700 [DEBUG] [org.gradle.cache.internal.DefaultFileLockManager] Waiting to acquire shared lock on daemon addresses registry.
2026-05-17T16:51:15.922+0700 [DEBUG] [org.gradle.cache.internal.DefaultFileLockManager] Lock acquired on daemon addresses registry.
2026-05-17T16:51:15.922+0700 [DEBUG] [org.gradle.cache.internal.DefaultFileLockManager] Releasing lock on daemon addresses registry.
2026-05-17T16:51:15.923+0700 [DEBUG] [org.gradle.cache.internal.DefaultFileLockManager] Waiting to acquire shared lock on daemon addresses registry.
2026-05-17T16:51:15.923+0700 [DEBUG] [org.gradle.cache.internal.DefaultFileLockManager] Lock acquired on daemon addresses registry.
2026-05-17T16:51:15.923+0700 [DEBUG] [org.gradle.cache.internal.DefaultFileLockManager] Releasing lock on daemon addresses registry.
2026-05-17T16:51:25.929+0700 [DEBUG] [org.gradle.cache.internal.DefaultFileLockManager] Waiting to acquire shared lock on daemon addresses registry.
2026-05-17T16:51:25.929+0700 [DEBUG] [org.gradle.cache.internal.DefaultFileLockManager] Lock acquired on daemon addresses registry.
2026-05-17T16:51:25.929+0700 [DEBUG] [org.gradle.cache.internal.DefaultFileLockManager] Releasing lock on daemon addresses registry.
2026-05-17T16:51:25.930+0700 [DEBUG] [org.gradle.cache.internal.DefaultFileLockManager] Waiting to acquire shared lock on daemon addresses registry.
2026-05-17T16:51:25.930+0700 [DEBUG] [org.gradle.cache.internal.DefaultFileLockManager] Lock acquired on daemon addresses registry.
2026-05-17T16:51:25.930+0700 [DEBUG] [org.gradle.cache.internal.DefaultFileLockManager] Releasing lock on daemon addresses registry.
2026-05-17T16:51:25.930+0700 [DEBUG] [org.gradle.cache.internal.DefaultFileLockManager] Waiting to acquire shared lock on daemon addresses registry.
2026-05-17T16:51:25.930+0700 [DEBUG] [org.gradle.cache.internal.DefaultFileLockManager] Lock acquired on daemon addresses registry.
2026-05-17T16:51:25.930+0700 [DEBUG] [org.gradle.cache.internal.DefaultFileLockManager] Releasing lock on daemon addresses registry.
2026-05-17T16:51:35.926+0700 [DEBUG] [org.gradle.cache.internal.DefaultFileLockManager] Waiting to acquire shared lock on daemon addresses registry.
2026-05-17T16:51:35.927+0700 [DEBUG] [org.gradle.cache.internal.DefaultFileLockManager] Lock acquired on daemon addresses registry.
2026-05-17T16:51:35.927+0700 [DEBUG] [org.gradle.cache.internal.DefaultFileLockManager] Releasing lock on daemon addresses registry.
2026-05-17T16:51:35.927+0700 [DEBUG] [org.gradle.cache.internal.DefaultFileLockManager] Waiting to acquire shared lock on daemon addresses registry.
2026-05-17T16:51:35.927+0700 [DEBUG] [org.gradle.cache.internal.DefaultFileLockManager] Lock acquired on daemon addresses registry.
2026-05-17T16:51:35.927+0700 [DEBUG] [org.gradle.cache.internal.DefaultFileLockManager] Releasing lock on daemon addresses registry.
2026-05-17T16:51:35.928+0700 [DEBUG] [org.gradle.cache.internal.DefaultFileLockManager] Waiting to acquire shared lock on daemon addresses registry.
2026-05-17T16:51:35.928+0700 [DEBUG] [org.gradle.cache.internal.DefaultFileLockManager] Lock acquired on daemon addresses registry.
2026-05-17T16:51:35.928+0700 [DEBUG] [org.gradle.cache.internal.DefaultFileLockManager] Releasing lock on daemon addresses registry.
2026-05-17T16:51:45.920+0700 [DEBUG] [org.gradle.cache.internal.DefaultFileLockManager] Waiting to acquire shared lock on daemon addresses registry.
2026-05-17T16:51:45.921+0700 [DEBUG] [org.gradle.cache.internal.DefaultFileLockManager] Lock acquired on daemon addresses registry.
2026-05-17T16:51:45.921+0700 [DEBUG] [org.gradle.cache.internal.DefaultFileLockManager] Releasing lock on daemon addresses registry.
2026-05-17T16:51:45.921+0700 [DEBUG] [org.gradle.cache.internal.DefaultFileLockManager] Waiting to acquire shared lock on daemon addresses registry.
2026-05-17T16:51:45.921+0700 [DEBUG] [org.gradle.cache.internal.DefaultFileLockManager] Lock acquired on daemon addresses registry.
2026-05-17T16:51:45.922+0700 [DEBUG] [org.gradle.cache.internal.DefaultFileLockManager] Releasing lock on daemon addresses registry.
2026-05-17T16:51:45.922+0700 [DEBUG] [org.gradle.cache.internal.DefaultFileLockManager] Waiting to acquire shared lock on daemon addresses registry.
2026-05-17T16:51:45.922+0700 [DEBUG] [org.gradle.cache.internal.DefaultFileLockManager] Lock acquired on daemon addresses registry.
2026-05-17T16:51:45.922+0700 [DEBUG] [org.gradle.cache.internal.DefaultFileLockManager] Releasing lock on daemon addresses registry.
2026-05-17T16:51:55.920+0700 [DEBUG] [org.gradle.cache.internal.DefaultFileLockManager] Waiting to acquire shared lock on daemon addresses registry.
2026-05-17T16:51:55.920+0700 [DEBUG] [org.gradle.cache.internal.DefaultFileLockManager] Lock acquired on daemon addresses registry.
2026-05-17T16:51:55.921+0700 [DEBUG] [org.gradle.cache.internal.DefaultFileLockManager] Releasing lock on daemon addresses registry.
2026-05-17T16:51:55.921+0700 [DEBUG] [org.gradle.cache.internal.DefaultFileLockManager] Waiting to acquire shared lock on daemon addresses registry.
2026-05-17T16:51:55.921+0700 [DEBUG] [org.gradle.cache.internal.DefaultFileLockManager] Lock acquired on daemon addresses registry.
2026-05-17T16:51:55.921+0700 [DEBUG] [org.gradle.cache.internal.DefaultFileLockManager] Releasing lock on daemon addresses registry.
2026-05-17T16:51:55.921+0700 [DEBUG] [org.gradle.cache.internal.DefaultFileLockManager] Waiting to acquire shared lock on daemon addresses registry.
2026-05-17T16:51:55.922+0700 [DEBUG] [org.gradle.cache.internal.DefaultFileLockManager] Lock acquired on daemon addresses registry.
2026-05-17T16:51:55.922+0700 [DEBUG] [org.gradle.cache.internal.DefaultFileLockManager] Releasing lock on daemon addresses registry.
2026-05-17T16:52:05.917+0700 [DEBUG] [org.gradle.cache.internal.DefaultFileLockManager] Waiting to acquire shared lock on daemon addresses registry.
2026-05-17T16:52:05.917+0700 [DEBUG] [org.gradle.cache.internal.DefaultFileLockManager] Lock acquired on daemon addresses registry.
2026-05-17T16:52:05.917+0700 [DEBUG] [org.gradle.cache.internal.DefaultFileLockManager] Releasing lock on daemon addresses registry.
2026-05-17T16:52:05.917+0700 [DEBUG] [org.gradle.cache.internal.DefaultFileLockManager] Waiting to acquire shared lock on daemon addresses registry.
2026-05-17T16:52:05.918+0700 [DEBUG] [org.gradle.cache.internal.DefaultFileLockManager] Lock acquired on daemon addresses registry.
2026-05-17T16:52:05.918+0700 [DEBUG] [org.gradle.cache.internal.DefaultFileLockManager] Releasing lock on daemon addresses registry.
2026-05-17T16:52:05.918+0700 [DEBUG] [org.gradle.cache.internal.DefaultFileLockManager] Waiting to acquire shared lock on daemon addresses registry.
2026-05-17T16:52:05.918+0700 [DEBUG] [org.gradle.cache.internal.DefaultFileLockManager] Lock acquired on daemon addresses registry.
2026-05-17T16:52:05.918+0700 [DEBUG] [org.gradle.cache.internal.DefaultFileLockManager] Releasing lock on daemon addresses registry.
2026-05-17T16:52:15.930+0700 [DEBUG] [org.gradle.cache.internal.DefaultFileLockManager] Waiting to acquire shared lock on daemon addresses registry.
2026-05-17T16:52:15.930+0700 [DEBUG] [org.gradle.cache.internal.DefaultFileLockManager] Lock acquired on daemon addresses registry.
2026-05-17T16:52:15.931+0700 [DEBUG] [org.gradle.cache.internal.DefaultFileLockManager] Releasing lock on daemon addresses registry.
2026-05-17T16:52:15.931+0700 [DEBUG] [org.gradle.cache.internal.DefaultFileLockManager] Waiting to acquire shared lock on daemon addresses registry.
2026-05-17T16:52:15.931+0700 [DEBUG] [org.gradle.cache.internal.DefaultFileLockManager] Lock acquired on daemon addresses registry.
2026-05-17T16:52:15.931+0700 [DEBUG] [org.gradle.cache.internal.DefaultFileLockManager] Releasing lock on daemon addresses registry.
2026-05-17T16:52:15.931+0700 [DEBUG] [org.gradle.cache.internal.DefaultFileLockManager] Waiting to acquire shared lock on daemon addresses registry.
2026-05-17T16:52:15.931+0700 [DEBUG] [org.gradle.cache.internal.DefaultFileLockManager] Lock acquired on daemon addresses registry.
2026-05-17T16:52:15.932+0700 [DEBUG] [org.gradle.cache.internal.DefaultFileLockManager] Releasing lock on daemon addresses registry.
2026-05-17T16:52:25.919+0700 [DEBUG] [org.gradle.cache.internal.DefaultFileLockManager] Waiting to acquire shared lock on daemon addresses registry.
2026-05-17T16:52:25.919+0700 [DEBUG] [org.gradle.cache.internal.DefaultFileLockManager] Lock acquired on daemon addresses registry.
2026-05-17T16:52:25.919+0700 [DEBUG] [org.gradle.cache.internal.DefaultFileLockManager] Releasing lock on daemon addresses registry.
2026-05-17T16:52:25.919+0700 [DEBUG] [org.gradle.cache.internal.DefaultFileLockManager] Waiting to acquire shared lock on daemon addresses registry.
2026-05-17T16:52:25.919+0700 [DEBUG] [org.gradle.cache.internal.DefaultFileLockManager] Lock acquired on daemon addresses registry.
2026-05-17T16:52:25.920+0700 [DEBUG] [org.gradle.cache.internal.DefaultFileLockManager] Releasing lock on daemon addresses registry.
2026-05-17T16:52:25.920+0700 [DEBUG] [org.gradle.cache.internal.DefaultFileLockManager] Waiting to acquire shared lock on daemon addresses registry.
2026-05-17T16:52:25.920+0700 [DEBUG] [org.gradle.cache.internal.DefaultFileLockManager] Lock acquired on daemon addresses registry.
2026-05-17T16:52:25.920+0700 [DEBUG] [org.gradle.cache.internal.DefaultFileLockManager] Releasing lock on daemon addresses registry.
2026-05-17T16:52:35.917+0700 [DEBUG] [org.gradle.cache.internal.DefaultFileLockManager] Waiting to acquire shared lock on daemon addresses registry.
2026-05-17T16:52:35.917+0700 [DEBUG] [org.gradle.cache.internal.DefaultFileLockManager] Lock acquired on daemon addresses registry.
2026-05-17T16:52:35.917+0700 [DEBUG] [org.gradle.cache.internal.DefaultFileLockManager] Releasing lock on daemon addresses registry.
2026-05-17T16:52:35.918+0700 [DEBUG] [org.gradle.cache.internal.DefaultFileLockManager] Waiting to acquire shared lock on daemon addresses registry.
2026-05-17T16:52:35.918+0700 [DEBUG] [org.gradle.cache.internal.DefaultFileLockManager] Lock acquired on daemon addresses registry.
2026-05-17T16:52:35.918+0700 [DEBUG] [org.gradle.cache.internal.DefaultFileLockManager] Releasing lock on daemon addresses registry.
2026-05-17T16:52:35.918+0700 [DEBUG] [org.gradle.cache.internal.DefaultFileLockManager] Waiting to acquire shared lock on daemon addresses registry.
2026-05-17T16:52:35.918+0700 [DEBUG] [org.gradle.cache.internal.DefaultFileLockManager] Lock acquired on daemon addresses registry.
2026-05-17T16:52:35.918+0700 [DEBUG] [org.gradle.cache.internal.DefaultFileLockManager] Releasing lock on daemon addresses registry.
2026-05-17T16:52:45.924+0700 [DEBUG] [org.gradle.cache.internal.DefaultFileLockManager] Waiting to acquire shared lock on daemon addresses registry.
2026-05-17T16:52:45.924+0700 [DEBUG] [org.gradle.cache.internal.DefaultFileLockManager] Lock acquired on daemon addresses registry.
2026-05-17T16:52:45.924+0700 [DEBUG] [org.gradle.cache.internal.DefaultFileLockManager] Releasing lock on daemon addresses registry.
2026-05-17T16:52:45.926+0700 [DEBUG] [org.gradle.cache.internal.DefaultFileLockManager] Waiting to acquire shared lock on daemon addresses registry.
2026-05-17T16:52:45.926+0700 [DEBUG] [org.gradle.cache.internal.DefaultFileLockManager] Lock acquired on daemon addresses registry.
2026-05-17T16:52:45.926+0700 [DEBUG] [org.gradle.cache.internal.DefaultFileLockManager] Releasing lock on daemon addresses registry.
2026-05-17T16:52:45.927+0700 [DEBUG] [org.gradle.cache.internal.DefaultFileLockManager] Waiting to acquire shared lock on daemon addresses registry.
2026-05-17T16:52:45.928+0700 [DEBUG] [org.gradle.cache.internal.DefaultFileLockManager] Lock acquired on daemon addresses registry.
2026-05-17T16:52:45.928+0700 [DEBUG] [org.gradle.cache.internal.DefaultFileLockManager] Releasing lock on daemon addresses registry.
2026-05-17T16:52:55.922+0700 [DEBUG] [org.gradle.cache.internal.DefaultFileLockManager] Waiting to acquire shared lock on daemon addresses registry.
2026-05-17T16:52:55.922+0700 [DEBUG] [org.gradle.cache.internal.DefaultFileLockManager] Lock acquired on daemon addresses registry.
2026-05-17T16:52:55.923+0700 [DEBUG] [org.gradle.cache.internal.DefaultFileLockManager] Releasing lock on daemon addresses registry.
2026-05-17T16:52:55.924+0700 [DEBUG] [org.gradle.cache.internal.DefaultFileLockManager] Waiting to acquire shared lock on daemon addresses registry.
2026-05-17T16:52:55.924+0700 [DEBUG] [org.gradle.cache.internal.DefaultFileLockManager] Lock acquired on daemon addresses registry.
2026-05-17T16:52:55.924+0700 [DEBUG] [org.gradle.cache.internal.DefaultFileLockManager] Releasing lock on daemon addresses registry.
2026-05-17T16:52:55.925+0700 [DEBUG] [org.gradle.cache.internal.DefaultFileLockManager] Waiting to acquire shared lock on daemon addresses registry.
2026-05-17T16:52:55.925+0700 [DEBUG] [org.gradle.cache.internal.DefaultFileLockManager] Lock acquired on daemon addresses registry.
2026-05-17T16:52:55.925+0700 [DEBUG] [org.gradle.cache.internal.DefaultFileLockManager] Releasing lock on daemon addresses registry.
2026-05-17T16:53:05.927+0700 [DEBUG] [org.gradle.cache.internal.DefaultFileLockManager] Waiting to acquire shared lock on daemon addresses registry.
2026-05-17T16:53:05.927+0700 [DEBUG] [org.gradle.cache.internal.DefaultFileLockManager] Lock acquired on daemon addresses registry.
2026-05-17T16:53:05.928+0700 [DEBUG] [org.gradle.cache.internal.DefaultFileLockManager] Releasing lock on daemon addresses registry.
2026-05-17T16:53:05.929+0700 [DEBUG] [org.gradle.cache.internal.DefaultFileLockManager] Waiting to acquire shared lock on daemon addresses registry.
2026-05-17T16:53:05.929+0700 [DEBUG] [org.gradle.cache.internal.DefaultFileLockManager] Lock acquired on daemon addresses registry.
2026-05-17T16:53:05.930+0700 [DEBUG] [org.gradle.cache.internal.DefaultFileLockManager] Releasing lock on daemon addresses registry.
2026-05-17T16:53:05.930+0700 [DEBUG] [org.gradle.cache.internal.DefaultFileLockManager] Waiting to acquire shared lock on daemon addresses registry.
2026-05-17T16:53:05.931+0700 [DEBUG] [org.gradle.cache.internal.DefaultFileLockManager] Lock acquired on daemon addresses registry.
2026-05-17T16:53:05.931+0700 [DEBUG] [org.gradle.cache.internal.DefaultFileLockManager] Releasing lock on daemon addresses registry.
2026-05-17T16:53:15.919+0700 [DEBUG] [org.gradle.cache.internal.DefaultFileLockManager] Waiting to acquire shared lock on daemon addresses registry.
2026-05-17T16:53:15.919+0700 [DEBUG] [org.gradle.cache.internal.DefaultFileLockManager] Lock acquired on daemon addresses registry.
2026-05-17T16:53:15.920+0700 [DEBUG] [org.gradle.cache.internal.DefaultFileLockManager] Releasing lock on daemon addresses registry.
2026-05-17T16:53:15.921+0700 [DEBUG] [org.gradle.cache.internal.DefaultFileLockManager] Waiting to acquire shared lock on daemon addresses registry.
2026-05-17T16:53:15.922+0700 [DEBUG] [org.gradle.cache.internal.DefaultFileLockManager] Lock acquired on daemon addresses registry.
2026-05-17T16:53:15.922+0700 [DEBUG] [org.gradle.cache.internal.DefaultFileLockManager] Releasing lock on daemon addresses registry.
2026-05-17T16:53:15.923+0700 [DEBUG] [org.gradle.cache.internal.DefaultFileLockManager] Waiting to acquire shared lock on daemon addresses registry.
2026-05-17T16:53:15.924+0700 [DEBUG] [org.gradle.cache.internal.DefaultFileLockManager] Lock acquired on daemon addresses registry.
2026-05-17T16:53:15.924+0700 [DEBUG] [org.gradle.cache.internal.DefaultFileLockManager] Releasing lock on daemon addresses registry.
2026-05-17T16:53:25.931+0700 [DEBUG] [org.gradle.cache.internal.DefaultFileLockManager] Waiting to acquire shared lock on daemon addresses registry.
2026-05-17T16:53:25.931+0700 [DEBUG] [org.gradle.cache.internal.DefaultFileLockManager] Lock acquired on daemon addresses registry.
2026-05-17T16:53:25.932+0700 [DEBUG] [org.gradle.cache.internal.DefaultFileLockManager] Releasing lock on daemon addresses registry.
2026-05-17T16:53:25.933+0700 [DEBUG] [org.gradle.cache.internal.DefaultFileLockManager] Waiting to acquire shared lock on daemon addresses registry.
2026-05-17T16:53:25.933+0700 [DEBUG] [org.gradle.cache.internal.DefaultFileLockManager] Lock acquired on daemon addresses registry.
2026-05-17T16:53:25.934+0700 [DEBUG] [org.gradle.cache.internal.DefaultFileLockManager] Releasing lock on daemon addresses registry.
2026-05-17T16:53:25.935+0700 [DEBUG] [org.gradle.cache.internal.DefaultFileLockManager] Waiting to acquire shared lock on daemon addresses registry.
2026-05-17T16:53:25.935+0700 [DEBUG] [org.gradle.cache.internal.DefaultFileLockManager] Lock acquired on daemon addresses registry.
2026-05-17T16:53:25.936+0700 [DEBUG] [org.gradle.cache.internal.DefaultFileLockManager] Releasing lock on daemon addresses registry.
2026-05-17T16:53:35.917+0700 [DEBUG] [org.gradle.cache.internal.DefaultFileLockManager] Waiting to acquire shared lock on daemon addresses registry.
2026-05-17T16:53:35.917+0700 [DEBUG] [org.gradle.cache.internal.DefaultFileLockManager] Lock acquired on daemon addresses registry.
2026-05-17T16:53:35.918+0700 [DEBUG] [org.gradle.cache.internal.DefaultFileLockManager] Releasing lock on daemon addresses registry.
2026-05-17T16:53:35.919+0700 [DEBUG] [org.gradle.cache.internal.DefaultFileLockManager] Waiting to acquire shared lock on daemon addresses registry.
2026-05-17T16:53:35.919+0700 [DEBUG] [org.gradle.cache.internal.DefaultFileLockManager] Lock acquired on daemon addresses registry.
2026-05-17T16:53:35.920+0700 [DEBUG] [org.gradle.cache.internal.DefaultFileLockManager] Releasing lock on daemon addresses registry.
2026-05-17T16:53:35.921+0700 [DEBUG] [org.gradle.cache.internal.DefaultFileLockManager] Waiting to acquire shared lock on daemon addresses registry.
2026-05-17T16:53:35.921+0700 [DEBUG] [org.gradle.cache.internal.DefaultFileLockManager] Lock acquired on daemon addresses registry.
2026-05-17T16:53:35.921+0700 [DEBUG] [org.gradle.cache.internal.DefaultFileLockManager] Releasing lock on daemon addresses registry.
2026-05-17T16:53:45.926+0700 [DEBUG] [org.gradle.cache.internal.DefaultFileLockManager] Waiting to acquire shared lock on daemon addresses registry.
2026-05-17T16:53:45.926+0700 [DEBUG] [org.gradle.cache.internal.DefaultFileLockManager] Lock acquired on daemon addresses registry.
2026-05-17T16:53:45.927+0700 [DEBUG] [org.gradle.cache.internal.DefaultFileLockManager] Releasing lock on daemon addresses registry.
2026-05-17T16:53:45.929+0700 [DEBUG] [org.gradle.cache.internal.DefaultFileLockManager] Waiting to acquire shared lock on daemon addresses registry.
2026-05-17T16:53:45.930+0700 [DEBUG] [org.gradle.cache.internal.DefaultFileLockManager] Lock acquired on daemon addresses registry.
2026-05-17T16:53:45.930+0700 [DEBUG] [org.gradle.cache.internal.DefaultFileLockManager] Releasing lock on daemon addresses registry.
2026-05-17T16:53:45.932+0700 [DEBUG] [org.gradle.cache.internal.DefaultFileLockManager] Waiting to acquire shared lock on daemon addresses registry.
2026-05-17T16:53:45.933+0700 [DEBUG] [org.gradle.cache.internal.DefaultFileLockManager] Lock acquired on daemon addresses registry.
2026-05-17T16:53:45.933+0700 [DEBUG] [org.gradle.cache.internal.DefaultFileLockManager] Releasing lock on daemon addresses registry.
2026-05-17T16:53:55.918+0700 [DEBUG] [org.gradle.cache.internal.DefaultFileLockManager] Waiting to acquire shared lock on daemon addresses registry.
2026-05-17T16:53:55.919+0700 [DEBUG] [org.gradle.cache.internal.DefaultFileLockManager] Lock acquired on daemon addresses registry.
2026-05-17T16:53:55.919+0700 [DEBUG] [org.gradle.cache.internal.DefaultFileLockManager] Releasing lock on daemon addresses registry.
2026-05-17T16:53:55.920+0700 [DEBUG] [org.gradle.cache.internal.DefaultFileLockManager] Waiting to acquire shared lock on daemon addresses registry.
2026-05-17T16:53:55.920+0700 [DEBUG] [org.gradle.cache.internal.DefaultFileLockManager] Lock acquired on daemon addresses registry.
2026-05-17T16:53:55.920+0700 [DEBUG] [org.gradle.cache.internal.DefaultFileLockManager] Releasing lock on daemon addresses registry.
2026-05-17T16:53:55.921+0700 [DEBUG] [org.gradle.cache.internal.DefaultFileLockManager] Waiting to acquire shared lock on daemon addresses registry.
2026-05-17T16:53:55.921+0700 [DEBUG] [org.gradle.cache.internal.DefaultFileLockManager] Lock acquired on daemon addresses registry.
2026-05-17T16:53:55.921+0700 [DEBUG] [org.gradle.cache.internal.DefaultFileLockManager] Releasing lock on daemon addresses registry.
2026-05-17T16:54:05.927+0700 [DEBUG] [org.gradle.cache.internal.DefaultFileLockManager] Waiting to acquire shared lock on daemon addresses registry.
2026-05-17T16:54:05.927+0700 [DEBUG] [org.gradle.cache.internal.DefaultFileLockManager] Lock acquired on daemon addresses registry.
2026-05-17T16:54:05.928+0700 [DEBUG] [org.gradle.cache.internal.DefaultFileLockManager] Releasing lock on daemon addresses registry.
2026-05-17T16:54:05.930+0700 [DEBUG] [org.gradle.cache.internal.DefaultFileLockManager] Waiting to acquire shared lock on daemon addresses registry.
2026-05-17T16:54:05.931+0700 [DEBUG] [org.gradle.cache.internal.DefaultFileLockManager] Lock acquired on daemon addresses registry.
2026-05-17T16:54:05.933+0700 [DEBUG] [org.gradle.cache.internal.DefaultFileLockManager] Releasing lock on daemon addresses registry.
2026-05-17T16:54:05.934+0700 [DEBUG] [org.gradle.cache.internal.DefaultFileLockManager] Waiting to acquire shared lock on daemon addresses registry.
2026-05-17T16:54:05.935+0700 [DEBUG] [org.gradle.cache.internal.DefaultFileLockManager] Lock acquired on daemon addresses registry.
2026-05-17T16:54:05.935+0700 [DEBUG] [org.gradle.cache.internal.DefaultFileLockManager] Releasing lock on daemon addresses registry.
2026-05-17T16:54:15.928+0700 [DEBUG] [org.gradle.cache.internal.DefaultFileLockManager] Waiting to acquire shared lock on daemon addresses registry.
2026-05-17T16:54:15.929+0700 [DEBUG] [org.gradle.cache.internal.DefaultFileLockManager] Lock acquired on daemon addresses registry.
2026-05-17T16:54:15.931+0700 [DEBUG] [org.gradle.cache.internal.DefaultFileLockManager] Releasing lock on daemon addresses registry.
2026-05-17T16:54:15.934+0700 [DEBUG] [org.gradle.cache.internal.DefaultFileLockManager] Waiting to acquire shared lock on daemon addresses registry.
2026-05-17T16:54:15.934+0700 [DEBUG] [org.gradle.cache.internal.DefaultFileLockManager] Lock acquired on daemon addresses registry.
2026-05-17T16:54:15.935+0700 [DEBUG] [org.gradle.cache.internal.DefaultFileLockManager] Releasing lock on daemon addresses registry.
2026-05-17T16:54:15.937+0700 [DEBUG] [org.gradle.cache.internal.DefaultFileLockManager] Waiting to acquire shared lock on daemon addresses registry.
2026-05-17T16:54:15.937+0700 [DEBUG] [org.gradle.cache.internal.DefaultFileLockManager] Lock acquired on daemon addresses registry.
2026-05-17T16:54:15.938+0700 [DEBUG] [org.gradle.cache.internal.DefaultFileLockManager] Releasing lock on daemon addresses registry.
2026-05-17T16:54:25.931+0700 [DEBUG] [org.gradle.cache.internal.DefaultFileLockManager] Waiting to acquire shared lock on daemon addresses registry.
2026-05-17T16:54:25.932+0700 [DEBUG] [org.gradle.cache.internal.DefaultFileLockManager] Lock acquired on daemon addresses registry.
2026-05-17T16:54:25.933+0700 [DEBUG] [org.gradle.cache.internal.DefaultFileLockManager] Releasing lock on daemon addresses registry.
2026-05-17T16:54:25.935+0700 [DEBUG] [org.gradle.cache.internal.DefaultFileLockManager] Waiting to acquire shared lock on daemon addresses registry.
2026-05-17T16:54:25.936+0700 [DEBUG] [org.gradle.cache.internal.DefaultFileLockManager] Lock acquired on daemon addresses registry.
2026-05-17T16:54:25.937+0700 [DEBUG] [org.gradle.cache.internal.DefaultFileLockManager] Releasing lock on daemon addresses registry.
2026-05-17T16:54:25.938+0700 [DEBUG] [org.gradle.cache.internal.DefaultFileLockManager] Waiting to acquire shared lock on daemon addresses registry.
2026-05-17T16:54:25.938+0700 [DEBUG] [org.gradle.cache.internal.DefaultFileLockManager] Lock acquired on daemon addresses registry.
2026-05-17T16:54:25.939+0700 [DEBUG] [org.gradle.cache.internal.DefaultFileLockManager] Releasing lock on daemon addresses registry.
2026-05-17T16:54:35.923+0700 [DEBUG] [org.gradle.cache.internal.DefaultFileLockManager] Waiting to acquire shared lock on daemon addresses registry.
2026-05-17T16:54:35.923+0700 [DEBUG] [org.gradle.cache.internal.DefaultFileLockManager] Lock acquired on daemon addresses registry.
2026-05-17T16:54:35.923+0700 [DEBUG] [org.gradle.cache.internal.DefaultFileLockManager] Releasing lock on daemon addresses registry.
2026-05-17T16:54:35.924+0700 [DEBUG] [org.gradle.cache.internal.DefaultFileLockManager] Waiting to acquire shared lock on daemon addresses registry.
2026-05-17T16:54:35.924+0700 [DEBUG] [org.gradle.cache.internal.DefaultFileLockManager] Lock acquired on daemon addresses registry.
2026-05-17T16:54:35.925+0700 [DEBUG] [org.gradle.cache.internal.DefaultFileLockManager] Releasing lock on daemon addresses registry.
2026-05-17T16:54:35.926+0700 [DEBUG] [org.gradle.cache.internal.DefaultFileLockManager] Waiting to acquire shared lock on daemon addresses registry.
2026-05-17T16:54:35.926+0700 [DEBUG] [org.gradle.cache.internal.DefaultFileLockManager] Lock acquired on daemon addresses registry.
2026-05-17T16:54:35.926+0700 [DEBUG] [org.gradle.cache.internal.DefaultFileLockManager] Releasing lock on daemon addresses registry.
2026-05-17T16:54:45.936+0700 [DEBUG] [org.gradle.cache.internal.DefaultFileLockManager] Waiting to acquire shared lock on daemon addresses registry.
2026-05-17T16:54:45.937+0700 [DEBUG] [org.gradle.cache.internal.DefaultFileLockManager] Lock acquired on daemon addresses registry.
2026-05-17T16:54:45.937+0700 [DEBUG] [org.gradle.cache.internal.DefaultFileLockManager] Releasing lock on daemon addresses registry.
2026-05-17T16:54:45.939+0700 [DEBUG] [org.gradle.cache.internal.DefaultFileLockManager] Waiting to acquire shared lock on daemon addresses registry.
2026-05-17T16:54:45.940+0700 [DEBUG] [org.gradle.cache.internal.DefaultFileLockManager] Lock acquired on daemon addresses registry.
2026-05-17T16:54:45.940+0700 [DEBUG] [org.gradle.cache.internal.DefaultFileLockManager] Releasing lock on daemon addresses registry.
2026-05-17T16:54:45.941+0700 [DEBUG] [org.gradle.cache.internal.DefaultFileLockManager] Waiting to acquire shared lock on daemon addresses registry.
2026-05-17T16:54:45.942+0700 [DEBUG] [org.gradle.cache.internal.DefaultFileLockManager] Lock acquired on daemon addresses registry.
2026-05-17T16:54:45.943+0700 [DEBUG] [org.gradle.cache.internal.DefaultFileLockManager] Releasing lock on daemon addresses registry.
2026-05-17T16:54:55.923+0700 [DEBUG] [org.gradle.cache.internal.DefaultFileLockManager] Waiting to acquire shared lock on daemon addresses registry.
2026-05-17T16:54:55.924+0700 [DEBUG] [org.gradle.cache.internal.DefaultFileLockManager] Lock acquired on daemon addresses registry.
2026-05-17T16:54:55.924+0700 [DEBUG] [org.gradle.cache.internal.DefaultFileLockManager] Releasing lock on daemon addresses registry.
2026-05-17T16:54:55.925+0700 [DEBUG] [org.gradle.cache.internal.DefaultFileLockManager] Waiting to acquire shared lock on daemon addresses registry.
2026-05-17T16:54:55.925+0700 [DEBUG] [org.gradle.cache.internal.DefaultFileLockManager] Lock acquired on daemon addresses registry.
2026-05-17T16:54:55.926+0700 [DEBUG] [org.gradle.cache.internal.DefaultFileLockManager] Releasing lock on daemon addresses registry.
2026-05-17T16:54:55.927+0700 [DEBUG] [org.gradle.cache.internal.DefaultFileLockManager] Waiting to acquire shared lock on daemon addresses registry.
2026-05-17T16:54:55.927+0700 [DEBUG] [org.gradle.cache.internal.DefaultFileLockManager] Lock acquired on daemon addresses registry.
2026-05-17T16:54:55.927+0700 [DEBUG] [org.gradle.cache.internal.DefaultFileLockManager] Releasing lock on daemon addresses registry.
2026-05-17T16:55:05.932+0700 [DEBUG] [org.gradle.cache.internal.DefaultFileLockManager] Waiting to acquire shared lock on daemon addresses registry.
2026-05-17T16:55:05.933+0700 [DEBUG] [org.gradle.cache.internal.DefaultFileLockManager] Lock acquired on daemon addresses registry.
2026-05-17T16:55:05.934+0700 [DEBUG] [org.gradle.cache.internal.DefaultFileLockManager] Releasing lock on daemon addresses registry.
2026-05-17T16:55:05.936+0700 [DEBUG] [org.gradle.cache.internal.DefaultFileLockManager] Waiting to acquire shared lock on daemon addresses registry.
2026-05-17T16:55:05.936+0700 [DEBUG] [org.gradle.cache.internal.DefaultFileLockManager] Lock acquired on daemon addresses registry.
2026-05-17T16:55:05.936+0700 [DEBUG] [org.gradle.cache.internal.DefaultFileLockManager] Releasing lock on daemon addresses registry.
2026-05-17T16:55:05.938+0700 [DEBUG] [org.gradle.cache.internal.DefaultFileLockManager] Waiting to acquire shared lock on daemon addresses registry.
2026-05-17T16:55:05.938+0700 [DEBUG] [org.gradle.cache.internal.DefaultFileLockManager] Lock acquired on daemon addresses registry.
2026-05-17T16:55:05.939+0700 [DEBUG] [org.gradle.cache.internal.DefaultFileLockManager] Releasing lock on daemon addresses registry.
2026-05-17T16:55:15.928+0700 [DEBUG] [org.gradle.cache.internal.DefaultFileLockManager] Waiting to acquire shared lock on daemon addresses registry.
2026-05-17T16:55:15.928+0700 [DEBUG] [org.gradle.cache.internal.DefaultFileLockManager] Lock acquired on daemon addresses registry.
2026-05-17T16:55:15.928+0700 [DEBUG] [org.gradle.cache.internal.DefaultFileLockManager] Releasing lock on daemon addresses registry.
2026-05-17T16:55:15.930+0700 [DEBUG] [org.gradle.cache.internal.DefaultFileLockManager] Waiting to acquire shared lock on daemon addresses registry.
2026-05-17T16:55:15.930+0700 [DEBUG] [org.gradle.cache.internal.DefaultFileLockManager] Lock acquired on daemon addresses registry.
2026-05-17T16:55:15.930+0700 [DEBUG] [org.gradle.cache.internal.DefaultFileLockManager] Releasing lock on daemon addresses registry.
2026-05-17T16:55:15.931+0700 [DEBUG] [org.gradle.cache.internal.DefaultFileLockManager] Waiting to acquire shared lock on daemon addresses registry.
2026-05-17T16:55:15.931+0700 [DEBUG] [org.gradle.cache.internal.DefaultFileLockManager] Lock acquired on daemon addresses registry.
2026-05-17T16:55:15.931+0700 [DEBUG] [org.gradle.cache.internal.DefaultFileLockManager] Releasing lock on daemon addresses registry.
2026-05-17T16:55:25.931+0700 [DEBUG] [org.gradle.cache.internal.DefaultFileLockManager] Waiting to acquire shared lock on daemon addresses registry.
2026-05-17T16:55:25.932+0700 [DEBUG] [org.gradle.cache.internal.DefaultFileLockManager] Lock acquired on daemon addresses registry.
2026-05-17T16:55:25.932+0700 [DEBUG] [org.gradle.cache.internal.DefaultFileLockManager] Releasing lock on daemon addresses registry.
2026-05-17T16:55:25.934+0700 [DEBUG] [org.gradle.cache.internal.DefaultFileLockManager] Waiting to acquire shared lock on daemon addresses registry.
2026-05-17T16:55:25.935+0700 [DEBUG] [org.gradle.cache.internal.DefaultFileLockManager] Lock acquired on daemon addresses registry.
2026-05-17T16:55:25.935+0700 [DEBUG] [org.gradle.cache.internal.DefaultFileLockManager] Releasing lock on daemon addresses registry.
2026-05-17T16:55:25.937+0700 [DEBUG] [org.gradle.cache.internal.DefaultFileLockManager] Waiting to acquire shared lock on daemon addresses registry.
2026-05-17T16:55:25.937+0700 [DEBUG] [org.gradle.cache.internal.DefaultFileLockManager] Lock acquired on daemon addresses registry.
2026-05-17T16:55:25.938+0700 [DEBUG] [org.gradle.cache.internal.DefaultFileLockManager] Releasing lock on daemon addresses registry.
2026-05-17T16:55:35.922+0700 [DEBUG] [org.gradle.cache.internal.DefaultFileLockManager] Waiting to acquire shared lock on daemon addresses registry.
2026-05-17T16:55:35.923+0700 [DEBUG] [org.gradle.cache.internal.DefaultFileLockManager] Lock acquired on daemon addresses registry.
2026-05-17T16:55:35.923+0700 [DEBUG] [org.gradle.cache.internal.DefaultFileLockManager] Releasing lock on daemon addresses registry.
2026-05-17T16:55:35.924+0700 [DEBUG] [org.gradle.cache.internal.DefaultFileLockManager] Waiting to acquire shared lock on daemon addresses registry.
2026-05-17T16:55:35.924+0700 [DEBUG] [org.gradle.cache.internal.DefaultFileLockManager] Lock acquired on daemon addresses registry.
2026-05-17T16:55:35.924+0700 [DEBUG] [org.gradle.cache.internal.DefaultFileLockManager] Releasing lock on daemon addresses registry.
2026-05-17T16:55:35.924+0700 [DEBUG] [org.gradle.cache.internal.DefaultFileLockManager] Waiting to acquire shared lock on daemon addresses registry.
2026-05-17T16:55:35.924+0700 [DEBUG] [org.gradle.cache.internal.DefaultFileLockManager] Lock acquired on daemon addresses registry.
2026-05-17T16:55:35.924+0700 [DEBUG] [org.gradle.cache.internal.DefaultFileLockManager] Releasing lock on daemon addresses registry.
2026-05-17T16:55:45.925+0700 [DEBUG] [org.gradle.cache.internal.DefaultFileLockManager] Waiting to acquire shared lock on daemon addresses registry.
2026-05-17T16:55:45.925+0700 [DEBUG] [org.gradle.cache.internal.DefaultFileLockManager] Lock acquired on daemon addresses registry.
2026-05-17T16:55:45.926+0700 [DEBUG] [org.gradle.cache.internal.DefaultFileLockManager] Releasing lock on daemon addresses registry.
2026-05-17T16:55:45.929+0700 [DEBUG] [org.gradle.cache.internal.DefaultFileLockManager] Waiting to acquire shared lock on daemon addresses registry.
2026-05-17T16:55:45.930+0700 [DEBUG] [org.gradle.cache.internal.DefaultFileLockManager] Lock acquired on daemon addresses registry.
2026-05-17T16:55:45.930+0700 [DEBUG] [org.gradle.cache.internal.DefaultFileLockManager] Releasing lock on daemon addresses registry.
2026-05-17T16:55:45.931+0700 [DEBUG] [org.gradle.cache.internal.DefaultFileLockManager] Waiting to acquire shared lock on daemon addresses registry.
2026-05-17T16:55:45.932+0700 [DEBUG] [org.gradle.cache.internal.DefaultFileLockManager] Lock acquired on daemon addresses registry.
2026-05-17T16:55:45.932+0700 [DEBUG] [org.gradle.cache.internal.DefaultFileLockManager] Releasing lock on daemon addresses registry.
2026-05-17T16:55:55.927+0700 [DEBUG] [org.gradle.cache.internal.DefaultFileLockManager] Waiting to acquire shared lock on daemon addresses registry.
2026-05-17T16:55:55.927+0700 [DEBUG] [org.gradle.cache.internal.DefaultFileLockManager] Lock acquired on daemon addresses registry.
2026-05-17T16:55:55.928+0700 [DEBUG] [org.gradle.cache.internal.DefaultFileLockManager] Releasing lock on daemon addresses registry.
2026-05-17T16:55:55.929+0700 [DEBUG] [org.gradle.cache.internal.DefaultFileLockManager] Waiting to acquire shared lock on daemon addresses registry.
2026-05-17T16:55:55.930+0700 [DEBUG] [org.gradle.cache.internal.DefaultFileLockManager] Lock acquired on daemon addresses registry.
2026-05-17T16:55:55.930+0700 [DEBUG] [org.gradle.cache.internal.DefaultFileLockManager] Releasing lock on daemon addresses registry.
2026-05-17T16:55:55.931+0700 [DEBUG] [org.gradle.cache.internal.DefaultFileLockManager] Waiting to acquire shared lock on daemon addresses registry.
2026-05-17T16:55:55.932+0700 [DEBUG] [org.gradle.cache.internal.DefaultFileLockManager] Lock acquired on daemon addresses registry.
2026-05-17T16:55:55.932+0700 [DEBUG] [org.gradle.cache.internal.DefaultFileLockManager] Releasing lock on daemon addresses registry.
2026-05-17T16:56:05.927+0700 [DEBUG] [org.gradle.cache.internal.DefaultFileLockManager] Waiting to acquire shared lock on daemon addresses registry.
2026-05-17T16:56:05.927+0700 [DEBUG] [org.gradle.cache.internal.DefaultFileLockManager] Lock acquired on daemon addresses registry.
2026-05-17T16:56:05.928+0700 [DEBUG] [org.gradle.cache.internal.DefaultFileLockManager] Releasing lock on daemon addresses registry.
2026-05-17T16:56:05.929+0700 [DEBUG] [org.gradle.cache.internal.DefaultFileLockManager] Waiting to acquire shared lock on daemon addresses registry.
2026-05-17T16:56:05.930+0700 [DEBUG] [org.gradle.cache.internal.DefaultFileLockManager] Lock acquired on daemon addresses registry.
2026-05-17T16:56:05.930+0700 [DEBUG] [org.gradle.cache.internal.DefaultFileLockManager] Releasing lock on daemon addresses registry.
2026-05-17T16:56:05.932+0700 [DEBUG] [org.gradle.cache.internal.DefaultFileLockManager] Waiting to acquire shared lock on daemon addresses registry.
2026-05-17T16:56:05.932+0700 [DEBUG] [org.gradle.cache.internal.DefaultFileLockManager] Lock acquired on daemon addresses registry.
2026-05-17T16:56:05.933+0700 [DEBUG] [org.gradle.cache.internal.DefaultFileLockManager] Releasing lock on daemon addresses registry.
2026-05-17T16:56:15.928+0700 [DEBUG] [org.gradle.cache.internal.DefaultFileLockManager] Waiting to acquire shared lock on daemon addresses registry.
2026-05-17T16:56:15.929+0700 [DEBUG] [org.gradle.cache.internal.DefaultFileLockManager] Lock acquired on daemon addresses registry.
2026-05-17T16:56:15.930+0700 [DEBUG] [org.gradle.cache.internal.DefaultFileLockManager] Releasing lock on daemon addresses registry.
2026-05-17T16:56:15.932+0700 [DEBUG] [org.gradle.cache.internal.DefaultFileLockManager] Waiting to acquire shared lock on daemon addresses registry.
2026-05-17T16:56:15.933+0700 [DEBUG] [org.gradle.cache.internal.DefaultFileLockManager] Lock acquired on daemon addresses registry.
2026-05-17T16:56:15.933+0700 [DEBUG] [org.gradle.cache.internal.DefaultFileLockManager] Releasing lock on daemon addresses registry.
2026-05-17T16:56:15.935+0700 [DEBUG] [org.gradle.cache.internal.DefaultFileLockManager] Waiting to acquire shared lock on daemon addresses registry.
2026-05-17T16:56:15.935+0700 [DEBUG] [org.gradle.cache.internal.DefaultFileLockManager] Lock acquired on daemon addresses registry.
2026-05-17T16:56:15.936+0700 [DEBUG] [org.gradle.cache.internal.DefaultFileLockManager] Releasing lock on daemon addresses registry.
2026-05-17T16:56:25.931+0700 [DEBUG] [org.gradle.cache.internal.DefaultFileLockManager] Waiting to acquire shared lock on daemon addresses registry.
2026-05-17T16:56:25.931+0700 [DEBUG] [org.gradle.cache.internal.DefaultFileLockManager] Lock acquired on daemon addresses registry.
2026-05-17T16:56:25.932+0700 [DEBUG] [org.gradle.cache.internal.DefaultFileLockManager] Releasing lock on daemon addresses registry.
2026-05-17T16:56:25.934+0700 [DEBUG] [org.gradle.cache.internal.DefaultFileLockManager] Waiting to acquire shared lock on daemon addresses registry.
2026-05-17T16:56:25.934+0700 [DEBUG] [org.gradle.cache.internal.DefaultFileLockManager] Lock acquired on daemon addresses registry.
2026-05-17T16:56:25.935+0700 [DEBUG] [org.gradle.cache.internal.DefaultFileLockManager] Releasing lock on daemon addresses registry.
2026-05-17T16:56:25.936+0700 [DEBUG] [org.gradle.cache.internal.DefaultFileLockManager] Waiting to acquire shared lock on daemon addresses registry.
2026-05-17T16:56:25.937+0700 [DEBUG] [org.gradle.cache.internal.DefaultFileLockManager] Lock acquired on daemon addresses registry.
2026-05-17T16:56:25.937+0700 [DEBUG] [org.gradle.cache.internal.DefaultFileLockManager] Releasing lock on daemon addresses registry.
2026-05-17T16:56:35.929+0700 [DEBUG] [org.gradle.cache.internal.DefaultFileLockManager] Waiting to acquire shared lock on daemon addresses registry.
2026-05-17T16:56:35.930+0700 [DEBUG] [org.gradle.cache.internal.DefaultFileLockManager] Lock acquired on daemon addresses registry.
2026-05-17T16:56:35.931+0700 [DEBUG] [org.gradle.cache.internal.DefaultFileLockManager] Releasing lock on daemon addresses registry.
2026-05-17T16:56:35.933+0700 [DEBUG] [org.gradle.cache.internal.DefaultFileLockManager] Waiting to acquire shared lock on daemon addresses registry.
2026-05-17T16:56:35.933+0700 [DEBUG] [org.gradle.cache.internal.DefaultFileLockManager] Lock acquired on daemon addresses registry.
2026-05-17T16:56:35.934+0700 [DEBUG] [org.gradle.cache.internal.DefaultFileLockManager] Releasing lock on daemon addresses registry.
2026-05-17T16:56:35.935+0700 [DEBUG] [org.gradle.cache.internal.DefaultFileLockManager] Waiting to acquire shared lock on daemon addresses registry.
2026-05-17T16:56:35.936+0700 [DEBUG] [org.gradle.cache.internal.DefaultFileLockManager] Lock acquired on daemon addresses registry.
2026-05-17T16:56:35.936+0700 [DEBUG] [org.gradle.cache.internal.DefaultFileLockManager] Releasing lock on daemon addresses registry.
2026-05-17T16:56:45.923+0700 [DEBUG] [org.gradle.cache.internal.DefaultFileLockManager] Waiting to acquire shared lock on daemon addresses registry.
2026-05-17T16:56:45.923+0700 [DEBUG] [org.gradle.cache.internal.DefaultFileLockManager] Lock acquired on daemon addresses registry.
2026-05-17T16:56:45.923+0700 [DEBUG] [org.gradle.cache.internal.DefaultFileLockManager] Releasing lock on daemon addresses registry.
2026-05-17T16:56:45.924+0700 [DEBUG] [org.gradle.cache.internal.DefaultFileLockManager] Waiting to acquire shared lock on daemon addresses registry.
2026-05-17T16:56:45.924+0700 [DEBUG] [org.gradle.cache.internal.DefaultFileLockManager] Lock acquired on daemon addresses registry.
2026-05-17T16:56:45.925+0700 [DEBUG] [org.gradle.cache.internal.DefaultFileLockManager] Releasing lock on daemon addresses registry.
2026-05-17T16:56:45.926+0700 [DEBUG] [org.gradle.cache.internal.DefaultFileLockManager] Waiting to acquire shared lock on daemon addresses registry.
2026-05-17T16:56:45.926+0700 [DEBUG] [org.gradle.cache.internal.DefaultFileLockManager] Lock acquired on daemon addresses registry.
2026-05-17T16:56:45.926+0700 [DEBUG] [org.gradle.cache.internal.DefaultFileLockManager] Releasing lock on daemon addresses registry.
2026-05-17T16:56:55.922+0700 [DEBUG] [org.gradle.cache.internal.DefaultFileLockManager] Waiting to acquire shared lock on daemon addresses registry.
2026-05-17T16:56:55.923+0700 [DEBUG] [org.gradle.cache.internal.DefaultFileLockManager] Lock acquired on daemon addresses registry.
2026-05-17T16:56:55.924+0700 [DEBUG] [org.gradle.cache.internal.DefaultFileLockManager] Releasing lock on daemon addresses registry.
2026-05-17T16:56:55.925+0700 [DEBUG] [org.gradle.cache.internal.DefaultFileLockManager] Waiting to acquire shared lock on daemon addresses registry.
2026-05-17T16:56:55.925+0700 [DEBUG] [org.gradle.cache.internal.DefaultFileLockManager] Lock acquired on daemon addresses registry.
2026-05-17T16:56:55.925+0700 [DEBUG] [org.gradle.cache.internal.DefaultFileLockManager] Releasing lock on daemon addresses registry.
2026-05-17T16:56:55.926+0700 [DEBUG] [org.gradle.cache.internal.DefaultFileLockManager] Waiting to acquire shared lock on daemon addresses registry.
2026-05-17T16:56:55.926+0700 [DEBUG] [org.gradle.cache.internal.DefaultFileLockManager] Lock acquired on daemon addresses registry.
2026-05-17T16:56:55.927+0700 [DEBUG] [org.gradle.cache.internal.DefaultFileLockManager] Releasing lock on daemon addresses registry.
2026-05-17T16:57:05.932+0700 [DEBUG] [org.gradle.cache.internal.DefaultFileLockManager] Waiting to acquire shared lock on daemon addresses registry.
2026-05-17T16:57:05.932+0700 [DEBUG] [org.gradle.cache.internal.DefaultFileLockManager] Lock acquired on daemon addresses registry.
2026-05-17T16:57:05.932+0700 [DEBUG] [org.gradle.cache.internal.DefaultFileLockManager] Releasing lock on daemon addresses registry.
2026-05-17T16:57:05.933+0700 [DEBUG] [org.gradle.cache.internal.DefaultFileLockManager] Waiting to acquire shared lock on daemon addresses registry.
2026-05-17T16:57:05.933+0700 [DEBUG] [org.gradle.cache.internal.DefaultFileLockManager] Lock acquired on daemon addresses registry.
2026-05-17T16:57:05.933+0700 [DEBUG] [org.gradle.cache.internal.DefaultFileLockManager] Releasing lock on daemon addresses registry.
2026-05-17T16:57:05.933+0700 [DEBUG] [org.gradle.cache.internal.DefaultFileLockManager] Waiting to acquire shared lock on daemon addresses registry.
2026-05-17T16:57:05.934+0700 [DEBUG] [org.gradle.cache.internal.DefaultFileLockManager] Lock acquired on daemon addresses registry.
2026-05-17T16:57:05.934+0700 [DEBUG] [org.gradle.cache.internal.DefaultFileLockManager] Releasing lock on daemon addresses registry.
2026-05-17T16:57:15.931+0700 [DEBUG] [org.gradle.cache.internal.DefaultFileLockManager] Waiting to acquire shared lock on daemon addresses registry.
2026-05-17T16:57:15.932+0700 [DEBUG] [org.gradle.cache.internal.DefaultFileLockManager] Lock acquired on daemon addresses registry.
2026-05-17T16:57:15.932+0700 [DEBUG] [org.gradle.cache.internal.DefaultFileLockManager] Releasing lock on daemon addresses registry.
2026-05-17T16:57:15.934+0700 [DEBUG] [org.gradle.cache.internal.DefaultFileLockManager] Waiting to acquire shared lock on daemon addresses registry.
2026-05-17T16:57:15.934+0700 [DEBUG] [org.gradle.cache.internal.DefaultFileLockManager] Lock acquired on daemon addresses registry.
2026-05-17T16:57:15.935+0700 [DEBUG] [org.gradle.cache.internal.DefaultFileLockManager] Releasing lock on daemon addresses registry.
2026-05-17T16:57:15.936+0700 [DEBUG] [org.gradle.cache.internal.DefaultFileLockManager] Waiting to acquire shared lock on daemon addresses registry.
2026-05-17T16:57:15.936+0700 [DEBUG] [org.gradle.cache.internal.DefaultFileLockManager] Lock acquired on daemon addresses registry.
2026-05-17T16:57:15.936+0700 [DEBUG] [org.gradle.cache.internal.DefaultFileLockManager] Releasing lock on daemon addresses registry.
2026-05-17T16:57:25.921+0700 [DEBUG] [org.gradle.cache.internal.DefaultFileLockManager] Waiting to acquire shared lock on daemon addresses registry.
2026-05-17T16:57:25.921+0700 [DEBUG] [org.gradle.cache.internal.DefaultFileLockManager] Lock acquired on daemon addresses registry.
2026-05-17T16:57:25.922+0700 [DEBUG] [org.gradle.cache.internal.DefaultFileLockManager] Releasing lock on daemon addresses registry.
2026-05-17T16:57:25.923+0700 [DEBUG] [org.gradle.cache.internal.DefaultFileLockManager] Waiting to acquire shared lock on daemon addresses registry.
2026-05-17T16:57:25.923+0700 [DEBUG] [org.gradle.cache.internal.DefaultFileLockManager] Lock acquired on daemon addresses registry.
2026-05-17T16:57:25.924+0700 [DEBUG] [org.gradle.cache.internal.DefaultFileLockManager] Releasing lock on daemon addresses registry.
2026-05-17T16:57:25.925+0700 [DEBUG] [org.gradle.cache.internal.DefaultFileLockManager] Waiting to acquire shared lock on daemon addresses registry.
2026-05-17T16:57:25.926+0700 [DEBUG] [org.gradle.cache.internal.DefaultFileLockManager] Lock acquired on daemon addresses registry.
2026-05-17T16:57:25.926+0700 [DEBUG] [org.gradle.cache.internal.DefaultFileLockManager] Releasing lock on daemon addresses registry.
2026-05-17T16:57:34.088+0700 [DEBUG] [org.gradle.internal.watch.vfs.impl.WatchingVirtualFileSystem] Handling VFS change REMOVED D:\code\ecommer_fco\back-end\src\main\java\com\fco\platform\auth\infrastructure\jwt\JwtProvider.java
2026-05-17T16:57:34.090+0700 [DEBUG] [org.gradle.internal.watch.vfs.impl.WatchingVirtualFileSystem] Handling VFS change REMOVED D:\code\ecommer_fco\back-end\src\main\java\com\ra\base_spring_boot\security\exception
2026-05-17T16:57:34.090+0700 [DEBUG] [org.gradle.internal.watch.vfs.impl.WatchingVirtualFileSystem] Handling VFS change REMOVED D:\code\ecommer_fco\back-end\src\main\java\com\ra\base_spring_boot\security\jwt
2026-05-17T16:57:34.091+0700 [DEBUG] [org.gradle.internal.watch.vfs.impl.WatchingVirtualFileSystem] Handling VFS change REMOVED D:\code\ecommer_fco\back-end\src\main\java\com\ra\base_spring_boot\security\principle
2026-05-17T16:57:34.091+0700 [DEBUG] [org.gradle.internal.watch.vfs.impl.WatchingVirtualFileSystem] Handling VFS change REMOVED D:\code\ecommer_fco\back-end\src\main\java\com\ra\base_spring_boot\security
2026-05-17T16:57:34.091+0700 [DEBUG] [org.gradle.internal.watch.vfs.impl.WatchingVirtualFileSystem] Handling VFS change REMOVED D:\code\ecommer_fco\back-end\src\main\java\com\ra\base_spring_boot\controller
2026-05-17T16:57:34.092+0700 [DEBUG] [org.gradle.internal.watch.vfs.impl.WatchingVirtualFileSystem] Handling VFS change REMOVED D:\code\ecommer_fco\back-end\src\main\java\com\ra\base_spring_boot\advice
2026-05-17T16:57:35.920+0700 [DEBUG] [org.gradle.cache.internal.DefaultFileLockManager] Waiting to acquire shared lock on daemon addresses registry.
2026-05-17T16:57:35.921+0700 [DEBUG] [org.gradle.cache.internal.DefaultFileLockManager] Lock acquired on daemon addresses registry.
2026-05-17T16:57:35.921+0700 [DEBUG] [org.gradle.cache.internal.DefaultFileLockManager] Releasing lock on daemon addresses registry.
2026-05-17T16:57:35.922+0700 [DEBUG] [org.gradle.cache.internal.DefaultFileLockManager] Waiting to acquire shared lock on daemon addresses registry.
2026-05-17T16:57:35.922+0700 [DEBUG] [org.gradle.cache.internal.DefaultFileLockManager] Lock acquired on daemon addresses registry.
2026-05-17T16:57:35.922+0700 [DEBUG] [org.gradle.cache.internal.DefaultFileLockManager] Releasing lock on daemon addresses registry.
2026-05-17T16:57:35.923+0700 [DEBUG] [org.gradle.cache.internal.DefaultFileLockManager] Waiting to acquire shared lock on daemon addresses registry.
2026-05-17T16:57:35.923+0700 [DEBUG] [org.gradle.cache.internal.DefaultFileLockManager] Lock acquired on daemon addresses registry.
2026-05-17T16:57:35.923+0700 [DEBUG] [org.gradle.cache.internal.DefaultFileLockManager] Releasing lock on daemon addresses registry.
2026-05-17T16:57:39.951+0700 [DEBUG] [org.gradle.internal.remote.internal.inet.TcpIncomingConnector] Accepted connection from /127.0.0.1:57320 to /127.0.0.1:56766.
2026-05-17T16:57:39.995+0700 [DEBUG] [org.gradle.launcher.daemon.server.SynchronizedDispatchConnection] thread 399: received class org.gradle.launcher.daemon.protocol.Build
2026-05-17T16:57:39.996+0700 [DEBUG] [org.gradle.launcher.daemon.server.DefaultDaemonConnection] thread 399: Received non-IO message from client: Build{id=87f6409e-b455-4130-9d45-ffe062defd31, currentDir=D:\code\ecommer_fco\back-end}
2026-05-17T16:57:39.996+0700 [INFO] [org.gradle.launcher.daemon.server.DefaultIncomingConnectionHandler] Received command: Build{id=87f6409e-b455-4130-9d45-ffe062defd31, currentDir=D:\code\ecommer_fco\back-end}.
2026-05-17T16:57:39.996+0700 [DEBUG] [org.gradle.launcher.daemon.server.DefaultIncomingConnectionHandler] Starting executing command: Build{id=87f6409e-b455-4130-9d45-ffe062defd31, currentDir=D:\code\ecommer_fco\back-end} with connection: socket connection from /127.0.0.1:56766 to /127.0.0.1:57320.
2026-05-17T16:57:39.996+0700 [DEBUG] [org.gradle.launcher.daemon.server.DaemonStateCoordinator] Command execution: started DaemonCommandExecution[command = Build{id=87f6409e-b455-4130-9d45-ffe062defd31, currentDir=D:\code\ecommer_fco\back-end}, connection = DefaultDaemonConnection: socket connection from /127.0.0.1:56766 to /127.0.0.1:57320] after 7.967183333333334 minutes of idle
2026-05-17T16:57:39.996+0700 [INFO] [org.gradle.launcher.daemon.server.DaemonRegistryUpdater] Marking the daemon as busy, address: [725f609a-68d7-40a6-83ec-1e87117944fa port:56766, addresses:[localhost/127.0.0.1]]
2026-05-17T16:57:39.996+0700 [DEBUG] [org.gradle.launcher.daemon.registry.PersistentDaemonRegistry] Marking busy by address: [725f609a-68d7-40a6-83ec-1e87117944fa port:56766, addresses:[localhost/127.0.0.1]]
2026-05-17T16:57:39.996+0700 [DEBUG] [org.gradle.cache.internal.DefaultFileLockManager] Waiting to acquire exclusive lock on daemon addresses registry.
2026-05-17T16:57:39.997+0700 [DEBUG] [org.gradle.cache.internal.DefaultFileLockManager] Lock acquired on daemon addresses registry.
2026-05-17T16:57:39.997+0700 [DEBUG] [org.gradle.cache.internal.DefaultFileLockManager] Releasing lock on daemon addresses registry.
2026-05-17T16:57:39.997+0700 [DEBUG] [org.gradle.launcher.daemon.server.DaemonStateCoordinator] resetting idle timer
2026-05-17T16:57:39.997+0700 [DEBUG] [org.gradle.launcher.daemon.server.DaemonStateCoordinator] daemon is running. Sleeping until state changes.
2026-05-17T16:57:39.998+0700 [INFO] [org.gradle.launcher.daemon.server.exec.StartBuildOrRespondWithBusy] Daemon is about to start building Build{id=87f6409e-b455-4130-9d45-ffe062defd31, currentDir=D:\code\ecommer_fco\back-end}. Dispatching build started information...
2026-05-17T16:57:39.998+0700 [DEBUG] [org.gradle.launcher.daemon.server.SynchronizedDispatchConnection] thread 401: dispatching org.gradle.launcher.daemon.protocol.BuildStarted@4f7c7cc5
2026-05-17T16:57:39.998+0700 [DEBUG] [org.gradle.launcher.daemon.server.exec.EstablishBuildEnvironment] Configuring env variables: [USERDOMAIN_ROAMINGPROFILE, EFC_17748_1592913036, ANTIGRAVITY_EDITOR_APP_ROOT, PROCESSOR_LEVEL, SESSIONNAME, ALLUSERSPROFILE, PROCESSOR_ARCHITECTURE, PSModulePath, VSCODE_PID, SystemDrive, MOZ_PLUGIN_PATH, DIRNAME, USERNAME, ProgramFiles(x86), VSCODE_NLS_CONFIG, CHROME_CRASHPAD_PIPE_NAME, APP_HOME, DEFAULT_JVM_OPTS, PATHEXT, DriverData, OneDriveConsumer, VSCODE_CODE_CACHE_PATH, ProgramData, ProgramW6432, HOMEPATH, PROCESSOR_IDENTIFIER, ProgramFiles, PUBLIC, windir, LOCALAPPDATA, IntelliJ IDEA, USERDOMAIN, LOGONSERVER, JAVA_HOME, PROMPT, ANTIGRAVITY_TRAJECTORY_ID, OneDrive, APPDATA, GRADLE_USER_HOME, JAVA_EXE, CommonProgramFiles, EFC_17748_4126798990, Path, VSCODE_CWD, OS, COMPUTERNAME, PROCESSOR_REVISION, CLASSPATH, CommonProgramW6432, ComSpec, APP_BASE_NAME, =D:, SystemRoot, TEMP, HOMEDRIVE, USERPROFILE, TMP, CommonProgramFiles(x86), NUMBER_OF_PROCESSORS, ANTIGRAVITY_AGENT, VSCODE_IPC_HOOK]
2026-05-17T16:57:39.999+0700 [DEBUG] [org.gradle.launcher.daemon.server.exec.LogToClient] About to start relaying all logs to the client via the connection.
2026-05-17T16:57:39.999+0700 [INFO] [org.gradle.launcher.daemon.server.exec.LogToClient] The client will now receive all logging from the daemon (pid: 1396). The daemon log file: D:\code\ecommer_fco\back-end\.gradle_home\daemon\8.10.2\daemon-1396.out.log
2026-05-17T16:57:40.000+0700 [INFO] [org.gradle.launcher.daemon.server.exec.LogAndCheckHealth] Starting 3rd build in daemon [uptime: 12 mins 34.393 secs, performance: 100%, GC rate: 0.00/s, heap usage: 0% of 512 MiB, non-heap usage: 16% of 384 MiB]
2026-05-17T16:57:40.000+0700 [DEBUG] [org.gradle.launcher.daemon.server.exec.ExecuteBuild] The daemon has started executing the build.
2026-05-17T16:57:40.000+0700 [DEBUG] [org.gradle.launcher.daemon.server.exec.ExecuteBuild] Executing build with daemon context: DefaultDaemonContext[uid=70815982-ccb9-4d72-8c42-0d72688535ba,javaHome=C:\Program Files\JetBrains\IntelliJ IDEA 2025.2.4\jbr,javaVersion=21,javaVendor=JetBrains s.r.o.,daemonRegistryDir=D:\code\ecommer_fco\back-end\.gradle_home\daemon,pid=1396,idleTimeout=10800000,priority=NORMAL,applyInstrumentationAgent=true,nativeServicesMode=ENABLED,daemonOpts=--add-opens=java.base/java.util=ALL-UNNAMED,--add-opens=java.base/java.lang=ALL-UNNAMED,--add-opens=java.base/java.lang.invoke=ALL-UNNAMED,--add-opens=java.prefs/java.util.prefs=ALL-UNNAMED,--add-exports=jdk.compiler/com.sun.tools.javac.api=ALL-UNNAMED,--add-exports=jdk.compiler/com.sun.tools.javac.util=ALL-UNNAMED,--add-opens=java.base/java.nio.charset=ALL-UNNAMED,--add-opens=java.base/java.net=ALL-UNNAMED,--add-opens=java.base/java.util.concurrent.atomic=ALL-UNNAMED,-XX:MaxMetaspaceSize=384m,-XX:+HeapDumpOnOutOfMemoryError,-Xms256m,-Xmx512m,-Dfile.encoding=UTF-8,-Duser.country=US,-Duser.language=en,-Duser.variant]
Note: Some input files use or override a deprecated API.
Note: Recompile with -Xlint:deprecation for details.

BUILD SUCCESSFUL in 22s
4 actionable tasks: 4 executed
2026-05-17T16:58:01.584+0700 [DEBUG] [org.gradle.launcher.daemon.server.exec.ExecuteBuild] The daemon has finished executing the build.
2026-05-17T16:58:01.606+0700 [DEBUG] [org.gradle.launcher.daemon.server.DaemonStateCoordinator] daemon is running. Sleeping until state changes.
2026-05-17T16:58:01.606+0700 [DEBUG] [org.gradle.launcher.daemon.server.DaemonStateCoordinator] Command execution: finished waiting for DaemonCommandExecution[command = Build{id=87f6409e-b455-4130-9d45-ffe062defd31, currentDir=D:\code\ecommer_fco\back-end}, connection = DefaultDaemonConnection: socket connection from /127.0.0.1:56766 to /127.0.0.1:57320]. Result org.gradle.launcher.daemon.server.DaemonStateCoordinator@2f41de46 with state Busy
2026-05-17T16:58:01.607+0700 [DEBUG] [org.gradle.launcher.daemon.server.DaemonStateCoordinator] Command execution: completed DaemonCommandExecution[command = Build{id=87f6409e-b455-4130-9d45-ffe062defd31, currentDir=D:\code\ecommer_fco\back-end}, connection = DefaultDaemonConnection: socket connection from /127.0.0.1:56766 to /127.0.0.1:57320]
2026-05-17T16:58:01.607+0700 [DEBUG] [org.gradle.launcher.daemon.server.DaemonStateCoordinator] resetting idle timer
2026-05-17T16:58:01.608+0700 [INFO] [org.gradle.launcher.daemon.server.DaemonRegistryUpdater] Marking the daemon as idle, address: [725f609a-68d7-40a6-83ec-1e87117944fa port:56766, addresses:[localhost/127.0.0.1]]
2026-05-17T16:58:01.608+0700 [DEBUG] [org.gradle.launcher.daemon.registry.PersistentDaemonRegistry] Marking busy by address: [725f609a-68d7-40a6-83ec-1e87117944fa port:56766, addresses:[localhost/127.0.0.1]]
2026-05-17T16:58:01.610+0700 [DEBUG] [org.gradle.cache.internal.DefaultFileLockManager] Waiting to acquire exclusive lock on daemon addresses registry.
2026-05-17T16:58:01.611+0700 [DEBUG] [org.gradle.cache.internal.DefaultFileLockManager] Lock acquired on daemon addresses registry.
2026-05-17T16:58:01.613+0700 [DEBUG] [org.gradle.cache.internal.DefaultFileLockManager] Releasing lock on daemon addresses registry.
2026-05-17T16:58:01.614+0700 [DEBUG] [org.gradle.launcher.daemon.server.DaemonStateCoordinator] daemon is running. Sleeping until state changes.
2026-05-17T16:58:01.614+0700 [DEBUG] [org.gradle.launcher.daemon.server.exec.ReturnResult] Daemon is dispatching the build result: Success[value=org.gradle.launcher.exec.BuildActionResult@739b7381]
2026-05-17T16:58:01.615+0700 [DEBUG] [org.gradle.launcher.daemon.server.SynchronizedDispatchConnection] thread 398: dispatching Success[value=org.gradle.launcher.exec.BuildActionResult@739b7381]
2026-05-17T16:58:01.616+0700 [DEBUG] [org.gradle.launcher.daemon.server.DefaultIncomingConnectionHandler] Finishing executing command: Build{id=87f6409e-b455-4130-9d45-ffe062defd31, currentDir=D:\code\ecommer_fco\back-end}
2026-05-17T16:58:01.616+0700 [DEBUG] [org.gradle.launcher.daemon.server.exec.CleanUpVirtualFileSystemAfterBuild] Cleaning virtual file system after build finished
2026-05-17T16:58:01.617+0700 [DEBUG] [org.gradle.launcher.daemon.server.SynchronizedDispatchConnection] thread 399: received class org.gradle.launcher.daemon.protocol.CloseInput
2026-05-17T16:58:01.618+0700 [DEBUG] [org.gradle.launcher.daemon.server.DefaultDaemonConnection] thread 399: Received IO message from client: org.gradle.launcher.daemon.protocol.CloseInput@b1d2746
2026-05-17T16:58:01.618+0700 [DEBUG] [org.gradle.launcher.daemon.server.SynchronizedDispatchConnection] thread 399: received class org.gradle.launcher.daemon.protocol.Finished
2026-05-17T16:58:01.618+0700 [DEBUG] [org.gradle.launcher.daemon.server.DefaultDaemonConnection] thread 399: Received non-IO message from client: org.gradle.launcher.daemon.protocol.Finished@5dad855
2026-05-17T16:58:01.619+0700 [DEBUG] [org.gradle.launcher.daemon.server.DefaultIncomingConnectionHandler] Received finished message: org.gradle.launcher.daemon.protocol.Finished@5dad855
2026-05-17T16:58:01.619+0700 [DEBUG] [org.gradle.internal.remote.internal.inet.SocketConnection] Discarding EOFException: java.io.EOFException
2026-05-17T16:58:01.619+0700 [DEBUG] [org.gradle.launcher.daemon.server.SynchronizedDispatchConnection] thread 398: stopping connection
2026-05-17T16:58:01.620+0700 [DEBUG] [org.gradle.launcher.daemon.server.SynchronizedDispatchConnection] thread 399: received null
2026-05-17T16:58:01.621+0700 [DEBUG] [org.gradle.launcher.daemon.server.DefaultDaemonConnection] thread 399: Received end-of-input from client.
2026-05-17T16:58:01.621+0700 [DEBUG] [org.gradle.launcher.daemon.server.SynchronizedDispatchConnection] thread 398: stopping connection
2026-05-17T16:58:05.931+0700 [DEBUG] [org.gradle.cache.internal.DefaultFileLockManager] Waiting to acquire shared lock on daemon addresses registry.
2026-05-17T16:58:05.931+0700 [DEBUG] [org.gradle.cache.internal.DefaultFileLockManager] Lock acquired on daemon addresses registry.
2026-05-17T16:58:05.944+0700 [DEBUG] [org.gradle.cache.internal.DefaultFileLockManager] Releasing lock on daemon addresses registry.
2026-05-17T16:58:05.945+0700 [DEBUG] [org.gradle.cache.internal.DefaultFileLockManager] Waiting to acquire shared lock on daemon addresses registry.
2026-05-17T16:58:05.945+0700 [DEBUG] [org.gradle.cache.internal.DefaultFileLockManager] Lock acquired on daemon addresses registry.
2026-05-17T16:58:05.945+0700 [DEBUG] [org.gradle.cache.internal.DefaultFileLockManager] Releasing lock on daemon addresses registry.
2026-05-17T16:58:15.931+0700 [DEBUG] [org.gradle.cache.internal.DefaultFileLockManager] Waiting to acquire shared lock on daemon addresses registry.
2026-05-17T16:58:15.935+0700 [DEBUG] [org.gradle.cache.internal.DefaultFileLockManager] Lock acquired on daemon addresses registry.
2026-05-17T16:58:15.937+0700 [DEBUG] [org.gradle.cache.internal.DefaultFileLockManager] Releasing lock on daemon addresses registry.
2026-05-17T16:58:15.938+0700 [DEBUG] [org.gradle.cache.internal.DefaultFileLockManager] Waiting to acquire shared lock on daemon addresses registry.
2026-05-17T16:58:15.939+0700 [DEBUG] [org.gradle.cache.internal.DefaultFileLockManager] Lock acquired on daemon addresses registry.
2026-05-17T16:58:15.939+0700 [DEBUG] [org.gradle.cache.internal.DefaultFileLockManager] Releasing lock on daemon addresses registry.
2026-05-17T16:58:15.940+0700 [DEBUG] [org.gradle.cache.internal.DefaultFileLockManager] Waiting to acquire shared lock on daemon addresses registry.
2026-05-17T16:58:15.940+0700 [DEBUG] [org.gradle.cache.internal.DefaultFileLockManager] Lock acquired on daemon addresses registry.
2026-05-17T16:58:15.941+0700 [DEBUG] [org.gradle.cache.internal.DefaultFileLockManager] Releasing lock on daemon addresses registry.
2026-05-17T16:58:25.928+0700 [DEBUG] [org.gradle.cache.internal.DefaultFileLockManager] Waiting to acquire shared lock on daemon addresses registry.
2026-05-17T16:58:25.928+0700 [DEBUG] [org.gradle.cache.internal.DefaultFileLockManager] Lock acquired on daemon addresses registry.
2026-05-17T16:58:25.929+0700 [DEBUG] [org.gradle.cache.internal.DefaultFileLockManager] Releasing lock on daemon addresses registry.
2026-05-17T16:58:25.930+0700 [DEBUG] [org.gradle.cache.internal.DefaultFileLockManager] Waiting to acquire shared lock on daemon addresses registry.
2026-05-17T16:58:25.931+0700 [DEBUG] [org.gradle.cache.internal.DefaultFileLockManager] Lock acquired on daemon addresses registry.
2026-05-17T16:58:25.931+0700 [DEBUG] [org.gradle.cache.internal.DefaultFileLockManager] Releasing lock on daemon addresses registry.
2026-05-17T16:58:25.932+0700 [DEBUG] [org.gradle.cache.internal.DefaultFileLockManager] Waiting to acquire shared lock on daemon addresses registry.
2026-05-17T16:58:25.932+0700 [DEBUG] [org.gradle.cache.internal.DefaultFileLockManager] Lock acquired on daemon addresses registry.
2026-05-17T16:58:25.933+0700 [DEBUG] [org.gradle.cache.internal.DefaultFileLockManager] Releasing lock on daemon addresses registry.
2026-05-17T16:58:35.928+0700 [DEBUG] [org.gradle.cache.internal.DefaultFileLockManager] Waiting to acquire shared lock on daemon addresses registry.
2026-05-17T16:58:35.928+0700 [DEBUG] [org.gradle.cache.internal.DefaultFileLockManager] Lock acquired on daemon addresses registry.
2026-05-17T16:58:35.928+0700 [DEBUG] [org.gradle.cache.internal.DefaultFileLockManager] Releasing lock on daemon addresses registry.
2026-05-17T16:58:35.929+0700 [DEBUG] [org.gradle.cache.internal.DefaultFileLockManager] Waiting to acquire shared lock on daemon addresses registry.
2026-05-17T16:58:35.929+0700 [DEBUG] [org.gradle.cache.internal.DefaultFileLockManager] Lock acquired on daemon addresses registry.
2026-05-17T16:58:35.929+0700 [DEBUG] [org.gradle.cache.internal.DefaultFileLockManager] Releasing lock on daemon addresses registry.
2026-05-17T16:58:35.930+0700 [DEBUG] [org.gradle.cache.internal.DefaultFileLockManager] Waiting to acquire shared lock on daemon addresses registry.
2026-05-17T16:58:35.930+0700 [DEBUG] [org.gradle.cache.internal.DefaultFileLockManager] Lock acquired on daemon addresses registry.
2026-05-17T16:58:35.930+0700 [DEBUG] [org.gradle.cache.internal.DefaultFileLockManager] Releasing lock on daemon addresses registry.
2026-05-17T16:58:45.929+0700 [DEBUG] [org.gradle.cache.internal.DefaultFileLockManager] Waiting to acquire shared lock on daemon addresses registry.
2026-05-17T16:58:45.930+0700 [DEBUG] [org.gradle.cache.internal.DefaultFileLockManager] Lock acquired on daemon addresses registry.
2026-05-17T16:58:45.931+0700 [DEBUG] [org.gradle.cache.internal.DefaultFileLockManager] Releasing lock on daemon addresses registry.
2026-05-17T16:58:45.933+0700 [DEBUG] [org.gradle.cache.internal.DefaultFileLockManager] Waiting to acquire shared lock on daemon addresses registry.
2026-05-17T16:58:45.933+0700 [DEBUG] [org.gradle.cache.internal.DefaultFileLockManager] Lock acquired on daemon addresses registry.
2026-05-17T16:58:45.934+0700 [DEBUG] [org.gradle.cache.internal.DefaultFileLockManager] Releasing lock on daemon addresses registry.
2026-05-17T16:58:45.935+0700 [DEBUG] [org.gradle.cache.internal.DefaultFileLockManager] Waiting to acquire shared lock on daemon addresses registry.
2026-05-17T16:58:45.935+0700 [DEBUG] [org.gradle.cache.internal.DefaultFileLockManager] Lock acquired on daemon addresses registry.
2026-05-17T16:58:45.936+0700 [DEBUG] [org.gradle.cache.internal.DefaultFileLockManager] Releasing lock on daemon addresses registry.
2026-05-17T16:58:55.928+0700 [DEBUG] [org.gradle.cache.internal.DefaultFileLockManager] Waiting to acquire shared lock on daemon addresses registry.
2026-05-17T16:58:55.929+0700 [DEBUG] [org.gradle.cache.internal.DefaultFileLockManager] Lock acquired on daemon addresses registry.
2026-05-17T16:58:55.930+0700 [DEBUG] [org.gradle.cache.internal.DefaultFileLockManager] Releasing lock on daemon addresses registry.
2026-05-17T16:58:55.933+0700 [DEBUG] [org.gradle.cache.internal.DefaultFileLockManager] Waiting to acquire shared lock on daemon addresses registry.
2026-05-17T16:58:55.933+0700 [DEBUG] [org.gradle.cache.internal.DefaultFileLockManager] Lock acquired on daemon addresses registry.
2026-05-17T16:58:55.934+0700 [DEBUG] [org.gradle.cache.internal.DefaultFileLockManager] Releasing lock on daemon addresses registry.
2026-05-17T16:58:55.936+0700 [DEBUG] [org.gradle.cache.internal.DefaultFileLockManager] Waiting to acquire shared lock on daemon addresses registry.
2026-05-17T16:58:55.936+0700 [DEBUG] [org.gradle.cache.internal.DefaultFileLockManager] Lock acquired on daemon addresses registry.
2026-05-17T16:58:55.937+0700 [DEBUG] [org.gradle.cache.internal.DefaultFileLockManager] Releasing lock on daemon addresses registry.
2026-05-17T16:59:05.924+0700 [DEBUG] [org.gradle.cache.internal.DefaultFileLockManager] Waiting to acquire shared lock on daemon addresses registry.
2026-05-17T16:59:05.924+0700 [DEBUG] [org.gradle.cache.internal.DefaultFileLockManager] Lock acquired on daemon addresses registry.
2026-05-17T16:59:05.925+0700 [DEBUG] [org.gradle.cache.internal.DefaultFileLockManager] Releasing lock on daemon addresses registry.
2026-05-17T16:59:05.927+0700 [DEBUG] [org.gradle.cache.internal.DefaultFileLockManager] Waiting to acquire shared lock on daemon addresses registry.
2026-05-17T16:59:05.927+0700 [DEBUG] [org.gradle.cache.internal.DefaultFileLockManager] Lock acquired on daemon addresses registry.
2026-05-17T16:59:05.928+0700 [DEBUG] [org.gradle.cache.internal.DefaultFileLockManager] Releasing lock on daemon addresses registry.
2026-05-17T16:59:05.929+0700 [DEBUG] [org.gradle.cache.internal.DefaultFileLockManager] Waiting to acquire shared lock on daemon addresses registry.
2026-05-17T16:59:05.930+0700 [DEBUG] [org.gradle.cache.internal.DefaultFileLockManager] Lock acquired on daemon addresses registry.
2026-05-17T16:59:05.931+0700 [DEBUG] [org.gradle.cache.internal.DefaultFileLockManager] Releasing lock on daemon addresses registry.
2026-05-17T16:59:15.927+0700 [DEBUG] [org.gradle.cache.internal.DefaultFileLockManager] Waiting to acquire shared lock on daemon addresses registry.
2026-05-17T16:59:15.927+0700 [DEBUG] [org.gradle.cache.internal.DefaultFileLockManager] Lock acquired on daemon addresses registry.
2026-05-17T16:59:15.928+0700 [DEBUG] [org.gradle.cache.internal.DefaultFileLockManager] Releasing lock on daemon addresses registry.
2026-05-17T16:59:15.931+0700 [DEBUG] [org.gradle.cache.internal.DefaultFileLockManager] Waiting to acquire shared lock on daemon addresses registry.
2026-05-17T16:59:15.931+0700 [DEBUG] [org.gradle.cache.internal.DefaultFileLockManager] Lock acquired on daemon addresses registry.
2026-05-17T16:59:15.932+0700 [DEBUG] [org.gradle.cache.internal.DefaultFileLockManager] Releasing lock on daemon addresses registry.
2026-05-17T16:59:15.933+0700 [DEBUG] [org.gradle.cache.internal.DefaultFileLockManager] Waiting to acquire shared lock on daemon addresses registry.
2026-05-17T16:59:15.934+0700 [DEBUG] [org.gradle.cache.internal.DefaultFileLockManager] Lock acquired on daemon addresses registry.
2026-05-17T16:59:15.935+0700 [DEBUG] [org.gradle.cache.internal.DefaultFileLockManager] Releasing lock on daemon addresses registry.
2026-05-17T16:59:25.928+0700 [DEBUG] [org.gradle.cache.internal.DefaultFileLockManager] Waiting to acquire shared lock on daemon addresses registry.
2026-05-17T16:59:25.928+0700 [DEBUG] [org.gradle.cache.internal.DefaultFileLockManager] Lock acquired on daemon addresses registry.
2026-05-17T16:59:25.929+0700 [DEBUG] [org.gradle.cache.internal.DefaultFileLockManager] Releasing lock on daemon addresses registry.
2026-05-17T16:59:25.932+0700 [DEBUG] [org.gradle.cache.internal.DefaultFileLockManager] Waiting to acquire shared lock on daemon addresses registry.
2026-05-17T16:59:25.933+0700 [DEBUG] [org.gradle.cache.internal.DefaultFileLockManager] Lock acquired on daemon addresses registry.
2026-05-17T16:59:25.934+0700 [DEBUG] [org.gradle.cache.internal.DefaultFileLockManager] Releasing lock on daemon addresses registry.
2026-05-17T16:59:25.936+0700 [DEBUG] [org.gradle.cache.internal.DefaultFileLockManager] Waiting to acquire shared lock on daemon addresses registry.
2026-05-17T16:59:25.936+0700 [DEBUG] [org.gradle.cache.internal.DefaultFileLockManager] Lock acquired on daemon addresses registry.
2026-05-17T16:59:25.937+0700 [DEBUG] [org.gradle.cache.internal.DefaultFileLockManager] Releasing lock on daemon addresses registry.
2026-05-17T16:59:35.929+0700 [DEBUG] [org.gradle.cache.internal.DefaultFileLockManager] Waiting to acquire shared lock on daemon addresses registry.
2026-05-17T16:59:35.929+0700 [DEBUG] [org.gradle.cache.internal.DefaultFileLockManager] Lock acquired on daemon addresses registry.
2026-05-17T16:59:35.930+0700 [DEBUG] [org.gradle.cache.internal.DefaultFileLockManager] Releasing lock on daemon addresses registry.
2026-05-17T16:59:35.931+0700 [DEBUG] [org.gradle.cache.internal.DefaultFileLockManager] Waiting to acquire shared lock on daemon addresses registry.
2026-05-17T16:59:35.931+0700 [DEBUG] [org.gradle.cache.internal.DefaultFileLockManager] Lock acquired on daemon addresses registry.
2026-05-17T16:59:35.931+0700 [DEBUG] [org.gradle.cache.internal.DefaultFileLockManager] Releasing lock on daemon addresses registry.
2026-05-17T16:59:35.931+0700 [DEBUG] [org.gradle.cache.internal.DefaultFileLockManager] Waiting to acquire shared lock on daemon addresses registry.
2026-05-17T16:59:35.931+0700 [DEBUG] [org.gradle.cache.internal.DefaultFileLockManager] Lock acquired on daemon addresses registry.
2026-05-17T16:59:35.931+0700 [DEBUG] [org.gradle.cache.internal.DefaultFileLockManager] Releasing lock on daemon addresses registry.
2026-05-17T16:59:45.929+0700 [DEBUG] [org.gradle.cache.internal.DefaultFileLockManager] Waiting to acquire shared lock on daemon addresses registry.
2026-05-17T16:59:45.930+0700 [DEBUG] [org.gradle.cache.internal.DefaultFileLockManager] Lock acquired on daemon addresses registry.
2026-05-17T16:59:45.930+0700 [DEBUG] [org.gradle.cache.internal.DefaultFileLockManager] Releasing lock on daemon addresses registry.
2026-05-17T16:59:45.931+0700 [DEBUG] [org.gradle.cache.internal.DefaultFileLockManager] Waiting to acquire shared lock on daemon addresses registry.
2026-05-17T16:59:45.931+0700 [DEBUG] [org.gradle.cache.internal.DefaultFileLockManager] Lock acquired on daemon addresses registry.
2026-05-17T16:59:45.932+0700 [DEBUG] [org.gradle.cache.internal.DefaultFileLockManager] Releasing lock on daemon addresses registry.
2026-05-17T16:59:45.932+0700 [DEBUG] [org.gradle.cache.internal.DefaultFileLockManager] Waiting to acquire shared lock on daemon addresses registry.
2026-05-17T16:59:45.932+0700 [DEBUG] [org.gradle.cache.internal.DefaultFileLockManager] Lock acquired on daemon addresses registry.
2026-05-17T16:59:45.932+0700 [DEBUG] [org.gradle.cache.internal.DefaultFileLockManager] Releasing lock on daemon addresses registry.
2026-05-17T16:59:55.923+0700 [DEBUG] [org.gradle.cache.internal.DefaultFileLockManager] Waiting to acquire shared lock on daemon addresses registry.
2026-05-17T16:59:55.924+0700 [DEBUG] [org.gradle.cache.internal.DefaultFileLockManager] Lock acquired on daemon addresses registry.
2026-05-17T16:59:55.924+0700 [DEBUG] [org.gradle.cache.internal.DefaultFileLockManager] Releasing lock on daemon addresses registry.
2026-05-17T16:59:55.926+0700 [DEBUG] [org.gradle.cache.internal.DefaultFileLockManager] Waiting to acquire shared lock on daemon addresses registry.
2026-05-17T16:59:55.926+0700 [DEBUG] [org.gradle.cache.internal.DefaultFileLockManager] Lock acquired on daemon addresses registry.
2026-05-17T16:59:55.926+0700 [DEBUG] [org.gradle.cache.internal.DefaultFileLockManager] Releasing lock on daemon addresses registry.
2026-05-17T16:59:55.927+0700 [DEBUG] [org.gradle.cache.internal.DefaultFileLockManager] Waiting to acquire shared lock on daemon addresses registry.
2026-05-17T16:59:55.927+0700 [DEBUG] [org.gradle.cache.internal.DefaultFileLockManager] Lock acquired on daemon addresses registry.
2026-05-17T16:59:55.928+0700 [DEBUG] [org.gradle.cache.internal.DefaultFileLockManager] Releasing lock on daemon addresses registry.
2026-05-17T17:00:05.923+0700 [DEBUG] [org.gradle.cache.internal.DefaultFileLockManager] Waiting to acquire shared lock on daemon addresses registry.
2026-05-17T17:00:05.923+0700 [DEBUG] [org.gradle.cache.internal.DefaultFileLockManager] Lock acquired on daemon addresses registry.
2026-05-17T17:00:05.924+0700 [DEBUG] [org.gradle.cache.internal.DefaultFileLockManager] Releasing lock on daemon addresses registry.
2026-05-17T17:00:05.925+0700 [DEBUG] [org.gradle.cache.internal.DefaultFileLockManager] Waiting to acquire shared lock on daemon addresses registry.
2026-05-17T17:00:05.925+0700 [DEBUG] [org.gradle.cache.internal.DefaultFileLockManager] Lock acquired on daemon addresses registry.
2026-05-17T17:00:05.926+0700 [DEBUG] [org.gradle.cache.internal.DefaultFileLockManager] Releasing lock on daemon addresses registry.
2026-05-17T17:00:05.926+0700 [DEBUG] [org.gradle.cache.internal.DefaultFileLockManager] Waiting to acquire shared lock on daemon addresses registry.
2026-05-17T17:00:05.926+0700 [DEBUG] [org.gradle.cache.internal.DefaultFileLockManager] Lock acquired on daemon addresses registry.
2026-05-17T17:00:05.927+0700 [DEBUG] [org.gradle.cache.internal.DefaultFileLockManager] Releasing lock on daemon addresses registry.
2026-05-17T17:00:15.920+0700 [DEBUG] [org.gradle.cache.internal.DefaultFileLockManager] Waiting to acquire shared lock on daemon addresses registry.
2026-05-17T17:00:15.920+0700 [DEBUG] [org.gradle.cache.internal.DefaultFileLockManager] Lock acquired on daemon addresses registry.
2026-05-17T17:00:15.921+0700 [DEBUG] [org.gradle.cache.internal.DefaultFileLockManager] Releasing lock on daemon addresses registry.
2026-05-17T17:00:15.921+0700 [DEBUG] [org.gradle.cache.internal.DefaultFileLockManager] Waiting to acquire shared lock on daemon addresses registry.
2026-05-17T17:00:15.921+0700 [DEBUG] [org.gradle.cache.internal.DefaultFileLockManager] Lock acquired on daemon addresses registry.
2026-05-17T17:00:15.922+0700 [DEBUG] [org.gradle.cache.internal.DefaultFileLockManager] Releasing lock on daemon addresses registry.
2026-05-17T17:00:15.922+0700 [DEBUG] [org.gradle.cache.internal.DefaultFileLockManager] Waiting to acquire shared lock on daemon addresses registry.
2026-05-17T17:00:15.922+0700 [DEBUG] [org.gradle.cache.internal.DefaultFileLockManager] Lock acquired on daemon addresses registry.
2026-05-17T17:00:15.923+0700 [DEBUG] [org.gradle.cache.internal.DefaultFileLockManager] Releasing lock on daemon addresses registry.
2026-05-17T17:00:25.919+0700 [DEBUG] [org.gradle.cache.internal.DefaultFileLockManager] Waiting to acquire shared lock on daemon addresses registry.
2026-05-17T17:00:25.919+0700 [DEBUG] [org.gradle.cache.internal.DefaultFileLockManager] Lock acquired on daemon addresses registry.
2026-05-17T17:00:25.920+0700 [DEBUG] [org.gradle.cache.internal.DefaultFileLockManager] Releasing lock on daemon addresses registry.
2026-05-17T17:00:25.921+0700 [DEBUG] [org.gradle.cache.internal.DefaultFileLockManager] Waiting to acquire shared lock on daemon addresses registry.
2026-05-17T17:00:25.921+0700 [DEBUG] [org.gradle.cache.internal.DefaultFileLockManager] Lock acquired on daemon addresses registry.
2026-05-17T17:00:25.922+0700 [DEBUG] [org.gradle.cache.internal.DefaultFileLockManager] Releasing lock on daemon addresses registry.
2026-05-17T17:00:25.923+0700 [DEBUG] [org.gradle.cache.internal.DefaultFileLockManager] Waiting to acquire shared lock on daemon addresses registry.
2026-05-17T17:00:25.923+0700 [DEBUG] [org.gradle.cache.internal.DefaultFileLockManager] Lock acquired on daemon addresses registry.
2026-05-17T17:00:25.924+0700 [DEBUG] [org.gradle.cache.internal.DefaultFileLockManager] Releasing lock on daemon addresses registry.
2026-05-17T17:00:35.927+0700 [DEBUG] [org.gradle.cache.internal.DefaultFileLockManager] Waiting to acquire shared lock on daemon addresses registry.
2026-05-17T17:00:35.928+0700 [DEBUG] [org.gradle.cache.internal.DefaultFileLockManager] Lock acquired on daemon addresses registry.
2026-05-17T17:00:35.929+0700 [DEBUG] [org.gradle.cache.internal.DefaultFileLockManager] Releasing lock on daemon addresses registry.
2026-05-17T17:00:35.930+0700 [DEBUG] [org.gradle.cache.internal.DefaultFileLockManager] Waiting to acquire shared lock on daemon addresses registry.
2026-05-17T17:00:35.930+0700 [DEBUG] [org.gradle.cache.internal.DefaultFileLockManager] Lock acquired on daemon addresses registry.
2026-05-17T17:00:35.931+0700 [DEBUG] [org.gradle.cache.internal.DefaultFileLockManager] Releasing lock on daemon addresses registry.
2026-05-17T17:00:35.931+0700 [DEBUG] [org.gradle.cache.internal.DefaultFileLockManager] Waiting to acquire shared lock on daemon addresses registry.
2026-05-17T17:00:35.931+0700 [DEBUG] [org.gradle.cache.internal.DefaultFileLockManager] Lock acquired on daemon addresses registry.
2026-05-17T17:00:35.931+0700 [DEBUG] [org.gradle.cache.internal.DefaultFileLockManager] Releasing lock on daemon addresses registry.
2026-05-17T17:00:45.928+0700 [DEBUG] [org.gradle.cache.internal.DefaultFileLockManager] Waiting to acquire shared lock on daemon addresses registry.
2026-05-17T17:00:45.929+0700 [DEBUG] [org.gradle.cache.internal.DefaultFileLockManager] Lock acquired on daemon addresses registry.
2026-05-17T17:00:45.929+0700 [DEBUG] [org.gradle.cache.internal.DefaultFileLockManager] Releasing lock on daemon addresses registry.
2026-05-17T17:00:45.930+0700 [DEBUG] [org.gradle.cache.internal.DefaultFileLockManager] Waiting to acquire shared lock on daemon addresses registry.
2026-05-17T17:00:45.930+0700 [DEBUG] [org.gradle.cache.internal.DefaultFileLockManager] Lock acquired on daemon addresses registry.
2026-05-17T17:00:45.930+0700 [DEBUG] [org.gradle.cache.internal.DefaultFileLockManager] Releasing lock on daemon addresses registry.
2026-05-17T17:00:45.931+0700 [DEBUG] [org.gradle.cache.internal.DefaultFileLockManager] Waiting to acquire shared lock on daemon addresses registry.
2026-05-17T17:00:45.931+0700 [DEBUG] [org.gradle.cache.internal.DefaultFileLockManager] Lock acquired on daemon addresses registry.
2026-05-17T17:00:45.932+0700 [DEBUG] [org.gradle.cache.internal.DefaultFileLockManager] Releasing lock on daemon addresses registry.
2026-05-17T17:00:55.930+0700 [DEBUG] [org.gradle.cache.internal.DefaultFileLockManager] Waiting to acquire shared lock on daemon addresses registry.
2026-05-17T17:00:55.930+0700 [DEBUG] [org.gradle.cache.internal.DefaultFileLockManager] Lock acquired on daemon addresses registry.
2026-05-17T17:00:55.930+0700 [DEBUG] [org.gradle.cache.internal.DefaultFileLockManager] Releasing lock on daemon addresses registry.
2026-05-17T17:00:55.931+0700 [DEBUG] [org.gradle.cache.internal.DefaultFileLockManager] Waiting to acquire shared lock on daemon addresses registry.
2026-05-17T17:00:55.931+0700 [DEBUG] [org.gradle.cache.internal.DefaultFileLockManager] Lock acquired on daemon addresses registry.
2026-05-17T17:00:55.931+0700 [DEBUG] [org.gradle.cache.internal.DefaultFileLockManager] Releasing lock on daemon addresses registry.
2026-05-17T17:00:55.931+0700 [DEBUG] [org.gradle.cache.internal.DefaultFileLockManager] Waiting to acquire shared lock on daemon addresses registry.
2026-05-17T17:00:55.931+0700 [DEBUG] [org.gradle.cache.internal.DefaultFileLockManager] Lock acquired on daemon addresses registry.
2026-05-17T17:00:55.931+0700 [DEBUG] [org.gradle.cache.internal.DefaultFileLockManager] Releasing lock on daemon addresses registry.
2026-05-17T17:01:05.918+0700 [DEBUG] [org.gradle.cache.internal.DefaultFileLockManager] Waiting to acquire shared lock on daemon addresses registry.
2026-05-17T17:01:05.918+0700 [DEBUG] [org.gradle.cache.internal.DefaultFileLockManager] Lock acquired on daemon addresses registry.
2026-05-17T17:01:05.918+0700 [DEBUG] [org.gradle.cache.internal.DefaultFileLockManager] Releasing lock on daemon addresses registry.
2026-05-17T17:01:05.919+0700 [DEBUG] [org.gradle.cache.internal.DefaultFileLockManager] Waiting to acquire shared lock on daemon addresses registry.
2026-05-17T17:01:05.919+0700 [DEBUG] [org.gradle.cache.internal.DefaultFileLockManager] Lock acquired on daemon addresses registry.
2026-05-17T17:01:05.919+0700 [DEBUG] [org.gradle.cache.internal.DefaultFileLockManager] Releasing lock on daemon addresses registry.
2026-05-17T17:01:05.920+0700 [DEBUG] [org.gradle.cache.internal.DefaultFileLockManager] Waiting to acquire shared lock on daemon addresses registry.
2026-05-17T17:01:05.920+0700 [DEBUG] [org.gradle.cache.internal.DefaultFileLockManager] Lock acquired on daemon addresses registry.
2026-05-17T17:01:05.920+0700 [DEBUG] [org.gradle.cache.internal.DefaultFileLockManager] Releasing lock on daemon addresses registry.
2026-05-17T17:01:15.932+0700 [DEBUG] [org.gradle.cache.internal.DefaultFileLockManager] Waiting to acquire shared lock on daemon addresses registry.
2026-05-17T17:01:15.932+0700 [DEBUG] [org.gradle.cache.internal.DefaultFileLockManager] Lock acquired on daemon addresses registry.
2026-05-17T17:01:15.932+0700 [DEBUG] [org.gradle.cache.internal.DefaultFileLockManager] Releasing lock on daemon addresses registry.
2026-05-17T17:01:15.932+0700 [DEBUG] [org.gradle.cache.internal.DefaultFileLockManager] Waiting to acquire shared lock on daemon addresses registry.
2026-05-17T17:01:15.932+0700 [DEBUG] [org.gradle.cache.internal.DefaultFileLockManager] Lock acquired on daemon addresses registry.
2026-05-17T17:01:15.933+0700 [DEBUG] [org.gradle.cache.internal.DefaultFileLockManager] Releasing lock on daemon addresses registry.
2026-05-17T17:01:15.933+0700 [DEBUG] [org.gradle.cache.internal.DefaultFileLockManager] Waiting to acquire shared lock on daemon addresses registry.
2026-05-17T17:01:15.933+0700 [DEBUG] [org.gradle.cache.internal.DefaultFileLockManager] Lock acquired on daemon addresses registry.
2026-05-17T17:01:15.933+0700 [DEBUG] [org.gradle.cache.internal.DefaultFileLockManager] Releasing lock on daemon addresses registry.
2026-05-17T17:01:25.933+0700 [DEBUG] [org.gradle.cache.internal.DefaultFileLockManager] Waiting to acquire shared lock on daemon addresses registry.
2026-05-17T17:01:25.933+0700 [DEBUG] [org.gradle.cache.internal.DefaultFileLockManager] Lock acquired on daemon addresses registry.
2026-05-17T17:01:25.934+0700 [DEBUG] [org.gradle.cache.internal.DefaultFileLockManager] Releasing lock on daemon addresses registry.
2026-05-17T17:01:25.935+0700 [DEBUG] [org.gradle.cache.internal.DefaultFileLockManager] Waiting to acquire shared lock on daemon addresses registry.
2026-05-17T17:01:25.935+0700 [DEBUG] [org.gradle.cache.internal.DefaultFileLockManager] Lock acquired on daemon addresses registry.
2026-05-17T17:01:25.935+0700 [DEBUG] [org.gradle.cache.internal.DefaultFileLockManager] Releasing lock on daemon addresses registry.
2026-05-17T17:01:25.936+0700 [DEBUG] [org.gradle.cache.internal.DefaultFileLockManager] Waiting to acquire shared lock on daemon addresses registry.
2026-05-17T17:01:25.936+0700 [DEBUG] [org.gradle.cache.internal.DefaultFileLockManager] Lock acquired on daemon addresses registry.
2026-05-17T17:01:25.937+0700 [DEBUG] [org.gradle.cache.internal.DefaultFileLockManager] Releasing lock on daemon addresses registry.
2026-05-17T17:01:35.920+0700 [DEBUG] [org.gradle.cache.internal.DefaultFileLockManager] Waiting to acquire shared lock on daemon addresses registry.
2026-05-17T17:01:35.920+0700 [DEBUG] [org.gradle.cache.internal.DefaultFileLockManager] Lock acquired on daemon addresses registry.
2026-05-17T17:01:35.921+0700 [DEBUG] [org.gradle.cache.internal.DefaultFileLockManager] Releasing lock on daemon addresses registry.
2026-05-17T17:01:35.923+0700 [DEBUG] [org.gradle.cache.internal.DefaultFileLockManager] Waiting to acquire shared lock on daemon addresses registry.
2026-05-17T17:01:35.924+0700 [DEBUG] [org.gradle.cache.internal.DefaultFileLockManager] Lock acquired on daemon addresses registry.
2026-05-17T17:01:35.924+0700 [DEBUG] [org.gradle.cache.internal.DefaultFileLockManager] Releasing lock on daemon addresses registry.
2026-05-17T17:01:35.925+0700 [DEBUG] [org.gradle.cache.internal.DefaultFileLockManager] Waiting to acquire shared lock on daemon addresses registry.
2026-05-17T17:01:35.926+0700 [DEBUG] [org.gradle.cache.internal.DefaultFileLockManager] Lock acquired on daemon addresses registry.
2026-05-17T17:01:35.926+0700 [DEBUG] [org.gradle.cache.internal.DefaultFileLockManager] Releasing lock on daemon addresses registry.
2026-05-17T17:01:37.642+0700 [DEBUG] [org.gradle.internal.watch.vfs.impl.WatchingVirtualFileSystem] Handling VFS change CREATED D:\code\ecommer_fco\back-end\src\main\java\com\fco\platform\FcoPlatformApplication.java
2026-05-17T17:01:42.134+0700 [DEBUG] [org.gradle.internal.watch.vfs.impl.WatchingVirtualFileSystem] Handling VFS change CREATED D:\code\ecommer_fco\back-end\src\test\java\com\fco\platform\FcoPlatformApplicationTests.java
2026-05-17T17:01:45.931+0700 [DEBUG] [org.gradle.cache.internal.DefaultFileLockManager] Waiting to acquire shared lock on daemon addresses registry.
2026-05-17T17:01:45.932+0700 [DEBUG] [org.gradle.cache.internal.DefaultFileLockManager] Lock acquired on daemon addresses registry.
2026-05-17T17:01:45.932+0700 [DEBUG] [org.gradle.cache.internal.DefaultFileLockManager] Releasing lock on daemon addresses registry.
2026-05-17T17:01:45.935+0700 [DEBUG] [org.gradle.cache.internal.DefaultFileLockManager] Waiting to acquire shared lock on daemon addresses registry.
2026-05-17T17:01:45.936+0700 [DEBUG] [org.gradle.cache.internal.DefaultFileLockManager] Lock acquired on daemon addresses registry.
2026-05-17T17:01:45.936+0700 [DEBUG] [org.gradle.cache.internal.DefaultFileLockManager] Releasing lock on daemon addresses registry.
2026-05-17T17:01:45.938+0700 [DEBUG] [org.gradle.cache.internal.DefaultFileLockManager] Waiting to acquire shared lock on daemon addresses registry.
2026-05-17T17:01:45.938+0700 [DEBUG] [org.gradle.cache.internal.DefaultFileLockManager] Lock acquired on daemon addresses registry.
2026-05-17T17:01:45.939+0700 [DEBUG] [org.gradle.cache.internal.DefaultFileLockManager] Releasing lock on daemon addresses registry.
2026-05-17T17:01:46.939+0700 [DEBUG] [org.gradle.internal.watch.vfs.impl.WatchingVirtualFileSystem] Handling VFS change MODIFIED D:\code\ecommer_fco\back-end\src\test\java\com\fco\platform\player\PlayerDetailQueryTest.java
2026-05-17T17:01:55.645+0700 [DEBUG] [org.gradle.internal.watch.vfs.impl.WatchingVirtualFileSystem] Handling VFS change REMOVED D:\code\ecommer_fco\back-end\src\main\java\com\ra\base_spring_boot\BaseSpringBootApplication.java
2026-05-17T17:01:55.646+0700 [DEBUG] [org.gradle.internal.watch.vfs.impl.WatchingVirtualFileSystem] Handling VFS change REMOVED D:\code\ecommer_fco\back-end\src\test\java\com\ra\base_spring_boot\BaseSpringBootApplicationTests.java
2026-05-17T17:01:55.923+0700 [DEBUG] [org.gradle.cache.internal.DefaultFileLockManager] Waiting to acquire shared lock on daemon addresses registry.
2026-05-17T17:01:55.925+0700 [DEBUG] [org.gradle.cache.internal.DefaultFileLockManager] Lock acquired on daemon addresses registry.
2026-05-17T17:01:55.926+0700 [DEBUG] [org.gradle.cache.internal.DefaultFileLockManager] Releasing lock on daemon addresses registry.
2026-05-17T17:01:55.929+0700 [DEBUG] [org.gradle.cache.internal.DefaultFileLockManager] Waiting to acquire shared lock on daemon addresses registry.
2026-05-17T17:01:55.929+0700 [DEBUG] [org.gradle.cache.internal.DefaultFileLockManager] Lock acquired on daemon addresses registry.
2026-05-17T17:01:55.929+0700 [DEBUG] [org.gradle.cache.internal.DefaultFileLockManager] Releasing lock on daemon addresses registry.
2026-05-17T17:01:55.930+0700 [DEBUG] [org.gradle.cache.internal.DefaultFileLockManager] Waiting to acquire shared lock on daemon addresses registry.
2026-05-17T17:01:55.930+0700 [DEBUG] [org.gradle.cache.internal.DefaultFileLockManager] Lock acquired on daemon addresses registry.
2026-05-17T17:01:55.931+0700 [DEBUG] [org.gradle.cache.internal.DefaultFileLockManager] Releasing lock on daemon addresses registry.
2026-05-17T17:02:05.918+0700 [DEBUG] [org.gradle.cache.internal.DefaultFileLockManager] Waiting to acquire shared lock on daemon addresses registry.
2026-05-17T17:02:05.918+0700 [DEBUG] [org.gradle.cache.internal.DefaultFileLockManager] Lock acquired on daemon addresses registry.
2026-05-17T17:02:05.919+0700 [DEBUG] [org.gradle.cache.internal.DefaultFileLockManager] Releasing lock on daemon addresses registry.
2026-05-17T17:02:05.919+0700 [DEBUG] [org.gradle.cache.internal.DefaultFileLockManager] Waiting to acquire shared lock on daemon addresses registry.
2026-05-17T17:02:05.919+0700 [DEBUG] [org.gradle.cache.internal.DefaultFileLockManager] Lock acquired on daemon addresses registry.
2026-05-17T17:02:05.919+0700 [DEBUG] [org.gradle.cache.internal.DefaultFileLockManager] Releasing lock on daemon addresses registry.
2026-05-17T17:02:05.920+0700 [DEBUG] [org.gradle.cache.internal.DefaultFileLockManager] Waiting to acquire shared lock on daemon addresses registry.
2026-05-17T17:02:05.920+0700 [DEBUG] [org.gradle.cache.internal.DefaultFileLockManager] Lock acquired on daemon addresses registry.
2026-05-17T17:02:05.921+0700 [DEBUG] [org.gradle.cache.internal.DefaultFileLockManager] Releasing lock on daemon addresses registry.
2026-05-17T17:02:07.665+0700 [DEBUG] [org.gradle.internal.remote.internal.inet.TcpIncomingConnector] Accepted connection from /127.0.0.1:54958 to /127.0.0.1:56766.
2026-05-17T17:02:07.706+0700 [DEBUG] [org.gradle.launcher.daemon.server.SynchronizedDispatchConnection] thread 565: received class org.gradle.launcher.daemon.protocol.Build
2026-05-17T17:02:07.706+0700 [DEBUG] [org.gradle.launcher.daemon.server.DefaultDaemonConnection] thread 565: Received non-IO message from client: Build{id=adb839d6-b76f-45f2-8e50-75451f11b1b8, currentDir=D:\code\ecommer_fco\back-end}
2026-05-17T17:02:07.706+0700 [INFO] [org.gradle.launcher.daemon.server.DefaultIncomingConnectionHandler] Received command: Build{id=adb839d6-b76f-45f2-8e50-75451f11b1b8, currentDir=D:\code\ecommer_fco\back-end}.
2026-05-17T17:02:07.706+0700 [DEBUG] [org.gradle.launcher.daemon.server.DefaultIncomingConnectionHandler] Starting executing command: Build{id=adb839d6-b76f-45f2-8e50-75451f11b1b8, currentDir=D:\code\ecommer_fco\back-end} with connection: socket connection from /127.0.0.1:56766 to /127.0.0.1:54958.
2026-05-17T17:02:07.706+0700 [DEBUG] [org.gradle.launcher.daemon.server.DaemonStateCoordinator] Command execution: started DaemonCommandExecution[command = Build{id=adb839d6-b76f-45f2-8e50-75451f11b1b8, currentDir=D:\code\ecommer_fco\back-end}, connection = DefaultDaemonConnection: socket connection from /127.0.0.1:56766 to /127.0.0.1:54958] after 4.101633333333334 minutes of idle
2026-05-17T17:02:07.706+0700 [INFO] [org.gradle.launcher.daemon.server.DaemonRegistryUpdater] Marking the daemon as busy, address: [725f609a-68d7-40a6-83ec-1e87117944fa port:56766, addresses:[localhost/127.0.0.1]]
2026-05-17T17:02:07.706+0700 [DEBUG] [org.gradle.launcher.daemon.registry.PersistentDaemonRegistry] Marking busy by address: [725f609a-68d7-40a6-83ec-1e87117944fa port:56766, addresses:[localhost/127.0.0.1]]
2026-05-17T17:02:07.707+0700 [DEBUG] [org.gradle.cache.internal.DefaultFileLockManager] Waiting to acquire exclusive lock on daemon addresses registry.
2026-05-17T17:02:07.707+0700 [DEBUG] [org.gradle.cache.internal.DefaultFileLockManager] Lock acquired on daemon addresses registry.
2026-05-17T17:02:07.708+0700 [DEBUG] [org.gradle.cache.internal.DefaultFileLockManager] Releasing lock on daemon addresses registry.
2026-05-17T17:02:07.708+0700 [DEBUG] [org.gradle.launcher.daemon.server.DaemonStateCoordinator] resetting idle timer
2026-05-17T17:02:07.708+0700 [DEBUG] [org.gradle.launcher.daemon.server.DaemonStateCoordinator] daemon is running. Sleeping until state changes.
2026-05-17T17:02:07.708+0700 [INFO] [org.gradle.launcher.daemon.server.exec.StartBuildOrRespondWithBusy] Daemon is about to start building Build{id=adb839d6-b76f-45f2-8e50-75451f11b1b8, currentDir=D:\code\ecommer_fco\back-end}. Dispatching build started information...
2026-05-17T17:02:07.708+0700 [DEBUG] [org.gradle.launcher.daemon.server.SynchronizedDispatchConnection] thread 567: dispatching org.gradle.launcher.daemon.protocol.BuildStarted@17664b9f
2026-05-17T17:02:07.709+0700 [DEBUG] [org.gradle.launcher.daemon.server.exec.EstablishBuildEnvironment] Configuring env variables: [USERDOMAIN_ROAMINGPROFILE, EFC_17748_1592913036, ANTIGRAVITY_EDITOR_APP_ROOT, PROCESSOR_LEVEL, SESSIONNAME, ALLUSERSPROFILE, PROCESSOR_ARCHITECTURE, PSModulePath, VSCODE_PID, SystemDrive, MOZ_PLUGIN_PATH, DIRNAME, USERNAME, ProgramFiles(x86), VSCODE_NLS_CONFIG, CHROME_CRASHPAD_PIPE_NAME, APP_HOME, DEFAULT_JVM_OPTS, PATHEXT, DriverData, OneDriveConsumer, VSCODE_CODE_CACHE_PATH, ProgramData, ProgramW6432, HOMEPATH, PROCESSOR_IDENTIFIER, ProgramFiles, PUBLIC, windir, LOCALAPPDATA, IntelliJ IDEA, USERDOMAIN, LOGONSERVER, JAVA_HOME, PROMPT, ANTIGRAVITY_TRAJECTORY_ID, OneDrive, APPDATA, GRADLE_USER_HOME, JAVA_EXE, CommonProgramFiles, EFC_17748_4126798990, Path, VSCODE_CWD, OS, COMPUTERNAME, PROCESSOR_REVISION, CLASSPATH, CommonProgramW6432, ComSpec, APP_BASE_NAME, =D:, SystemRoot, TEMP, HOMEDRIVE, USERPROFILE, TMP, CommonProgramFiles(x86), NUMBER_OF_PROCESSORS, ANTIGRAVITY_AGENT, VSCODE_IPC_HOOK]
2026-05-17T17:02:07.712+0700 [DEBUG] [org.gradle.launcher.daemon.server.exec.LogToClient] About to start relaying all logs to the client via the connection.
2026-05-17T17:02:07.712+0700 [INFO] [org.gradle.launcher.daemon.server.exec.LogToClient] The client will now receive all logging from the daemon (pid: 1396). The daemon log file: D:\code\ecommer_fco\back-end\.gradle_home\daemon\8.10.2\daemon-1396.out.log
2026-05-17T17:02:07.713+0700 [INFO] [org.gradle.launcher.daemon.server.exec.LogAndCheckHealth] Starting 4th build in daemon [uptime: 17 mins 2.106 secs, performance: 100%, GC rate: 0.00/s, heap usage: 0% of 512 MiB, non-heap usage: 17% of 384 MiB]
2026-05-17T17:02:07.713+0700 [DEBUG] [org.gradle.launcher.daemon.server.exec.ExecuteBuild] The daemon has started executing the build.
2026-05-17T17:02:07.713+0700 [DEBUG] [org.gradle.launcher.daemon.server.exec.ExecuteBuild] Executing build with daemon context: DefaultDaemonContext[uid=70815982-ccb9-4d72-8c42-0d72688535ba,javaHome=C:\Program Files\JetBrains\IntelliJ IDEA 2025.2.4\jbr,javaVersion=21,javaVendor=JetBrains s.r.o.,daemonRegistryDir=D:\code\ecommer_fco\back-end\.gradle_home\daemon,pid=1396,idleTimeout=10800000,priority=NORMAL,applyInstrumentationAgent=true,nativeServicesMode=ENABLED,daemonOpts=--add-opens=java.base/java.util=ALL-UNNAMED,--add-opens=java.base/java.lang=ALL-UNNAMED,--add-opens=java.base/java.lang.invoke=ALL-UNNAMED,--add-opens=java.prefs/java.util.prefs=ALL-UNNAMED,--add-exports=jdk.compiler/com.sun.tools.javac.api=ALL-UNNAMED,--add-exports=jdk.compiler/com.sun.tools.javac.util=ALL-UNNAMED,--add-opens=java.base/java.nio.charset=ALL-UNNAMED,--add-opens=java.base/java.net=ALL-UNNAMED,--add-opens=java.base/java.util.concurrent.atomic=ALL-UNNAMED,-XX:MaxMetaspaceSize=384m,-XX:+HeapDumpOnOutOfMemoryError,-Xms256m,-Xmx512m,-Dfile.encoding=UTF-8,-Duser.country=US,-Duser.language=en,-Duser.variant]
Note: Some input files use or override a deprecated API.
Note: Recompile with -Xlint:deprecation for details.

BUILD SUCCESSFUL in 7s
4 actionable tasks: 4 executed
2026-05-17T17:02:14.271+0700 [DEBUG] [org.gradle.launcher.daemon.server.exec.ExecuteBuild] The daemon has finished executing the build.
2026-05-17T17:02:14.289+0700 [DEBUG] [org.gradle.launcher.daemon.server.DaemonStateCoordinator] Command execution: finished waiting for DaemonCommandExecution[command = Build{id=adb839d6-b76f-45f2-8e50-75451f11b1b8, currentDir=D:\code\ecommer_fco\back-end}, connection = DefaultDaemonConnection: socket connection from /127.0.0.1:56766 to /127.0.0.1:54958]. Result org.gradle.launcher.daemon.server.DaemonStateCoordinator@2f41de46 with state Busy
2026-05-17T17:02:14.289+0700 [DEBUG] [org.gradle.launcher.daemon.server.DaemonStateCoordinator] Command execution: completed DaemonCommandExecution[command = Build{id=adb839d6-b76f-45f2-8e50-75451f11b1b8, currentDir=D:\code\ecommer_fco\back-end}, connection = DefaultDaemonConnection: socket connection from /127.0.0.1:56766 to /127.0.0.1:54958]
2026-05-17T17:02:14.290+0700 [DEBUG] [org.gradle.launcher.daemon.server.DaemonStateCoordinator] resetting idle timer
2026-05-17T17:02:14.290+0700 [INFO] [org.gradle.launcher.daemon.server.DaemonRegistryUpdater] Marking the daemon as idle, address: [725f609a-68d7-40a6-83ec-1e87117944fa port:56766, addresses:[localhost/127.0.0.1]]
2026-05-17T17:02:14.290+0700 [DEBUG] [org.gradle.launcher.daemon.registry.PersistentDaemonRegistry] Marking busy by address: [725f609a-68d7-40a6-83ec-1e87117944fa port:56766, addresses:[localhost/127.0.0.1]]
2026-05-17T17:02:14.299+0700 [DEBUG] [org.gradle.cache.internal.DefaultFileLockManager] Waiting to acquire exclusive lock on daemon addresses registry.
2026-05-17T17:02:14.299+0700 [DEBUG] [org.gradle.cache.internal.DefaultFileLockManager] Lock acquired on daemon addresses registry.
2026-05-17T17:02:14.314+0700 [DEBUG] [org.gradle.cache.internal.DefaultFileLockManager] Releasing lock on daemon addresses registry.
2026-05-17T17:02:14.314+0700 [DEBUG] [org.gradle.launcher.daemon.server.exec.ReturnResult] Daemon is dispatching the build result: Success[value=org.gradle.launcher.exec.BuildActionResult@5510afcd]
2026-05-17T17:02:14.314+0700 [DEBUG] [org.gradle.launcher.daemon.server.DaemonStateCoordinator] daemon is running. Sleeping until state changes.
2026-05-17T17:02:14.314+0700 [DEBUG] [org.gradle.launcher.daemon.server.SynchronizedDispatchConnection] thread 564: dispatching Success[value=org.gradle.launcher.exec.BuildActionResult@5510afcd]
2026-05-17T17:02:14.315+0700 [DEBUG] [org.gradle.launcher.daemon.server.DefaultIncomingConnectionHandler] Finishing executing command: Build{id=adb839d6-b76f-45f2-8e50-75451f11b1b8, currentDir=D:\code\ecommer_fco\back-end}
2026-05-17T17:02:14.315+0700 [DEBUG] [org.gradle.launcher.daemon.server.exec.CleanUpVirtualFileSystemAfterBuild] Cleaning virtual file system after build finished
2026-05-17T17:02:14.315+0700 [DEBUG] [org.gradle.launcher.daemon.server.SynchronizedDispatchConnection] thread 565: received class org.gradle.launcher.daemon.protocol.CloseInput
2026-05-17T17:02:14.315+0700 [DEBUG] [org.gradle.launcher.daemon.server.DefaultDaemonConnection] thread 565: Received IO message from client: org.gradle.launcher.daemon.protocol.CloseInput@38ccc270
2026-05-17T17:02:14.316+0700 [DEBUG] [org.gradle.launcher.daemon.server.SynchronizedDispatchConnection] thread 565: received class org.gradle.launcher.daemon.protocol.Finished
2026-05-17T17:02:14.316+0700 [DEBUG] [org.gradle.launcher.daemon.server.DefaultDaemonConnection] thread 565: Received non-IO message from client: org.gradle.launcher.daemon.protocol.Finished@360b2b19
2026-05-17T17:02:14.316+0700 [DEBUG] [org.gradle.launcher.daemon.server.DefaultIncomingConnectionHandler] Received finished message: org.gradle.launcher.daemon.protocol.Finished@360b2b19
2026-05-17T17:02:14.316+0700 [DEBUG] [org.gradle.launcher.daemon.server.SynchronizedDispatchConnection] thread 564: stopping connection
2026-05-17T17:02:14.316+0700 [DEBUG] [org.gradle.internal.remote.internal.inet.SocketConnection] Discarding EOFException: java.io.EOFException
2026-05-17T17:02:14.316+0700 [DEBUG] [org.gradle.launcher.daemon.server.SynchronizedDispatchConnection] thread 565: received null
2026-05-17T17:02:14.316+0700 [DEBUG] [org.gradle.launcher.daemon.server.DefaultDaemonConnection] thread 565: Received end-of-input from client.
2026-05-17T17:02:14.316+0700 [DEBUG] [org.gradle.launcher.daemon.server.SynchronizedDispatchConnection] thread 564: stopping connection
2026-05-17T17:02:15.938+0700 [DEBUG] [org.gradle.cache.internal.DefaultFileLockManager] Waiting to acquire shared lock on daemon addresses registry.
2026-05-17T17:02:15.938+0700 [DEBUG] [org.gradle.cache.internal.DefaultFileLockManager] Lock acquired on daemon addresses registry.
2026-05-17T17:02:15.952+0700 [DEBUG] [org.gradle.cache.internal.DefaultFileLockManager] Releasing lock on daemon addresses registry.
2026-05-17T17:02:15.953+0700 [DEBUG] [org.gradle.cache.internal.DefaultFileLockManager] Waiting to acquire shared lock on daemon addresses registry.
2026-05-17T17:02:15.954+0700 [DEBUG] [org.gradle.cache.internal.DefaultFileLockManager] Lock acquired on daemon addresses registry.
2026-05-17T17:02:15.954+0700 [DEBUG] [org.gradle.cache.internal.DefaultFileLockManager] Releasing lock on daemon addresses registry.
2026-05-17T17:02:25.927+0700 [DEBUG] [org.gradle.cache.internal.DefaultFileLockManager] Waiting to acquire shared lock on daemon addresses registry.
2026-05-17T17:02:25.928+0700 [DEBUG] [org.gradle.cache.internal.DefaultFileLockManager] Lock acquired on daemon addresses registry.
2026-05-17T17:02:25.928+0700 [DEBUG] [org.gradle.cache.internal.DefaultFileLockManager] Releasing lock on daemon addresses registry.
2026-05-17T17:02:25.929+0700 [DEBUG] [org.gradle.cache.internal.DefaultFileLockManager] Waiting to acquire shared lock on daemon addresses registry.
2026-05-17T17:02:25.930+0700 [DEBUG] [org.gradle.cache.internal.DefaultFileLockManager] Lock acquired on daemon addresses registry.
2026-05-17T17:02:25.930+0700 [DEBUG] [org.gradle.cache.internal.DefaultFileLockManager] Releasing lock on daemon addresses registry.
2026-05-17T17:02:25.931+0700 [DEBUG] [org.gradle.cache.internal.DefaultFileLockManager] Waiting to acquire shared lock on daemon addresses registry.
2026-05-17T17:02:25.931+0700 [DEBUG] [org.gradle.cache.internal.DefaultFileLockManager] Lock acquired on daemon addresses registry.
2026-05-17T17:02:25.931+0700 [DEBUG] [org.gradle.cache.internal.DefaultFileLockManager] Releasing lock on daemon addresses registry.
2026-05-17T17:02:35.927+0700 [DEBUG] [org.gradle.cache.internal.DefaultFileLockManager] Waiting to acquire shared lock on daemon addresses registry.
2026-05-17T17:02:35.927+0700 [DEBUG] [org.gradle.cache.internal.DefaultFileLockManager] Lock acquired on daemon addresses registry.
2026-05-17T17:02:35.927+0700 [DEBUG] [org.gradle.cache.internal.DefaultFileLockManager] Releasing lock on daemon addresses registry.
2026-05-17T17:02:35.928+0700 [DEBUG] [org.gradle.cache.internal.DefaultFileLockManager] Waiting to acquire shared lock on daemon addresses registry.
2026-05-17T17:02:35.928+0700 [DEBUG] [org.gradle.cache.internal.DefaultFileLockManager] Lock acquired on daemon addresses registry.
2026-05-17T17:02:35.928+0700 [DEBUG] [org.gradle.cache.internal.DefaultFileLockManager] Releasing lock on daemon addresses registry.
2026-05-17T17:02:35.928+0700 [DEBUG] [org.gradle.cache.internal.DefaultFileLockManager] Waiting to acquire shared lock on daemon addresses registry.
2026-05-17T17:02:35.928+0700 [DEBUG] [org.gradle.cache.internal.DefaultFileLockManager] Lock acquired on daemon addresses registry.
2026-05-17T17:02:35.928+0700 [DEBUG] [org.gradle.cache.internal.DefaultFileLockManager] Releasing lock on daemon addresses registry.
2026-05-17T17:02:45.930+0700 [DEBUG] [org.gradle.cache.internal.DefaultFileLockManager] Waiting to acquire shared lock on daemon addresses registry.
2026-05-17T17:02:45.930+0700 [DEBUG] [org.gradle.cache.internal.DefaultFileLockManager] Lock acquired on daemon addresses registry.
2026-05-17T17:02:45.931+0700 [DEBUG] [org.gradle.cache.internal.DefaultFileLockManager] Releasing lock on daemon addresses registry.
2026-05-17T17:02:45.932+0700 [DEBUG] [org.gradle.cache.internal.DefaultFileLockManager] Waiting to acquire shared lock on daemon addresses registry.
2026-05-17T17:02:45.932+0700 [DEBUG] [org.gradle.cache.internal.DefaultFileLockManager] Lock acquired on daemon addresses registry.
2026-05-17T17:02:45.932+0700 [DEBUG] [org.gradle.cache.internal.DefaultFileLockManager] Releasing lock on daemon addresses registry.
2026-05-17T17:02:45.933+0700 [DEBUG] [org.gradle.cache.internal.DefaultFileLockManager] Waiting to acquire shared lock on daemon addresses registry.
2026-05-17T17:02:45.933+0700 [DEBUG] [org.gradle.cache.internal.DefaultFileLockManager] Lock acquired on daemon addresses registry.
2026-05-17T17:02:45.934+0700 [DEBUG] [org.gradle.cache.internal.DefaultFileLockManager] Releasing lock on daemon addresses registry.
2026-05-17T17:02:55.920+0700 [DEBUG] [org.gradle.cache.internal.DefaultFileLockManager] Waiting to acquire shared lock on daemon addresses registry.
2026-05-17T17:02:55.920+0700 [DEBUG] [org.gradle.cache.internal.DefaultFileLockManager] Lock acquired on daemon addresses registry.
2026-05-17T17:02:55.921+0700 [DEBUG] [org.gradle.cache.internal.DefaultFileLockManager] Releasing lock on daemon addresses registry.
2026-05-17T17:02:55.922+0700 [DEBUG] [org.gradle.cache.internal.DefaultFileLockManager] Waiting to acquire shared lock on daemon addresses registry.
2026-05-17T17:02:55.922+0700 [DEBUG] [org.gradle.cache.internal.DefaultFileLockManager] Lock acquired on daemon addresses registry.
2026-05-17T17:02:55.922+0700 [DEBUG] [org.gradle.cache.internal.DefaultFileLockManager] Releasing lock on daemon addresses registry.
2026-05-17T17:02:55.923+0700 [DEBUG] [org.gradle.cache.internal.DefaultFileLockManager] Waiting to acquire shared lock on daemon addresses registry.
2026-05-17T17:02:55.923+0700 [DEBUG] [org.gradle.cache.internal.DefaultFileLockManager] Lock acquired on daemon addresses registry.
2026-05-17T17:02:55.923+0700 [DEBUG] [org.gradle.cache.internal.DefaultFileLockManager] Releasing lock on daemon addresses registry.
2026-05-17T17:03:05.924+0700 [DEBUG] [org.gradle.cache.internal.DefaultFileLockManager] Waiting to acquire shared lock on daemon addresses registry.
2026-05-17T17:03:05.924+0700 [DEBUG] [org.gradle.cache.internal.DefaultFileLockManager] Lock acquired on daemon addresses registry.
2026-05-17T17:03:05.924+0700 [DEBUG] [org.gradle.cache.internal.DefaultFileLockManager] Releasing lock on daemon addresses registry.
2026-05-17T17:03:05.925+0700 [DEBUG] [org.gradle.cache.internal.DefaultFileLockManager] Waiting to acquire shared lock on daemon addresses registry.
2026-05-17T17:03:05.926+0700 [DEBUG] [org.gradle.cache.internal.DefaultFileLockManager] Lock acquired on daemon addresses registry.
2026-05-17T17:03:05.926+0700 [DEBUG] [org.gradle.cache.internal.DefaultFileLockManager] Releasing lock on daemon addresses registry.
2026-05-17T17:03:05.927+0700 [DEBUG] [org.gradle.cache.internal.DefaultFileLockManager] Waiting to acquire shared lock on daemon addresses registry.
2026-05-17T17:03:05.927+0700 [DEBUG] [org.gradle.cache.internal.DefaultFileLockManager] Lock acquired on daemon addresses registry.
2026-05-17T17:03:05.927+0700 [DEBUG] [org.gradle.cache.internal.DefaultFileLockManager] Releasing lock on daemon addresses registry.
2026-05-17T17:03:15.931+0700 [DEBUG] [org.gradle.cache.internal.DefaultFileLockManager] Waiting to acquire shared lock on daemon addresses registry.
2026-05-17T17:03:15.931+0700 [DEBUG] [org.gradle.cache.internal.DefaultFileLockManager] Lock acquired on daemon addresses registry.
2026-05-17T17:03:15.931+0700 [DEBUG] [org.gradle.cache.internal.DefaultFileLockManager] Releasing lock on daemon addresses registry.
2026-05-17T17:03:15.933+0700 [DEBUG] [org.gradle.cache.internal.DefaultFileLockManager] Waiting to acquire shared lock on daemon addresses registry.
2026-05-17T17:03:15.933+0700 [DEBUG] [org.gradle.cache.internal.DefaultFileLockManager] Lock acquired on daemon addresses registry.
2026-05-17T17:03:15.934+0700 [DEBUG] [org.gradle.cache.internal.DefaultFileLockManager] Releasing lock on daemon addresses registry.
2026-05-17T17:03:15.934+0700 [DEBUG] [org.gradle.cache.internal.DefaultFileLockManager] Waiting to acquire shared lock on daemon addresses registry.
2026-05-17T17:03:15.935+0700 [DEBUG] [org.gradle.cache.internal.DefaultFileLockManager] Lock acquired on daemon addresses registry.
2026-05-17T17:03:15.935+0700 [DEBUG] [org.gradle.cache.internal.DefaultFileLockManager] Releasing lock on daemon addresses registry.
2026-05-17T17:03:25.929+0700 [DEBUG] [org.gradle.cache.internal.DefaultFileLockManager] Waiting to acquire shared lock on daemon addresses registry.
2026-05-17T17:03:25.929+0700 [DEBUG] [org.gradle.cache.internal.DefaultFileLockManager] Lock acquired on daemon addresses registry.
2026-05-17T17:03:25.930+0700 [DEBUG] [org.gradle.cache.internal.DefaultFileLockManager] Releasing lock on daemon addresses registry.
2026-05-17T17:03:25.931+0700 [DEBUG] [org.gradle.cache.internal.DefaultFileLockManager] Waiting to acquire shared lock on daemon addresses registry.
2026-05-17T17:03:25.932+0700 [DEBUG] [org.gradle.cache.internal.DefaultFileLockManager] Lock acquired on daemon addresses registry.
2026-05-17T17:03:25.932+0700 [DEBUG] [org.gradle.cache.internal.DefaultFileLockManager] Releasing lock on daemon addresses registry.
2026-05-17T17:03:25.933+0700 [DEBUG] [org.gradle.cache.internal.DefaultFileLockManager] Waiting to acquire shared lock on daemon addresses registry.
2026-05-17T17:03:25.933+0700 [DEBUG] [org.gradle.cache.internal.DefaultFileLockManager] Lock acquired on daemon addresses registry.
2026-05-17T17:03:25.934+0700 [DEBUG] [org.gradle.cache.internal.DefaultFileLockManager] Releasing lock on daemon addresses registry.
2026-05-17T17:03:35.921+0700 [DEBUG] [org.gradle.cache.internal.DefaultFileLockManager] Waiting to acquire shared lock on daemon addresses registry.
2026-05-17T17:03:35.921+0700 [DEBUG] [org.gradle.cache.internal.DefaultFileLockManager] Lock acquired on daemon addresses registry.
2026-05-17T17:03:35.921+0700 [DEBUG] [org.gradle.cache.internal.DefaultFileLockManager] Releasing lock on daemon addresses registry.
2026-05-17T17:03:35.922+0700 [DEBUG] [org.gradle.cache.internal.DefaultFileLockManager] Waiting to acquire shared lock on daemon addresses registry.
2026-05-17T17:03:35.922+0700 [DEBUG] [org.gradle.cache.internal.DefaultFileLockManager] Lock acquired on daemon addresses registry.
2026-05-17T17:03:35.922+0700 [DEBUG] [org.gradle.cache.internal.DefaultFileLockManager] Releasing lock on daemon addresses registry.
2026-05-17T17:03:35.923+0700 [DEBUG] [org.gradle.cache.internal.DefaultFileLockManager] Waiting to acquire shared lock on daemon addresses registry.
2026-05-17T17:03:35.923+0700 [DEBUG] [org.gradle.cache.internal.DefaultFileLockManager] Lock acquired on daemon addresses registry.
2026-05-17T17:03:35.923+0700 [DEBUG] [org.gradle.cache.internal.DefaultFileLockManager] Releasing lock on daemon addresses registry.
2026-05-17T17:03:45.928+0700 [DEBUG] [org.gradle.cache.internal.DefaultFileLockManager] Waiting to acquire shared lock on daemon addresses registry.
2026-05-17T17:03:45.929+0700 [DEBUG] [org.gradle.cache.internal.DefaultFileLockManager] Lock acquired on daemon addresses registry.
2026-05-17T17:03:45.929+0700 [DEBUG] [org.gradle.cache.internal.DefaultFileLockManager] Releasing lock on daemon addresses registry.
2026-05-17T17:03:45.930+0700 [DEBUG] [org.gradle.cache.internal.DefaultFileLockManager] Waiting to acquire shared lock on daemon addresses registry.
2026-05-17T17:03:45.930+0700 [DEBUG] [org.gradle.cache.internal.DefaultFileLockManager] Lock acquired on daemon addresses registry.
2026-05-17T17:03:45.930+0700 [DEBUG] [org.gradle.cache.internal.DefaultFileLockManager] Releasing lock on daemon addresses registry.
2026-05-17T17:03:45.930+0700 [DEBUG] [org.gradle.cache.internal.DefaultFileLockManager] Waiting to acquire shared lock on daemon addresses registry.
2026-05-17T17:03:45.931+0700 [DEBUG] [org.gradle.cache.internal.DefaultFileLockManager] Lock acquired on daemon addresses registry.
2026-05-17T17:03:45.931+0700 [DEBUG] [org.gradle.cache.internal.DefaultFileLockManager] Releasing lock on daemon addresses registry.
2026-05-17T17:03:55.927+0700 [DEBUG] [org.gradle.cache.internal.DefaultFileLockManager] Waiting to acquire shared lock on daemon addresses registry.
2026-05-17T17:03:55.927+0700 [DEBUG] [org.gradle.cache.internal.DefaultFileLockManager] Lock acquired on daemon addresses registry.
2026-05-17T17:03:55.927+0700 [DEBUG] [org.gradle.cache.internal.DefaultFileLockManager] Releasing lock on daemon addresses registry.
2026-05-17T17:03:55.928+0700 [DEBUG] [org.gradle.cache.internal.DefaultFileLockManager] Waiting to acquire shared lock on daemon addresses registry.
2026-05-17T17:03:55.928+0700 [DEBUG] [org.gradle.cache.internal.DefaultFileLockManager] Lock acquired on daemon addresses registry.
2026-05-17T17:03:55.929+0700 [DEBUG] [org.gradle.cache.internal.DefaultFileLockManager] Releasing lock on daemon addresses registry.
2026-05-17T17:03:55.929+0700 [DEBUG] [org.gradle.cache.internal.DefaultFileLockManager] Waiting to acquire shared lock on daemon addresses registry.
2026-05-17T17:03:55.929+0700 [DEBUG] [org.gradle.cache.internal.DefaultFileLockManager] Lock acquired on daemon addresses registry.
2026-05-17T17:03:55.929+0700 [DEBUG] [org.gradle.cache.internal.DefaultFileLockManager] Releasing lock on daemon addresses registry.
2026-05-17T17:04:05.922+0700 [DEBUG] [org.gradle.cache.internal.DefaultFileLockManager] Waiting to acquire shared lock on daemon addresses registry.
2026-05-17T17:04:05.922+0700 [DEBUG] [org.gradle.cache.internal.DefaultFileLockManager] Lock acquired on daemon addresses registry.
2026-05-17T17:04:05.922+0700 [DEBUG] [org.gradle.cache.internal.DefaultFileLockManager] Releasing lock on daemon addresses registry.
2026-05-17T17:04:05.923+0700 [DEBUG] [org.gradle.cache.internal.DefaultFileLockManager] Waiting to acquire shared lock on daemon addresses registry.
2026-05-17T17:04:05.923+0700 [DEBUG] [org.gradle.cache.internal.DefaultFileLockManager] Lock acquired on daemon addresses registry.
2026-05-17T17:04:05.923+0700 [DEBUG] [org.gradle.cache.internal.DefaultFileLockManager] Releasing lock on daemon addresses registry.
2026-05-17T17:04:05.925+0700 [DEBUG] [org.gradle.cache.internal.DefaultFileLockManager] Waiting to acquire shared lock on daemon addresses registry.
2026-05-17T17:04:05.925+0700 [DEBUG] [org.gradle.cache.internal.DefaultFileLockManager] Lock acquired on daemon addresses registry.
2026-05-17T17:04:05.926+0700 [DEBUG] [org.gradle.cache.internal.DefaultFileLockManager] Releasing lock on daemon addresses registry.
2026-05-17T17:04:15.926+0700 [DEBUG] [org.gradle.cache.internal.DefaultFileLockManager] Waiting to acquire shared lock on daemon addresses registry.
2026-05-17T17:04:15.926+0700 [DEBUG] [org.gradle.cache.internal.DefaultFileLockManager] Lock acquired on daemon addresses registry.
2026-05-17T17:04:15.927+0700 [DEBUG] [org.gradle.cache.internal.DefaultFileLockManager] Releasing lock on daemon addresses registry.
2026-05-17T17:04:15.928+0700 [DEBUG] [org.gradle.cache.internal.DefaultFileLockManager] Waiting to acquire shared lock on daemon addresses registry.
2026-05-17T17:04:15.928+0700 [DEBUG] [org.gradle.cache.internal.DefaultFileLockManager] Lock acquired on daemon addresses registry.
2026-05-17T17:04:15.928+0700 [DEBUG] [org.gradle.cache.internal.DefaultFileLockManager] Releasing lock on daemon addresses registry.
2026-05-17T17:04:15.929+0700 [DEBUG] [org.gradle.cache.internal.DefaultFileLockManager] Waiting to acquire shared lock on daemon addresses registry.
2026-05-17T17:04:15.929+0700 [DEBUG] [org.gradle.cache.internal.DefaultFileLockManager] Lock acquired on daemon addresses registry.
2026-05-17T17:04:15.929+0700 [DEBUG] [org.gradle.cache.internal.DefaultFileLockManager] Releasing lock on daemon addresses registry.
2026-05-17T17:04:25.933+0700 [DEBUG] [org.gradle.cache.internal.DefaultFileLockManager] Waiting to acquire shared lock on daemon addresses registry.
2026-05-17T17:04:25.934+0700 [DEBUG] [org.gradle.cache.internal.DefaultFileLockManager] Lock acquired on daemon addresses registry.
2026-05-17T17:04:25.934+0700 [DEBUG] [org.gradle.cache.internal.DefaultFileLockManager] Releasing lock on daemon addresses registry.
2026-05-17T17:04:25.935+0700 [DEBUG] [org.gradle.cache.internal.DefaultFileLockManager] Waiting to acquire shared lock on daemon addresses registry.
2026-05-17T17:04:25.936+0700 [DEBUG] [org.gradle.cache.internal.DefaultFileLockManager] Lock acquired on daemon addresses registry.
2026-05-17T17:04:25.936+0700 [DEBUG] [org.gradle.cache.internal.DefaultFileLockManager] Releasing lock on daemon addresses registry.
2026-05-17T17:04:25.937+0700 [DEBUG] [org.gradle.cache.internal.DefaultFileLockManager] Waiting to acquire shared lock on daemon addresses registry.
2026-05-17T17:04:25.937+0700 [DEBUG] [org.gradle.cache.internal.DefaultFileLockManager] Lock acquired on daemon addresses registry.
2026-05-17T17:04:25.937+0700 [DEBUG] [org.gradle.cache.internal.DefaultFileLockManager] Releasing lock on daemon addresses registry.
2026-05-17T17:04:35.921+0700 [DEBUG] [org.gradle.cache.internal.DefaultFileLockManager] Waiting to acquire shared lock on daemon addresses registry.
2026-05-17T17:04:35.921+0700 [DEBUG] [org.gradle.cache.internal.DefaultFileLockManager] Lock acquired on daemon addresses registry.
2026-05-17T17:04:35.921+0700 [DEBUG] [org.gradle.cache.internal.DefaultFileLockManager] Releasing lock on daemon addresses registry.
2026-05-17T17:04:35.923+0700 [DEBUG] [org.gradle.cache.internal.DefaultFileLockManager] Waiting to acquire shared lock on daemon addresses registry.
2026-05-17T17:04:35.923+0700 [DEBUG] [org.gradle.cache.internal.DefaultFileLockManager] Lock acquired on daemon addresses registry.
2026-05-17T17:04:35.923+0700 [DEBUG] [org.gradle.cache.internal.DefaultFileLockManager] Releasing lock on daemon addresses registry.
2026-05-17T17:04:35.924+0700 [DEBUG] [org.gradle.cache.internal.DefaultFileLockManager] Waiting to acquire shared lock on daemon addresses registry.
2026-05-17T17:04:35.925+0700 [DEBUG] [org.gradle.cache.internal.DefaultFileLockManager] Lock acquired on daemon addresses registry.
2026-05-17T17:04:35.925+0700 [DEBUG] [org.gradle.cache.internal.DefaultFileLockManager] Releasing lock on daemon addresses registry.
2026-05-17T17:04:45.926+0700 [DEBUG] [org.gradle.cache.internal.DefaultFileLockManager] Waiting to acquire shared lock on daemon addresses registry.
2026-05-17T17:04:45.926+0700 [DEBUG] [org.gradle.cache.internal.DefaultFileLockManager] Lock acquired on daemon addresses registry.
2026-05-17T17:04:45.926+0700 [DEBUG] [org.gradle.cache.internal.DefaultFileLockManager] Releasing lock on daemon addresses registry.
2026-05-17T17:04:45.928+0700 [DEBUG] [org.gradle.cache.internal.DefaultFileLockManager] Waiting to acquire shared lock on daemon addresses registry.
2026-05-17T17:04:45.928+0700 [DEBUG] [org.gradle.cache.internal.DefaultFileLockManager] Lock acquired on daemon addresses registry.
2026-05-17T17:04:45.929+0700 [DEBUG] [org.gradle.cache.internal.DefaultFileLockManager] Releasing lock on daemon addresses registry.
2026-05-17T17:04:45.929+0700 [DEBUG] [org.gradle.cache.internal.DefaultFileLockManager] Waiting to acquire shared lock on daemon addresses registry.
2026-05-17T17:04:45.929+0700 [DEBUG] [org.gradle.cache.internal.DefaultFileLockManager] Lock acquired on daemon addresses registry.
2026-05-17T17:04:45.929+0700 [DEBUG] [org.gradle.cache.internal.DefaultFileLockManager] Releasing lock on daemon addresses registry.
2026-05-17T17:04:55.928+0700 [DEBUG] [org.gradle.cache.internal.DefaultFileLockManager] Waiting to acquire shared lock on daemon addresses registry.
2026-05-17T17:04:55.929+0700 [DEBUG] [org.gradle.cache.internal.DefaultFileLockManager] Lock acquired on daemon addresses registry.
2026-05-17T17:04:55.929+0700 [DEBUG] [org.gradle.cache.internal.DefaultFileLockManager] Releasing lock on daemon addresses registry.
2026-05-17T17:04:55.930+0700 [DEBUG] [org.gradle.cache.internal.DefaultFileLockManager] Waiting to acquire shared lock on daemon addresses registry.
2026-05-17T17:04:55.931+0700 [DEBUG] [org.gradle.cache.internal.DefaultFileLockManager] Lock acquired on daemon addresses registry.
2026-05-17T17:04:55.931+0700 [DEBUG] [org.gradle.cache.internal.DefaultFileLockManager] Releasing lock on daemon addresses registry.
2026-05-17T17:04:55.932+0700 [DEBUG] [org.gradle.cache.internal.DefaultFileLockManager] Waiting to acquire shared lock on daemon addresses registry.
2026-05-17T17:04:55.932+0700 [DEBUG] [org.gradle.cache.internal.DefaultFileLockManager] Lock acquired on daemon addresses registry.
2026-05-17T17:04:55.932+0700 [DEBUG] [org.gradle.cache.internal.DefaultFileLockManager] Releasing lock on daemon addresses registry.
2026-05-17T17:05:05.919+0700 [DEBUG] [org.gradle.cache.internal.DefaultFileLockManager] Waiting to acquire shared lock on daemon addresses registry.
2026-05-17T17:05:05.919+0700 [DEBUG] [org.gradle.cache.internal.DefaultFileLockManager] Lock acquired on daemon addresses registry.
2026-05-17T17:05:05.920+0700 [DEBUG] [org.gradle.cache.internal.DefaultFileLockManager] Releasing lock on daemon addresses registry.
2026-05-17T17:05:05.923+0700 [DEBUG] [org.gradle.cache.internal.DefaultFileLockManager] Waiting to acquire shared lock on daemon addresses registry.
2026-05-17T17:05:05.924+0700 [DEBUG] [org.gradle.cache.internal.DefaultFileLockManager] Lock acquired on daemon addresses registry.
2026-05-17T17:05:05.924+0700 [DEBUG] [org.gradle.cache.internal.DefaultFileLockManager] Releasing lock on daemon addresses registry.
2026-05-17T17:05:05.925+0700 [DEBUG] [org.gradle.cache.internal.DefaultFileLockManager] Waiting to acquire shared lock on daemon addresses registry.
2026-05-17T17:05:05.926+0700 [DEBUG] [org.gradle.cache.internal.DefaultFileLockManager] Lock acquired on daemon addresses registry.
2026-05-17T17:05:05.926+0700 [DEBUG] [org.gradle.cache.internal.DefaultFileLockManager] Releasing lock on daemon addresses registry.
2026-05-17T17:05:15.929+0700 [DEBUG] [org.gradle.cache.internal.DefaultFileLockManager] Waiting to acquire shared lock on daemon addresses registry.
2026-05-17T17:05:15.930+0700 [DEBUG] [org.gradle.cache.internal.DefaultFileLockManager] Lock acquired on daemon addresses registry.
2026-05-17T17:05:15.930+0700 [DEBUG] [org.gradle.cache.internal.DefaultFileLockManager] Releasing lock on daemon addresses registry.
2026-05-17T17:05:15.932+0700 [DEBUG] [org.gradle.cache.internal.DefaultFileLockManager] Waiting to acquire shared lock on daemon addresses registry.
2026-05-17T17:05:15.932+0700 [DEBUG] [org.gradle.cache.internal.DefaultFileLockManager] Lock acquired on daemon addresses registry.
2026-05-17T17:05:15.932+0700 [DEBUG] [org.gradle.cache.internal.DefaultFileLockManager] Releasing lock on daemon addresses registry.
2026-05-17T17:05:15.934+0700 [DEBUG] [org.gradle.cache.internal.DefaultFileLockManager] Waiting to acquire shared lock on daemon addresses registry.
2026-05-17T17:05:15.934+0700 [DEBUG] [org.gradle.cache.internal.DefaultFileLockManager] Lock acquired on daemon addresses registry.
2026-05-17T17:05:15.934+0700 [DEBUG] [org.gradle.cache.internal.DefaultFileLockManager] Releasing lock on daemon addresses registry.
2026-05-17T17:05:25.933+0700 [DEBUG] [org.gradle.cache.internal.DefaultFileLockManager] Waiting to acquire shared lock on daemon addresses registry.
2026-05-17T17:05:25.933+0700 [DEBUG] [org.gradle.cache.internal.DefaultFileLockManager] Lock acquired on daemon addresses registry.
2026-05-17T17:05:25.933+0700 [DEBUG] [org.gradle.cache.internal.DefaultFileLockManager] Releasing lock on daemon addresses registry.
2026-05-17T17:05:25.934+0700 [DEBUG] [org.gradle.cache.internal.DefaultFileLockManager] Waiting to acquire shared lock on daemon addresses registry.
2026-05-17T17:05:25.934+0700 [DEBUG] [org.gradle.cache.internal.DefaultFileLockManager] Lock acquired on daemon addresses registry.
2026-05-17T17:05:25.935+0700 [DEBUG] [org.gradle.cache.internal.DefaultFileLockManager] Releasing lock on daemon addresses registry.
2026-05-17T17:05:25.935+0700 [DEBUG] [org.gradle.cache.internal.DefaultFileLockManager] Waiting to acquire shared lock on daemon addresses registry.
2026-05-17T17:05:25.935+0700 [DEBUG] [org.gradle.cache.internal.DefaultFileLockManager] Lock acquired on daemon addresses registry.
2026-05-17T17:05:25.936+0700 [DEBUG] [org.gradle.cache.internal.DefaultFileLockManager] Releasing lock on daemon addresses registry.
2026-05-17T17:05:35.924+0700 [DEBUG] [org.gradle.cache.internal.DefaultFileLockManager] Waiting to acquire shared lock on daemon addresses registry.
2026-05-17T17:05:35.924+0700 [DEBUG] [org.gradle.cache.internal.DefaultFileLockManager] Lock acquired on daemon addresses registry.
2026-05-17T17:05:35.925+0700 [DEBUG] [org.gradle.cache.internal.DefaultFileLockManager] Releasing lock on daemon addresses registry.
2026-05-17T17:05:35.926+0700 [DEBUG] [org.gradle.cache.internal.DefaultFileLockManager] Waiting to acquire shared lock on daemon addresses registry.
2026-05-17T17:05:35.926+0700 [DEBUG] [org.gradle.cache.internal.DefaultFileLockManager] Lock acquired on daemon addresses registry.
2026-05-17T17:05:35.926+0700 [DEBUG] [org.gradle.cache.internal.DefaultFileLockManager] Releasing lock on daemon addresses registry.
2026-05-17T17:05:35.927+0700 [DEBUG] [org.gradle.cache.internal.DefaultFileLockManager] Waiting to acquire shared lock on daemon addresses registry.
2026-05-17T17:05:35.928+0700 [DEBUG] [org.gradle.cache.internal.DefaultFileLockManager] Lock acquired on daemon addresses registry.
2026-05-17T17:05:35.928+0700 [DEBUG] [org.gradle.cache.internal.DefaultFileLockManager] Releasing lock on daemon addresses registry.
2026-05-17T17:05:45.932+0700 [DEBUG] [org.gradle.cache.internal.DefaultFileLockManager] Waiting to acquire shared lock on daemon addresses registry.
2026-05-17T17:05:45.933+0700 [DEBUG] [org.gradle.cache.internal.DefaultFileLockManager] Lock acquired on daemon addresses registry.
2026-05-17T17:05:45.933+0700 [DEBUG] [org.gradle.cache.internal.DefaultFileLockManager] Releasing lock on daemon addresses registry.
2026-05-17T17:05:45.935+0700 [DEBUG] [org.gradle.cache.internal.DefaultFileLockManager] Waiting to acquire shared lock on daemon addresses registry.
2026-05-17T17:05:45.936+0700 [DEBUG] [org.gradle.cache.internal.DefaultFileLockManager] Lock acquired on daemon addresses registry.
2026-05-17T17:05:45.936+0700 [DEBUG] [org.gradle.cache.internal.DefaultFileLockManager] Releasing lock on daemon addresses registry.
2026-05-17T17:05:45.936+0700 [DEBUG] [org.gradle.cache.internal.DefaultFileLockManager] Waiting to acquire shared lock on daemon addresses registry.
2026-05-17T17:05:45.937+0700 [DEBUG] [org.gradle.cache.internal.DefaultFileLockManager] Lock acquired on daemon addresses registry.
2026-05-17T17:05:45.937+0700 [DEBUG] [org.gradle.cache.internal.DefaultFileLockManager] Releasing lock on daemon addresses registry.
2026-05-17T17:05:55.929+0700 [DEBUG] [org.gradle.cache.internal.DefaultFileLockManager] Waiting to acquire shared lock on daemon addresses registry.
2026-05-17T17:05:55.930+0700 [DEBUG] [org.gradle.cache.internal.DefaultFileLockManager] Lock acquired on daemon addresses registry.
2026-05-17T17:05:55.930+0700 [DEBUG] [org.gradle.cache.internal.DefaultFileLockManager] Releasing lock on daemon addresses registry.
2026-05-17T17:05:55.931+0700 [DEBUG] [org.gradle.cache.internal.DefaultFileLockManager] Waiting to acquire shared lock on daemon addresses registry.
2026-05-17T17:05:55.931+0700 [DEBUG] [org.gradle.cache.internal.DefaultFileLockManager] Lock acquired on daemon addresses registry.
2026-05-17T17:05:55.932+0700 [DEBUG] [org.gradle.cache.internal.DefaultFileLockManager] Releasing lock on daemon addresses registry.
2026-05-17T17:05:55.933+0700 [DEBUG] [org.gradle.cache.internal.DefaultFileLockManager] Waiting to acquire shared lock on daemon addresses registry.
2026-05-17T17:05:55.933+0700 [DEBUG] [org.gradle.cache.internal.DefaultFileLockManager] Lock acquired on daemon addresses registry.
2026-05-17T17:05:55.933+0700 [DEBUG] [org.gradle.cache.internal.DefaultFileLockManager] Releasing lock on daemon addresses registry.
2026-05-17T17:06:05.928+0700 [DEBUG] [org.gradle.cache.internal.DefaultFileLockManager] Waiting to acquire shared lock on daemon addresses registry.
2026-05-17T17:06:05.929+0700 [DEBUG] [org.gradle.cache.internal.DefaultFileLockManager] Lock acquired on daemon addresses registry.
2026-05-17T17:06:05.929+0700 [DEBUG] [org.gradle.cache.internal.DefaultFileLockManager] Releasing lock on daemon addresses registry.
2026-05-17T17:06:05.930+0700 [DEBUG] [org.gradle.cache.internal.DefaultFileLockManager] Waiting to acquire shared lock on daemon addresses registry.
2026-05-17T17:06:05.930+0700 [DEBUG] [org.gradle.cache.internal.DefaultFileLockManager] Lock acquired on daemon addresses registry.
2026-05-17T17:06:05.931+0700 [DEBUG] [org.gradle.cache.internal.DefaultFileLockManager] Releasing lock on daemon addresses registry.
2026-05-17T17:06:05.931+0700 [DEBUG] [org.gradle.cache.internal.DefaultFileLockManager] Waiting to acquire shared lock on daemon addresses registry.
2026-05-17T17:06:05.932+0700 [DEBUG] [org.gradle.cache.internal.DefaultFileLockManager] Lock acquired on daemon addresses registry.
2026-05-17T17:06:05.932+0700 [DEBUG] [org.gradle.cache.internal.DefaultFileLockManager] Releasing lock on daemon addresses registry.
2026-05-17T17:06:15.921+0700 [DEBUG] [org.gradle.cache.internal.DefaultFileLockManager] Waiting to acquire shared lock on daemon addresses registry.
2026-05-17T17:06:15.921+0700 [DEBUG] [org.gradle.cache.internal.DefaultFileLockManager] Lock acquired on daemon addresses registry.
2026-05-17T17:06:15.922+0700 [DEBUG] [org.gradle.cache.internal.DefaultFileLockManager] Releasing lock on daemon addresses registry.
2026-05-17T17:06:15.923+0700 [DEBUG] [org.gradle.cache.internal.DefaultFileLockManager] Waiting to acquire shared lock on daemon addresses registry.
2026-05-17T17:06:15.923+0700 [DEBUG] [org.gradle.cache.internal.DefaultFileLockManager] Lock acquired on daemon addresses registry.
2026-05-17T17:06:15.923+0700 [DEBUG] [org.gradle.cache.internal.DefaultFileLockManager] Releasing lock on daemon addresses registry.
2026-05-17T17:06:15.923+0700 [DEBUG] [org.gradle.cache.internal.DefaultFileLockManager] Waiting to acquire shared lock on daemon addresses registry.
2026-05-17T17:06:15.924+0700 [DEBUG] [org.gradle.cache.internal.DefaultFileLockManager] Lock acquired on daemon addresses registry.
2026-05-17T17:06:15.924+0700 [DEBUG] [org.gradle.cache.internal.DefaultFileLockManager] Releasing lock on daemon addresses registry.
2026-05-17T17:06:25.925+0700 [DEBUG] [org.gradle.cache.internal.DefaultFileLockManager] Waiting to acquire shared lock on daemon addresses registry.
2026-05-17T17:06:25.925+0700 [DEBUG] [org.gradle.cache.internal.DefaultFileLockManager] Lock acquired on daemon addresses registry.
2026-05-17T17:06:25.926+0700 [DEBUG] [org.gradle.cache.internal.DefaultFileLockManager] Releasing lock on daemon addresses registry.
2026-05-17T17:06:25.926+0700 [DEBUG] [org.gradle.cache.internal.DefaultFileLockManager] Waiting to acquire shared lock on daemon addresses registry.
2026-05-17T17:06:25.926+0700 [DEBUG] [org.gradle.cache.internal.DefaultFileLockManager] Lock acquired on daemon addresses registry.
2026-05-17T17:06:25.926+0700 [DEBUG] [org.gradle.cache.internal.DefaultFileLockManager] Releasing lock on daemon addresses registry.
2026-05-17T17:06:25.926+0700 [DEBUG] [org.gradle.cache.internal.DefaultFileLockManager] Waiting to acquire shared lock on daemon addresses registry.
2026-05-17T17:06:25.927+0700 [DEBUG] [org.gradle.cache.internal.DefaultFileLockManager] Lock acquired on daemon addresses registry.
2026-05-17T17:06:25.927+0700 [DEBUG] [org.gradle.cache.internal.DefaultFileLockManager] Releasing lock on daemon addresses registry.
2026-05-17T17:06:35.920+0700 [DEBUG] [org.gradle.cache.internal.DefaultFileLockManager] Waiting to acquire shared lock on daemon addresses registry.
2026-05-17T17:06:35.921+0700 [DEBUG] [org.gradle.cache.internal.DefaultFileLockManager] Lock acquired on daemon addresses registry.
2026-05-17T17:06:35.923+0700 [DEBUG] [org.gradle.cache.internal.DefaultFileLockManager] Releasing lock on daemon addresses registry.
2026-05-17T17:06:35.927+0700 [DEBUG] [org.gradle.cache.internal.DefaultFileLockManager] Waiting to acquire shared lock on daemon addresses registry.
2026-05-17T17:06:35.928+0700 [DEBUG] [org.gradle.cache.internal.DefaultFileLockManager] Lock acquired on daemon addresses registry.
2026-05-17T17:06:35.929+0700 [DEBUG] [org.gradle.cache.internal.DefaultFileLockManager] Releasing lock on daemon addresses registry.
2026-05-17T17:06:35.932+0700 [DEBUG] [org.gradle.cache.internal.DefaultFileLockManager] Waiting to acquire shared lock on daemon addresses registry.
2026-05-17T17:06:35.932+0700 [DEBUG] [org.gradle.cache.internal.DefaultFileLockManager] Lock acquired on daemon addresses registry.
2026-05-17T17:06:35.932+0700 [DEBUG] [org.gradle.cache.internal.DefaultFileLockManager] Releasing lock on daemon addresses registry.
2026-05-17T17:06:45.924+0700 [DEBUG] [org.gradle.cache.internal.DefaultFileLockManager] Waiting to acquire shared lock on daemon addresses registry.
2026-05-17T17:06:45.924+0700 [DEBUG] [org.gradle.cache.internal.DefaultFileLockManager] Lock acquired on daemon addresses registry.
2026-05-17T17:06:45.924+0700 [DEBUG] [org.gradle.cache.internal.DefaultFileLockManager] Releasing lock on daemon addresses registry.
2026-05-17T17:06:45.924+0700 [DEBUG] [org.gradle.cache.internal.DefaultFileLockManager] Waiting to acquire shared lock on daemon addresses registry.
2026-05-17T17:06:45.924+0700 [DEBUG] [org.gradle.cache.internal.DefaultFileLockManager] Lock acquired on daemon addresses registry.
2026-05-17T17:06:45.924+0700 [DEBUG] [org.gradle.cache.internal.DefaultFileLockManager] Releasing lock on daemon addresses registry.
2026-05-17T17:06:45.925+0700 [DEBUG] [org.gradle.cache.internal.DefaultFileLockManager] Waiting to acquire shared lock on daemon addresses registry.
2026-05-17T17:06:45.925+0700 [DEBUG] [org.gradle.cache.internal.DefaultFileLockManager] Lock acquired on daemon addresses registry.
2026-05-17T17:06:45.925+0700 [DEBUG] [org.gradle.cache.internal.DefaultFileLockManager] Releasing lock on daemon addresses registry.
2026-05-17T17:06:55.927+0700 [DEBUG] [org.gradle.cache.internal.DefaultFileLockManager] Waiting to acquire shared lock on daemon addresses registry.
2026-05-17T17:06:55.927+0700 [DEBUG] [org.gradle.cache.internal.DefaultFileLockManager] Lock acquired on daemon addresses registry.
2026-05-17T17:06:55.927+0700 [DEBUG] [org.gradle.cache.internal.DefaultFileLockManager] Releasing lock on daemon addresses registry.
2026-05-17T17:06:55.927+0700 [DEBUG] [org.gradle.cache.internal.DefaultFileLockManager] Waiting to acquire shared lock on daemon addresses registry.
2026-05-17T17:06:55.927+0700 [DEBUG] [org.gradle.cache.internal.DefaultFileLockManager] Lock acquired on daemon addresses registry.
2026-05-17T17:06:55.928+0700 [DEBUG] [org.gradle.cache.internal.DefaultFileLockManager] Releasing lock on daemon addresses registry.
2026-05-17T17:06:55.928+0700 [DEBUG] [org.gradle.cache.internal.DefaultFileLockManager] Waiting to acquire shared lock on daemon addresses registry.
2026-05-17T17:06:55.928+0700 [DEBUG] [org.gradle.cache.internal.DefaultFileLockManager] Lock acquired on daemon addresses registry.
2026-05-17T17:06:55.928+0700 [DEBUG] [org.gradle.cache.internal.DefaultFileLockManager] Releasing lock on daemon addresses registry.
2026-05-17T17:07:05.932+0700 [DEBUG] [org.gradle.cache.internal.DefaultFileLockManager] Waiting to acquire shared lock on daemon addresses registry.
2026-05-17T17:07:05.932+0700 [DEBUG] [org.gradle.cache.internal.DefaultFileLockManager] Lock acquired on daemon addresses registry.
2026-05-17T17:07:05.933+0700 [DEBUG] [org.gradle.cache.internal.DefaultFileLockManager] Releasing lock on daemon addresses registry.
2026-05-17T17:07:05.934+0700 [DEBUG] [org.gradle.cache.internal.DefaultFileLockManager] Waiting to acquire shared lock on daemon addresses registry.
2026-05-17T17:07:05.934+0700 [DEBUG] [org.gradle.cache.internal.DefaultFileLockManager] Lock acquired on daemon addresses registry.
2026-05-17T17:07:05.935+0700 [DEBUG] [org.gradle.cache.internal.DefaultFileLockManager] Releasing lock on daemon addresses registry.
2026-05-17T17:07:05.935+0700 [DEBUG] [org.gradle.cache.internal.DefaultFileLockManager] Waiting to acquire shared lock on daemon addresses registry.
2026-05-17T17:07:05.935+0700 [DEBUG] [org.gradle.cache.internal.DefaultFileLockManager] Lock acquired on daemon addresses registry.
2026-05-17T17:07:05.936+0700 [DEBUG] [org.gradle.cache.internal.DefaultFileLockManager] Releasing lock on daemon addresses registry.
2026-05-17T17:07:15.928+0700 [DEBUG] [org.gradle.cache.internal.DefaultFileLockManager] Waiting to acquire shared lock on daemon addresses registry.
2026-05-17T17:07:15.928+0700 [DEBUG] [org.gradle.cache.internal.DefaultFileLockManager] Lock acquired on daemon addresses registry.
2026-05-17T17:07:15.929+0700 [DEBUG] [org.gradle.cache.internal.DefaultFileLockManager] Releasing lock on daemon addresses registry.
2026-05-17T17:07:15.930+0700 [DEBUG] [org.gradle.cache.internal.DefaultFileLockManager] Waiting to acquire shared lock on daemon addresses registry.
2026-05-17T17:07:15.930+0700 [DEBUG] [org.gradle.cache.internal.DefaultFileLockManager] Lock acquired on daemon addresses registry.
2026-05-17T17:07:15.930+0700 [DEBUG] [org.gradle.cache.internal.DefaultFileLockManager] Releasing lock on daemon addresses registry.
2026-05-17T17:07:15.931+0700 [DEBUG] [org.gradle.cache.internal.DefaultFileLockManager] Waiting to acquire shared lock on daemon addresses registry.
2026-05-17T17:07:15.931+0700 [DEBUG] [org.gradle.cache.internal.DefaultFileLockManager] Lock acquired on daemon addresses registry.
2026-05-17T17:07:15.931+0700 [DEBUG] [org.gradle.cache.internal.DefaultFileLockManager] Releasing lock on daemon addresses registry.
2026-05-17T17:07:25.929+0700 [DEBUG] [org.gradle.cache.internal.DefaultFileLockManager] Waiting to acquire shared lock on daemon addresses registry.
2026-05-17T17:07:25.930+0700 [DEBUG] [org.gradle.cache.internal.DefaultFileLockManager] Lock acquired on daemon addresses registry.
2026-05-17T17:07:25.930+0700 [DEBUG] [org.gradle.cache.internal.DefaultFileLockManager] Releasing lock on daemon addresses registry.
2026-05-17T17:07:25.932+0700 [DEBUG] [org.gradle.cache.internal.DefaultFileLockManager] Waiting to acquire shared lock on daemon addresses registry.
2026-05-17T17:07:25.932+0700 [DEBUG] [org.gradle.cache.internal.DefaultFileLockManager] Lock acquired on daemon addresses registry.
2026-05-17T17:07:25.932+0700 [DEBUG] [org.gradle.cache.internal.DefaultFileLockManager] Releasing lock on daemon addresses registry.
2026-05-17T17:07:25.933+0700 [DEBUG] [org.gradle.cache.internal.DefaultFileLockManager] Waiting to acquire shared lock on daemon addresses registry.
2026-05-17T17:07:25.934+0700 [DEBUG] [org.gradle.cache.internal.DefaultFileLockManager] Lock acquired on daemon addresses registry.
2026-05-17T17:07:25.934+0700 [DEBUG] [org.gradle.cache.internal.DefaultFileLockManager] Releasing lock on daemon addresses registry.
2026-05-17T17:07:35.920+0700 [DEBUG] [org.gradle.cache.internal.DefaultFileLockManager] Waiting to acquire shared lock on daemon addresses registry.
2026-05-17T17:07:35.920+0700 [DEBUG] [org.gradle.cache.internal.DefaultFileLockManager] Lock acquired on daemon addresses registry.
2026-05-17T17:07:35.921+0700 [DEBUG] [org.gradle.cache.internal.DefaultFileLockManager] Releasing lock on daemon addresses registry.
2026-05-17T17:07:35.922+0700 [DEBUG] [org.gradle.cache.internal.DefaultFileLockManager] Waiting to acquire shared lock on daemon addresses registry.
2026-05-17T17:07:35.923+0700 [DEBUG] [org.gradle.cache.internal.DefaultFileLockManager] Lock acquired on daemon addresses registry.
2026-05-17T17:07:35.923+0700 [DEBUG] [org.gradle.cache.internal.DefaultFileLockManager] Releasing lock on daemon addresses registry.
2026-05-17T17:07:35.925+0700 [DEBUG] [org.gradle.cache.internal.DefaultFileLockManager] Waiting to acquire shared lock on daemon addresses registry.
2026-05-17T17:07:35.925+0700 [DEBUG] [org.gradle.cache.internal.DefaultFileLockManager] Lock acquired on daemon addresses registry.
2026-05-17T17:07:35.925+0700 [DEBUG] [org.gradle.cache.internal.DefaultFileLockManager] Releasing lock on daemon addresses registry.
2026-05-17T17:07:37.208+0700 [DEBUG] [org.gradle.internal.watch.vfs.impl.WatchingVirtualFileSystem] Handling VFS change CREATED D:\code\ecommer_fco\back-end\src\main\java\com\fco\platform\auth\domain\RoleName.java
2026-05-17T17:07:41.026+0700 [DEBUG] [org.gradle.internal.watch.vfs.impl.WatchingVirtualFileSystem] Handling VFS change MODIFIED D:\code\ecommer_fco\back-end\src\main\java\com\fco\platform\auth\domain\Role.java
2026-05-17T17:07:45.925+0700 [DEBUG] [org.gradle.cache.internal.DefaultFileLockManager] Waiting to acquire shared lock on daemon addresses registry.
2026-05-17T17:07:45.926+0700 [DEBUG] [org.gradle.cache.internal.DefaultFileLockManager] Lock acquired on daemon addresses registry.
2026-05-17T17:07:45.926+0700 [DEBUG] [org.gradle.cache.internal.DefaultFileLockManager] Releasing lock on daemon addresses registry.
2026-05-17T17:07:45.928+0700 [DEBUG] [org.gradle.cache.internal.DefaultFileLockManager] Waiting to acquire shared lock on daemon addresses registry.
2026-05-17T17:07:45.928+0700 [DEBUG] [org.gradle.cache.internal.DefaultFileLockManager] Lock acquired on daemon addresses registry.
2026-05-17T17:07:45.928+0700 [DEBUG] [org.gradle.cache.internal.DefaultFileLockManager] Releasing lock on daemon addresses registry.
2026-05-17T17:07:45.930+0700 [DEBUG] [org.gradle.cache.internal.DefaultFileLockManager] Waiting to acquire shared lock on daemon addresses registry.
2026-05-17T17:07:45.930+0700 [DEBUG] [org.gradle.cache.internal.DefaultFileLockManager] Lock acquired on daemon addresses registry.
2026-05-17T17:07:45.930+0700 [DEBUG] [org.gradle.cache.internal.DefaultFileLockManager] Releasing lock on daemon addresses registry.
2026-05-17T17:07:52.415+0700 [DEBUG] [org.gradle.internal.watch.vfs.impl.WatchingVirtualFileSystem] Handling VFS change MODIFIED D:\code\ecommer_fco\back-end\src\main\java\com\fco\platform\auth\application\IRoleService.java
2026-05-17T17:07:55.918+0700 [DEBUG] [org.gradle.cache.internal.DefaultFileLockManager] Waiting to acquire shared lock on daemon addresses registry.
2026-05-17T17:07:55.919+0700 [DEBUG] [org.gradle.cache.internal.DefaultFileLockManager] Lock acquired on daemon addresses registry.
2026-05-17T17:07:55.919+0700 [DEBUG] [org.gradle.cache.internal.DefaultFileLockManager] Releasing lock on daemon addresses registry.
2026-05-17T17:07:55.921+0700 [DEBUG] [org.gradle.cache.internal.DefaultFileLockManager] Waiting to acquire shared lock on daemon addresses registry.
2026-05-17T17:07:55.922+0700 [DEBUG] [org.gradle.cache.internal.DefaultFileLockManager] Lock acquired on daemon addresses registry.
2026-05-17T17:07:55.922+0700 [DEBUG] [org.gradle.cache.internal.DefaultFileLockManager] Releasing lock on daemon addresses registry.
2026-05-17T17:07:55.923+0700 [DEBUG] [org.gradle.cache.internal.DefaultFileLockManager] Waiting to acquire shared lock on daemon addresses registry.
2026-05-17T17:07:55.923+0700 [DEBUG] [org.gradle.cache.internal.DefaultFileLockManager] Lock acquired on daemon addresses registry.
2026-05-17T17:07:55.924+0700 [DEBUG] [org.gradle.cache.internal.DefaultFileLockManager] Releasing lock on daemon addresses registry.
2026-05-17T17:07:58.129+0700 [DEBUG] [org.gradle.internal.watch.vfs.impl.WatchingVirtualFileSystem] Handling VFS change MODIFIED D:\code\ecommer_fco\back-end\src\main\java\com\fco\platform\auth\application\RoleServiceImpl.java
2026-05-17T17:08:04.536+0700 [DEBUG] [org.gradle.internal.watch.vfs.impl.WatchingVirtualFileSystem] Handling VFS change MODIFIED D:\code\ecommer_fco\back-end\src\main\java\com\fco\platform\auth\infrastructure\persistence\IRoleRepository.java
2026-05-17T17:08:05.926+0700 [DEBUG] [org.gradle.cache.internal.DefaultFileLockManager] Waiting to acquire shared lock on daemon addresses registry.
2026-05-17T17:08:05.927+0700 [DEBUG] [org.gradle.cache.internal.DefaultFileLockManager] Lock acquired on daemon addresses registry.
2026-05-17T17:08:05.927+0700 [DEBUG] [org.gradle.cache.internal.DefaultFileLockManager] Releasing lock on daemon addresses registry.
2026-05-17T17:08:05.928+0700 [DEBUG] [org.gradle.cache.internal.DefaultFileLockManager] Waiting to acquire shared lock on daemon addresses registry.
2026-05-17T17:08:05.929+0700 [DEBUG] [org.gradle.cache.internal.DefaultFileLockManager] Lock acquired on daemon addresses registry.
2026-05-17T17:08:05.929+0700 [DEBUG] [org.gradle.cache.internal.DefaultFileLockManager] Releasing lock on daemon addresses registry.
2026-05-17T17:08:05.930+0700 [DEBUG] [org.gradle.cache.internal.DefaultFileLockManager] Waiting to acquire shared lock on daemon addresses registry.
2026-05-17T17:08:05.930+0700 [DEBUG] [org.gradle.cache.internal.DefaultFileLockManager] Lock acquired on daemon addresses registry.
2026-05-17T17:08:05.930+0700 [DEBUG] [org.gradle.cache.internal.DefaultFileLockManager] Releasing lock on daemon addresses registry.
2026-05-17T17:08:10.340+0700 [DEBUG] [org.gradle.internal.watch.vfs.impl.WatchingVirtualFileSystem] Handling VFS change MODIFIED D:\code\ecommer_fco\back-end\src\main\java\com\fco\platform\auth\application\AuthServiceImpl.java
2026-05-17T17:08:15.932+0700 [DEBUG] [org.gradle.cache.internal.DefaultFileLockManager] Waiting to acquire shared lock on daemon addresses registry.
2026-05-17T17:08:15.932+0700 [DEBUG] [org.gradle.cache.internal.DefaultFileLockManager] Lock acquired on daemon addresses registry.
2026-05-17T17:08:15.933+0700 [DEBUG] [org.gradle.cache.internal.DefaultFileLockManager] Releasing lock on daemon addresses registry.
2026-05-17T17:08:15.934+0700 [DEBUG] [org.gradle.cache.internal.DefaultFileLockManager] Waiting to acquire shared lock on daemon addresses registry.
2026-05-17T17:08:15.934+0700 [DEBUG] [org.gradle.cache.internal.DefaultFileLockManager] Lock acquired on daemon addresses registry.
2026-05-17T17:08:15.934+0700 [DEBUG] [org.gradle.cache.internal.DefaultFileLockManager] Releasing lock on daemon addresses registry.
2026-05-17T17:08:15.935+0700 [DEBUG] [org.gradle.cache.internal.DefaultFileLockManager] Waiting to acquire shared lock on daemon addresses registry.
2026-05-17T17:08:15.935+0700 [DEBUG] [org.gradle.cache.internal.DefaultFileLockManager] Lock acquired on daemon addresses registry.
2026-05-17T17:08:15.935+0700 [DEBUG] [org.gradle.cache.internal.DefaultFileLockManager] Releasing lock on daemon addresses registry.
2026-05-17T17:08:18.164+0700 [DEBUG] [org.gradle.internal.watch.vfs.impl.WatchingVirtualFileSystem] Handling VFS change MODIFIED D:\code\ecommer_fco\back-end\src\main\java\com\fco\platform\auth\infrastructure\persistence\IUserRepository.java
2026-05-17T17:08:25.917+0700 [DEBUG] [org.gradle.cache.internal.DefaultFileLockManager] Waiting to acquire shared lock on daemon addresses registry.
2026-05-17T17:08:25.917+0700 [DEBUG] [org.gradle.cache.internal.DefaultFileLockManager] Lock acquired on daemon addresses registry.
2026-05-17T17:08:25.917+0700 [DEBUG] [org.gradle.cache.internal.DefaultFileLockManager] Releasing lock on daemon addresses registry.
2026-05-17T17:08:25.917+0700 [DEBUG] [org.gradle.cache.internal.DefaultFileLockManager] Waiting to acquire shared lock on daemon addresses registry.
2026-05-17T17:08:25.917+0700 [DEBUG] [org.gradle.cache.internal.DefaultFileLockManager] Lock acquired on daemon addresses registry.
2026-05-17T17:08:25.918+0700 [DEBUG] [org.gradle.cache.internal.DefaultFileLockManager] Releasing lock on daemon addresses registry.
2026-05-17T17:08:25.918+0700 [DEBUG] [org.gradle.cache.internal.DefaultFileLockManager] Waiting to acquire shared lock on daemon addresses registry.
2026-05-17T17:08:25.918+0700 [DEBUG] [org.gradle.cache.internal.DefaultFileLockManager] Lock acquired on daemon addresses registry.
2026-05-17T17:08:25.919+0700 [DEBUG] [org.gradle.cache.internal.DefaultFileLockManager] Releasing lock on daemon addresses registry.
2026-05-17T17:08:30.596+0700 [DEBUG] [org.gradle.internal.watch.vfs.impl.WatchingVirtualFileSystem] Handling VFS change REMOVED D:\code\ecommer_fco\back-end\src\main\java\com\ra\base_spring_boot\model\constants\RoleName.java
2026-05-17T17:08:32.162+0700 [DEBUG] [org.gradle.internal.watch.vfs.impl.WatchingVirtualFileSystem] Handling VFS change CREATED D:\code\ecommer_fco\back-end\src\main\java\com\fco\platform\common\config
2026-05-17T17:08:35.918+0700 [DEBUG] [org.gradle.cache.internal.DefaultFileLockManager] Waiting to acquire shared lock on daemon addresses registry.
2026-05-17T17:08:35.919+0700 [DEBUG] [org.gradle.cache.internal.DefaultFileLockManager] Lock acquired on daemon addresses registry.
2026-05-17T17:08:35.919+0700 [DEBUG] [org.gradle.cache.internal.DefaultFileLockManager] Releasing lock on daemon addresses registry.
2026-05-17T17:08:35.919+0700 [DEBUG] [org.gradle.cache.internal.DefaultFileLockManager] Waiting to acquire shared lock on daemon addresses registry.
2026-05-17T17:08:35.919+0700 [DEBUG] [org.gradle.cache.internal.DefaultFileLockManager] Lock acquired on daemon addresses registry.
2026-05-17T17:08:35.919+0700 [DEBUG] [org.gradle.cache.internal.DefaultFileLockManager] Releasing lock on daemon addresses registry.
2026-05-17T17:08:35.919+0700 [DEBUG] [org.gradle.cache.internal.DefaultFileLockManager] Waiting to acquire shared lock on daemon addresses registry.
2026-05-17T17:08:35.919+0700 [DEBUG] [org.gradle.cache.internal.DefaultFileLockManager] Lock acquired on daemon addresses registry.
2026-05-17T17:08:35.920+0700 [DEBUG] [org.gradle.cache.internal.DefaultFileLockManager] Releasing lock on daemon addresses registry.
2026-05-17T17:08:45.918+0700 [DEBUG] [org.gradle.cache.internal.DefaultFileLockManager] Waiting to acquire shared lock on daemon addresses registry.
2026-05-17T17:08:45.919+0700 [DEBUG] [org.gradle.cache.internal.DefaultFileLockManager] Lock acquired on daemon addresses registry.
2026-05-17T17:08:45.919+0700 [DEBUG] [org.gradle.cache.internal.DefaultFileLockManager] Releasing lock on daemon addresses registry.
2026-05-17T17:08:45.921+0700 [DEBUG] [org.gradle.cache.internal.DefaultFileLockManager] Waiting to acquire shared lock on daemon addresses registry.
2026-05-17T17:08:45.921+0700 [DEBUG] [org.gradle.cache.internal.DefaultFileLockManager] Lock acquired on daemon addresses registry.
2026-05-17T17:08:45.922+0700 [DEBUG] [org.gradle.cache.internal.DefaultFileLockManager] Releasing lock on daemon addresses registry.
2026-05-17T17:08:45.923+0700 [DEBUG] [org.gradle.cache.internal.DefaultFileLockManager] Waiting to acquire shared lock on daemon addresses registry.
2026-05-17T17:08:45.923+0700 [DEBUG] [org.gradle.cache.internal.DefaultFileLockManager] Lock acquired on daemon addresses registry.
2026-05-17T17:08:45.924+0700 [DEBUG] [org.gradle.cache.internal.DefaultFileLockManager] Releasing lock on daemon addresses registry.
2026-05-17T17:08:55.932+0700 [DEBUG] [org.gradle.cache.internal.DefaultFileLockManager] Waiting to acquire shared lock on daemon addresses registry.
2026-05-17T17:08:55.932+0700 [DEBUG] [org.gradle.cache.internal.DefaultFileLockManager] Lock acquired on daemon addresses registry.
2026-05-17T17:08:55.933+0700 [DEBUG] [org.gradle.cache.internal.DefaultFileLockManager] Releasing lock on daemon addresses registry.
2026-05-17T17:08:55.935+0700 [DEBUG] [org.gradle.cache.internal.DefaultFileLockManager] Waiting to acquire shared lock on daemon addresses registry.
2026-05-17T17:08:55.935+0700 [DEBUG] [org.gradle.cache.internal.DefaultFileLockManager] Lock acquired on daemon addresses registry.
2026-05-17T17:08:55.936+0700 [DEBUG] [org.gradle.cache.internal.DefaultFileLockManager] Releasing lock on daemon addresses registry.
2026-05-17T17:08:55.937+0700 [DEBUG] [org.gradle.cache.internal.DefaultFileLockManager] Waiting to acquire shared lock on daemon addresses registry.
2026-05-17T17:08:55.938+0700 [DEBUG] [org.gradle.cache.internal.DefaultFileLockManager] Lock acquired on daemon addresses registry.
2026-05-17T17:08:55.938+0700 [DEBUG] [org.gradle.cache.internal.DefaultFileLockManager] Releasing lock on daemon addresses registry.
2026-05-17T17:09:05.931+0700 [DEBUG] [org.gradle.cache.internal.DefaultFileLockManager] Waiting to acquire shared lock on daemon addresses registry.
2026-05-17T17:09:05.931+0700 [DEBUG] [org.gradle.cache.internal.DefaultFileLockManager] Lock acquired on daemon addresses registry.
2026-05-17T17:09:05.931+0700 [DEBUG] [org.gradle.cache.internal.DefaultFileLockManager] Releasing lock on daemon addresses registry.
2026-05-17T17:09:05.931+0700 [DEBUG] [org.gradle.cache.internal.DefaultFileLockManager] Waiting to acquire shared lock on daemon addresses registry.
2026-05-17T17:09:05.931+0700 [DEBUG] [org.gradle.cache.internal.DefaultFileLockManager] Lock acquired on daemon addresses registry.
2026-05-17T17:09:05.932+0700 [DEBUG] [org.gradle.cache.internal.DefaultFileLockManager] Releasing lock on daemon addresses registry.
2026-05-17T17:09:05.932+0700 [DEBUG] [org.gradle.cache.internal.DefaultFileLockManager] Waiting to acquire shared lock on daemon addresses registry.
2026-05-17T17:09:05.932+0700 [DEBUG] [org.gradle.cache.internal.DefaultFileLockManager] Lock acquired on daemon addresses registry.
2026-05-17T17:09:05.932+0700 [DEBUG] [org.gradle.cache.internal.DefaultFileLockManager] Releasing lock on daemon addresses registry.
2026-05-17T17:09:07.340+0700 [DEBUG] [org.gradle.internal.watch.vfs.impl.WatchingVirtualFileSystem] Handling VFS change REMOVED D:\code\ecommer_fco\back-end\src\main\java\com\ra\base_spring_boot\config\DatabaseSeeder.java
2026-05-17T17:09:07.340+0700 [DEBUG] [org.gradle.internal.watch.vfs.impl.WatchingVirtualFileSystem] Handling VFS change REMOVED D:\code\ecommer_fco\back-end\src\main\java\com\ra\base_spring_boot\config\RedisConfig.java
2026-05-17T17:09:07.341+0700 [DEBUG] [org.gradle.internal.watch.vfs.impl.WatchingVirtualFileSystem] Handling VFS change REMOVED D:\code\ecommer_fco\back-end\src\main\java\com\ra\base_spring_boot\config\WebSocketConfig.java
2026-05-17T17:09:07.341+0700 [DEBUG] [org.gradle.internal.watch.vfs.impl.WatchingVirtualFileSystem] Handling VFS change REMOVED D:\code\ecommer_fco\back-end\src\main\java\com\ra\base_spring_boot\config
2026-05-17T17:09:15.924+0700 [DEBUG] [org.gradle.cache.internal.DefaultFileLockManager] Waiting to acquire shared lock on daemon addresses registry.
2026-05-17T17:09:15.924+0700 [DEBUG] [org.gradle.cache.internal.DefaultFileLockManager] Lock acquired on daemon addresses registry.
2026-05-17T17:09:15.924+0700 [DEBUG] [org.gradle.cache.internal.DefaultFileLockManager] Releasing lock on daemon addresses registry.
2026-05-17T17:09:15.924+0700 [DEBUG] [org.gradle.cache.internal.DefaultFileLockManager] Waiting to acquire shared lock on daemon addresses registry.
2026-05-17T17:09:15.924+0700 [DEBUG] [org.gradle.cache.internal.DefaultFileLockManager] Lock acquired on daemon addresses registry.
2026-05-17T17:09:15.924+0700 [DEBUG] [org.gradle.cache.internal.DefaultFileLockManager] Releasing lock on daemon addresses registry.
2026-05-17T17:09:15.925+0700 [DEBUG] [org.gradle.cache.internal.DefaultFileLockManager] Waiting to acquire shared lock on daemon addresses registry.
2026-05-17T17:09:15.925+0700 [DEBUG] [org.gradle.cache.internal.DefaultFileLockManager] Lock acquired on daemon addresses registry.
2026-05-17T17:09:15.925+0700 [DEBUG] [org.gradle.cache.internal.DefaultFileLockManager] Releasing lock on daemon addresses registry.
2026-05-17T17:09:25.924+0700 [DEBUG] [org.gradle.cache.internal.DefaultFileLockManager] Waiting to acquire shared lock on daemon addresses registry.
2026-05-17T17:09:25.924+0700 [DEBUG] [org.gradle.cache.internal.DefaultFileLockManager] Lock acquired on daemon addresses registry.
2026-05-17T17:09:25.925+0700 [DEBUG] [org.gradle.cache.internal.DefaultFileLockManager] Releasing lock on daemon addresses registry.
2026-05-17T17:09:25.926+0700 [DEBUG] [org.gradle.cache.internal.DefaultFileLockManager] Waiting to acquire shared lock on daemon addresses registry.
2026-05-17T17:09:25.926+0700 [DEBUG] [org.gradle.cache.internal.DefaultFileLockManager] Lock acquired on daemon addresses registry.
2026-05-17T17:09:25.927+0700 [DEBUG] [org.gradle.cache.internal.DefaultFileLockManager] Releasing lock on daemon addresses registry.
2026-05-17T17:09:25.928+0700 [DEBUG] [org.gradle.cache.internal.DefaultFileLockManager] Waiting to acquire shared lock on daemon addresses registry.
2026-05-17T17:09:25.928+0700 [DEBUG] [org.gradle.cache.internal.DefaultFileLockManager] Lock acquired on daemon addresses registry.
2026-05-17T17:09:25.929+0700 [DEBUG] [org.gradle.cache.internal.DefaultFileLockManager] Releasing lock on daemon addresses registry.
2026-05-17T17:09:35.918+0700 [DEBUG] [org.gradle.cache.internal.DefaultFileLockManager] Waiting to acquire shared lock on daemon addresses registry.
2026-05-17T17:09:35.918+0700 [DEBUG] [org.gradle.cache.internal.DefaultFileLockManager] Lock acquired on daemon addresses registry.
2026-05-17T17:09:35.919+0700 [DEBUG] [org.gradle.cache.internal.DefaultFileLockManager] Releasing lock on daemon addresses registry.
2026-05-17T17:09:35.919+0700 [DEBUG] [org.gradle.cache.internal.DefaultFileLockManager] Waiting to acquire shared lock on daemon addresses registry.
2026-05-17T17:09:35.919+0700 [DEBUG] [org.gradle.cache.internal.DefaultFileLockManager] Lock acquired on daemon addresses registry.
2026-05-17T17:09:35.919+0700 [DEBUG] [org.gradle.cache.internal.DefaultFileLockManager] Releasing lock on daemon addresses registry.
2026-05-17T17:09:35.920+0700 [DEBUG] [org.gradle.cache.internal.DefaultFileLockManager] Waiting to acquire shared lock on daemon addresses registry.
2026-05-17T17:09:35.920+0700 [DEBUG] [org.gradle.cache.internal.DefaultFileLockManager] Lock acquired on daemon addresses registry.
2026-05-17T17:09:35.920+0700 [DEBUG] [org.gradle.cache.internal.DefaultFileLockManager] Releasing lock on daemon addresses registry.
2026-05-17T17:09:43.803+0700 [DEBUG] [org.gradle.internal.remote.internal.inet.TcpIncomingConnector] Accepted connection from /127.0.0.1:56488 to /127.0.0.1:56766.
2026-05-17T17:09:43.862+0700 [DEBUG] [org.gradle.launcher.daemon.server.SynchronizedDispatchConnection] thread 732: received class org.gradle.launcher.daemon.protocol.Build
2026-05-17T17:09:43.862+0700 [DEBUG] [org.gradle.launcher.daemon.server.DefaultDaemonConnection] thread 732: Received non-IO message from client: Build{id=7ee33c45-1fa8-43d5-91ee-328b565b1298, currentDir=D:\code\ecommer_fco\back-end}
2026-05-17T17:09:43.862+0700 [INFO] [org.gradle.launcher.daemon.server.DefaultIncomingConnectionHandler] Received command: Build{id=7ee33c45-1fa8-43d5-91ee-328b565b1298, currentDir=D:\code\ecommer_fco\back-end}.
2026-05-17T17:09:43.862+0700 [DEBUG] [org.gradle.launcher.daemon.server.DefaultIncomingConnectionHandler] Starting executing command: Build{id=7ee33c45-1fa8-43d5-91ee-328b565b1298, currentDir=D:\code\ecommer_fco\back-end} with connection: socket connection from /127.0.0.1:56766 to /127.0.0.1:56488.
2026-05-17T17:09:43.863+0700 [DEBUG] [org.gradle.launcher.daemon.server.DaemonStateCoordinator] Command execution: started DaemonCommandExecution[command = Build{id=7ee33c45-1fa8-43d5-91ee-328b565b1298, currentDir=D:\code\ecommer_fco\back-end}, connection = DefaultDaemonConnection: socket connection from /127.0.0.1:56766 to /127.0.0.1:56488] after 7.492883333333333 minutes of idle
2026-05-17T17:09:43.863+0700 [INFO] [org.gradle.launcher.daemon.server.DaemonRegistryUpdater] Marking the daemon as busy, address: [725f609a-68d7-40a6-83ec-1e87117944fa port:56766, addresses:[localhost/127.0.0.1]]
2026-05-17T17:09:43.863+0700 [DEBUG] [org.gradle.launcher.daemon.registry.PersistentDaemonRegistry] Marking busy by address: [725f609a-68d7-40a6-83ec-1e87117944fa port:56766, addresses:[localhost/127.0.0.1]]
2026-05-17T17:09:43.865+0700 [DEBUG] [org.gradle.cache.internal.DefaultFileLockManager] Waiting to acquire exclusive lock on daemon addresses registry.
2026-05-17T17:09:43.865+0700 [DEBUG] [org.gradle.cache.internal.DefaultFileLockManager] Lock acquired on daemon addresses registry.
2026-05-17T17:09:43.867+0700 [DEBUG] [org.gradle.cache.internal.DefaultFileLockManager] Releasing lock on daemon addresses registry.
2026-05-17T17:09:43.868+0700 [DEBUG] [org.gradle.launcher.daemon.server.DaemonStateCoordinator] resetting idle timer
2026-05-17T17:09:43.868+0700 [DEBUG] [org.gradle.launcher.daemon.server.DaemonStateCoordinator] daemon is running. Sleeping until state changes.
2026-05-17T17:09:43.869+0700 [INFO] [org.gradle.launcher.daemon.server.exec.StartBuildOrRespondWithBusy] Daemon is about to start building Build{id=7ee33c45-1fa8-43d5-91ee-328b565b1298, currentDir=D:\code\ecommer_fco\back-end}. Dispatching build started information...
2026-05-17T17:09:43.870+0700 [DEBUG] [org.gradle.launcher.daemon.server.SynchronizedDispatchConnection] thread 734: dispatching org.gradle.launcher.daemon.protocol.BuildStarted@634ab1d4
2026-05-17T17:09:43.873+0700 [DEBUG] [org.gradle.launcher.daemon.server.exec.EstablishBuildEnvironment] Configuring env variables: [USERDOMAIN_ROAMINGPROFILE, EFC_17748_1592913036, ANTIGRAVITY_EDITOR_APP_ROOT, PROCESSOR_LEVEL, SESSIONNAME, ALLUSERSPROFILE, PROCESSOR_ARCHITECTURE, PSModulePath, VSCODE_PID, SystemDrive, MOZ_PLUGIN_PATH, DIRNAME, USERNAME, ProgramFiles(x86), VSCODE_NLS_CONFIG, CHROME_CRASHPAD_PIPE_NAME, APP_HOME, DEFAULT_JVM_OPTS, PATHEXT, DriverData, OneDriveConsumer, VSCODE_CODE_CACHE_PATH, ProgramData, ProgramW6432, HOMEPATH, PROCESSOR_IDENTIFIER, ProgramFiles, PUBLIC, windir, LOCALAPPDATA, IntelliJ IDEA, USERDOMAIN, LOGONSERVER, JAVA_HOME, PROMPT, ANTIGRAVITY_TRAJECTORY_ID, OneDrive, APPDATA, GRADLE_USER_HOME, JAVA_EXE, CommonProgramFiles, EFC_17748_4126798990, Path, VSCODE_CWD, OS, COMPUTERNAME, PROCESSOR_REVISION, CLASSPATH, CommonProgramW6432, ComSpec, APP_BASE_NAME, =D:, SystemRoot, TEMP, HOMEDRIVE, USERPROFILE, TMP, CommonProgramFiles(x86), NUMBER_OF_PROCESSORS, ANTIGRAVITY_AGENT, VSCODE_IPC_HOOK]
2026-05-17T17:09:43.878+0700 [DEBUG] [org.gradle.launcher.daemon.server.exec.LogToClient] About to start relaying all logs to the client via the connection.
2026-05-17T17:09:43.879+0700 [INFO] [org.gradle.launcher.daemon.server.exec.LogToClient] The client will now receive all logging from the daemon (pid: 1396). The daemon log file: D:\code\ecommer_fco\back-end\.gradle_home\daemon\8.10.2\daemon-1396.out.log
2026-05-17T17:09:43.881+0700 [INFO] [org.gradle.launcher.daemon.server.exec.LogAndCheckHealth] Starting 5th build in daemon [uptime: 24 mins 38.274 secs, performance: 100%, GC rate: 0.00/s, heap usage: 0% of 512 MiB, non-heap usage: 17% of 384 MiB]
2026-05-17T17:09:43.883+0700 [DEBUG] [org.gradle.launcher.daemon.server.exec.ExecuteBuild] The daemon has started executing the build.
2026-05-17T17:09:43.883+0700 [DEBUG] [org.gradle.launcher.daemon.server.exec.ExecuteBuild] Executing build with daemon context: DefaultDaemonContext[uid=70815982-ccb9-4d72-8c42-0d72688535ba,javaHome=C:\Program Files\JetBrains\IntelliJ IDEA 2025.2.4\jbr,javaVersion=21,javaVendor=JetBrains s.r.o.,daemonRegistryDir=D:\code\ecommer_fco\back-end\.gradle_home\daemon,pid=1396,idleTimeout=10800000,priority=NORMAL,applyInstrumentationAgent=true,nativeServicesMode=ENABLED,daemonOpts=--add-opens=java.base/java.util=ALL-UNNAMED,--add-opens=java.base/java.lang=ALL-UNNAMED,--add-opens=java.base/java.lang.invoke=ALL-UNNAMED,--add-opens=java.prefs/java.util.prefs=ALL-UNNAMED,--add-exports=jdk.compiler/com.sun.tools.javac.api=ALL-UNNAMED,--add-exports=jdk.compiler/com.sun.tools.javac.util=ALL-UNNAMED,--add-opens=java.base/java.nio.charset=ALL-UNNAMED,--add-opens=java.base/java.net=ALL-UNNAMED,--add-opens=java.base/java.util.concurrent.atomic=ALL-UNNAMED,-XX:MaxMetaspaceSize=384m,-XX:+HeapDumpOnOutOfMemoryError,-Xms256m,-Xmx512m,-Dfile.encoding=UTF-8,-Duser.country=US,-Duser.language=en,-Duser.variant]
Note: Some input files use or override a deprecated API.
Note: Recompile with -Xlint:deprecation for details.

BUILD SUCCESSFUL in 13s
4 actionable tasks: 4 executed
2026-05-17T17:09:57.123+0700 [DEBUG] [org.gradle.launcher.daemon.server.exec.ExecuteBuild] The daemon has finished executing the build.
2026-05-17T17:09:57.140+0700 [DEBUG] [org.gradle.launcher.daemon.server.DaemonStateCoordinator] daemon is running. Sleeping until state changes.
2026-05-17T17:09:57.140+0700 [DEBUG] [org.gradle.launcher.daemon.server.DaemonStateCoordinator] Command execution: finished waiting for DaemonCommandExecution[command = Build{id=7ee33c45-1fa8-43d5-91ee-328b565b1298, currentDir=D:\code\ecommer_fco\back-end}, connection = DefaultDaemonConnection: socket connection from /127.0.0.1:56766 to /127.0.0.1:56488]. Result org.gradle.launcher.daemon.server.DaemonStateCoordinator@2f41de46 with state Busy
2026-05-17T17:09:57.140+0700 [DEBUG] [org.gradle.launcher.daemon.server.DaemonStateCoordinator] Command execution: completed DaemonCommandExecution[command = Build{id=7ee33c45-1fa8-43d5-91ee-328b565b1298, currentDir=D:\code\ecommer_fco\back-end}, connection = DefaultDaemonConnection: socket connection from /127.0.0.1:56766 to /127.0.0.1:56488]
2026-05-17T17:09:57.140+0700 [DEBUG] [org.gradle.launcher.daemon.server.DaemonStateCoordinator] resetting idle timer
2026-05-17T17:09:57.141+0700 [INFO] [org.gradle.launcher.daemon.server.DaemonRegistryUpdater] Marking the daemon as idle, address: [725f609a-68d7-40a6-83ec-1e87117944fa port:56766, addresses:[localhost/127.0.0.1]]
2026-05-17T17:09:57.141+0700 [DEBUG] [org.gradle.launcher.daemon.registry.PersistentDaemonRegistry] Marking busy by address: [725f609a-68d7-40a6-83ec-1e87117944fa port:56766, addresses:[localhost/127.0.0.1]]
2026-05-17T17:09:57.141+0700 [DEBUG] [org.gradle.cache.internal.DefaultFileLockManager] Waiting to acquire exclusive lock on daemon addresses registry.
2026-05-17T17:09:57.142+0700 [DEBUG] [org.gradle.cache.internal.DefaultFileLockManager] Lock acquired on daemon addresses registry.
2026-05-17T17:09:57.143+0700 [DEBUG] [org.gradle.cache.internal.DefaultFileLockManager] Releasing lock on daemon addresses registry.
2026-05-17T17:09:57.144+0700 [DEBUG] [org.gradle.launcher.daemon.server.DaemonStateCoordinator] daemon is running. Sleeping until state changes.
2026-05-17T17:09:57.144+0700 [DEBUG] [org.gradle.launcher.daemon.server.exec.ReturnResult] Daemon is dispatching the build result: Success[value=org.gradle.launcher.exec.BuildActionResult@42139ef8]
2026-05-17T17:09:57.144+0700 [DEBUG] [org.gradle.launcher.daemon.server.SynchronizedDispatchConnection] thread 731: dispatching Success[value=org.gradle.launcher.exec.BuildActionResult@42139ef8]
2026-05-17T17:09:57.145+0700 [DEBUG] [org.gradle.launcher.daemon.server.DefaultIncomingConnectionHandler] Finishing executing command: Build{id=7ee33c45-1fa8-43d5-91ee-328b565b1298, currentDir=D:\code\ecommer_fco\back-end}
2026-05-17T17:09:57.145+0700 [DEBUG] [org.gradle.launcher.daemon.server.exec.CleanUpVirtualFileSystemAfterBuild] Cleaning virtual file system after build finished
2026-05-17T17:09:57.146+0700 [DEBUG] [org.gradle.launcher.daemon.server.SynchronizedDispatchConnection] thread 732: received class org.gradle.launcher.daemon.protocol.CloseInput
2026-05-17T17:09:57.146+0700 [DEBUG] [org.gradle.launcher.daemon.server.DefaultDaemonConnection] thread 732: Received IO message from client: org.gradle.launcher.daemon.protocol.CloseInput@70683b3d
2026-05-17T17:09:57.147+0700 [DEBUG] [org.gradle.launcher.daemon.server.SynchronizedDispatchConnection] thread 732: received class org.gradle.launcher.daemon.protocol.Finished
2026-05-17T17:09:57.147+0700 [DEBUG] [org.gradle.launcher.daemon.server.DefaultDaemonConnection] thread 732: Received non-IO message from client: org.gradle.launcher.daemon.protocol.Finished@7eafdb40
2026-05-17T17:09:57.147+0700 [DEBUG] [org.gradle.launcher.daemon.server.DefaultIncomingConnectionHandler] Received finished message: org.gradle.launcher.daemon.protocol.Finished@7eafdb40
2026-05-17T17:09:57.147+0700 [DEBUG] [org.gradle.launcher.daemon.server.SynchronizedDispatchConnection] thread 731: stopping connection
2026-05-17T17:09:57.147+0700 [DEBUG] [org.gradle.internal.remote.internal.inet.SocketConnection] Discarding EOFException: java.io.EOFException
2026-05-17T17:09:57.147+0700 [DEBUG] [org.gradle.launcher.daemon.server.SynchronizedDispatchConnection] thread 732: received null
2026-05-17T17:09:57.148+0700 [DEBUG] [org.gradle.launcher.daemon.server.DefaultDaemonConnection] thread 732: Received end-of-input from client.
2026-05-17T17:09:57.148+0700 [DEBUG] [org.gradle.launcher.daemon.server.SynchronizedDispatchConnection] thread 731: stopping connection
2026-05-17T17:10:05.944+0700 [DEBUG] [org.gradle.cache.internal.DefaultFileLockManager] Waiting to acquire shared lock on daemon addresses registry.
2026-05-17T17:10:05.944+0700 [DEBUG] [org.gradle.cache.internal.DefaultFileLockManager] Lock acquired on daemon addresses registry.
2026-05-17T17:10:05.958+0700 [DEBUG] [org.gradle.cache.internal.DefaultFileLockManager] Releasing lock on daemon addresses registry.
2026-05-17T17:10:05.959+0700 [DEBUG] [org.gradle.cache.internal.DefaultFileLockManager] Waiting to acquire shared lock on daemon addresses registry.
2026-05-17T17:10:05.960+0700 [DEBUG] [org.gradle.cache.internal.DefaultFileLockManager] Lock acquired on daemon addresses registry.
2026-05-17T17:10:05.960+0700 [DEBUG] [org.gradle.cache.internal.DefaultFileLockManager] Releasing lock on daemon addresses registry.
2026-05-17T17:10:15.931+0700 [DEBUG] [org.gradle.cache.internal.DefaultFileLockManager] Waiting to acquire shared lock on daemon addresses registry.
2026-05-17T17:10:15.932+0700 [DEBUG] [org.gradle.cache.internal.DefaultFileLockManager] Lock acquired on daemon addresses registry.
2026-05-17T17:10:15.932+0700 [DEBUG] [org.gradle.cache.internal.DefaultFileLockManager] Releasing lock on daemon addresses registry.
2026-05-17T17:10:15.934+0700 [DEBUG] [org.gradle.cache.internal.DefaultFileLockManager] Waiting to acquire shared lock on daemon addresses registry.
2026-05-17T17:10:15.935+0700 [DEBUG] [org.gradle.cache.internal.DefaultFileLockManager] Lock acquired on daemon addresses registry.
2026-05-17T17:10:15.936+0700 [DEBUG] [org.gradle.cache.internal.DefaultFileLockManager] Releasing lock on daemon addresses registry.
2026-05-17T17:10:15.937+0700 [DEBUG] [org.gradle.cache.internal.DefaultFileLockManager] Waiting to acquire shared lock on daemon addresses registry.
2026-05-17T17:10:15.938+0700 [DEBUG] [org.gradle.cache.internal.DefaultFileLockManager] Lock acquired on daemon addresses registry.
2026-05-17T17:10:15.938+0700 [DEBUG] [org.gradle.cache.internal.DefaultFileLockManager] Releasing lock on daemon addresses registry.
2026-05-17T17:10:25.929+0700 [DEBUG] [org.gradle.cache.internal.DefaultFileLockManager] Waiting to acquire shared lock on daemon addresses registry.
2026-05-17T17:10:25.929+0700 [DEBUG] [org.gradle.cache.internal.DefaultFileLockManager] Lock acquired on daemon addresses registry.
2026-05-17T17:10:25.930+0700 [DEBUG] [org.gradle.cache.internal.DefaultFileLockManager] Releasing lock on daemon addresses registry.
2026-05-17T17:10:25.933+0700 [DEBUG] [org.gradle.cache.internal.DefaultFileLockManager] Waiting to acquire shared lock on daemon addresses registry.
2026-05-17T17:10:25.933+0700 [DEBUG] [org.gradle.cache.internal.DefaultFileLockManager] Lock acquired on daemon addresses registry.
2026-05-17T17:10:25.934+0700 [DEBUG] [org.gradle.cache.internal.DefaultFileLockManager] Releasing lock on daemon addresses registry.
2026-05-17T17:10:25.935+0700 [DEBUG] [org.gradle.cache.internal.DefaultFileLockManager] Waiting to acquire shared lock on daemon addresses registry.
2026-05-17T17:10:25.935+0700 [DEBUG] [org.gradle.cache.internal.DefaultFileLockManager] Lock acquired on daemon addresses registry.
2026-05-17T17:10:25.935+0700 [DEBUG] [org.gradle.cache.internal.DefaultFileLockManager] Releasing lock on daemon addresses registry.
2026-05-17T17:10:35.928+0700 [DEBUG] [org.gradle.cache.internal.DefaultFileLockManager] Waiting to acquire shared lock on daemon addresses registry.
2026-05-17T17:10:35.929+0700 [DEBUG] [org.gradle.cache.internal.DefaultFileLockManager] Lock acquired on daemon addresses registry.
2026-05-17T17:10:35.929+0700 [DEBUG] [org.gradle.cache.internal.DefaultFileLockManager] Releasing lock on daemon addresses registry.
2026-05-17T17:10:35.931+0700 [DEBUG] [org.gradle.cache.internal.DefaultFileLockManager] Waiting to acquire shared lock on daemon addresses registry.
2026-05-17T17:10:35.931+0700 [DEBUG] [org.gradle.cache.internal.DefaultFileLockManager] Lock acquired on daemon addresses registry.
2026-05-17T17:10:35.932+0700 [DEBUG] [org.gradle.cache.internal.DefaultFileLockManager] Releasing lock on daemon addresses registry.
2026-05-17T17:10:35.933+0700 [DEBUG] [org.gradle.cache.internal.DefaultFileLockManager] Waiting to acquire shared lock on daemon addresses registry.
2026-05-17T17:10:35.933+0700 [DEBUG] [org.gradle.cache.internal.DefaultFileLockManager] Lock acquired on daemon addresses registry.
2026-05-17T17:10:35.934+0700 [DEBUG] [org.gradle.cache.internal.DefaultFileLockManager] Releasing lock on daemon addresses registry.
2026-05-17T17:10:45.930+0700 [DEBUG] [org.gradle.cache.internal.DefaultFileLockManager] Waiting to acquire shared lock on daemon addresses registry.
2026-05-17T17:10:45.930+0700 [DEBUG] [org.gradle.cache.internal.DefaultFileLockManager] Lock acquired on daemon addresses registry.
2026-05-17T17:10:45.931+0700 [DEBUG] [org.gradle.cache.internal.DefaultFileLockManager] Releasing lock on daemon addresses registry.
2026-05-17T17:10:45.932+0700 [DEBUG] [org.gradle.cache.internal.DefaultFileLockManager] Waiting to acquire shared lock on daemon addresses registry.
2026-05-17T17:10:45.933+0700 [DEBUG] [org.gradle.cache.internal.DefaultFileLockManager] Lock acquired on daemon addresses registry.
2026-05-17T17:10:45.933+0700 [DEBUG] [org.gradle.cache.internal.DefaultFileLockManager] Releasing lock on daemon addresses registry.
2026-05-17T17:10:45.934+0700 [DEBUG] [org.gradle.cache.internal.DefaultFileLockManager] Waiting to acquire shared lock on daemon addresses registry.
2026-05-17T17:10:45.934+0700 [DEBUG] [org.gradle.cache.internal.DefaultFileLockManager] Lock acquired on daemon addresses registry.
2026-05-17T17:10:45.935+0700 [DEBUG] [org.gradle.cache.internal.DefaultFileLockManager] Releasing lock on daemon addresses registry.
2026-05-17T17:10:55.930+0700 [DEBUG] [org.gradle.cache.internal.DefaultFileLockManager] Waiting to acquire shared lock on daemon addresses registry.
2026-05-17T17:10:55.930+0700 [DEBUG] [org.gradle.cache.internal.DefaultFileLockManager] Lock acquired on daemon addresses registry.
2026-05-17T17:10:55.931+0700 [DEBUG] [org.gradle.cache.internal.DefaultFileLockManager] Releasing lock on daemon addresses registry.
2026-05-17T17:10:55.932+0700 [DEBUG] [org.gradle.cache.internal.DefaultFileLockManager] Waiting to acquire shared lock on daemon addresses registry.
2026-05-17T17:10:55.933+0700 [DEBUG] [org.gradle.cache.internal.DefaultFileLockManager] Lock acquired on daemon addresses registry.
2026-05-17T17:10:55.933+0700 [DEBUG] [org.gradle.cache.internal.DefaultFileLockManager] Releasing lock on daemon addresses registry.
2026-05-17T17:10:55.934+0700 [DEBUG] [org.gradle.cache.internal.DefaultFileLockManager] Waiting to acquire shared lock on daemon addresses registry.
2026-05-17T17:10:55.934+0700 [DEBUG] [org.gradle.cache.internal.DefaultFileLockManager] Lock acquired on daemon addresses registry.
2026-05-17T17:10:55.935+0700 [DEBUG] [org.gradle.cache.internal.DefaultFileLockManager] Releasing lock on daemon addresses registry.
2026-05-17T17:11:05.928+0700 [DEBUG] [org.gradle.cache.internal.DefaultFileLockManager] Waiting to acquire shared lock on daemon addresses registry.
2026-05-17T17:11:05.929+0700 [DEBUG] [org.gradle.cache.internal.DefaultFileLockManager] Lock acquired on daemon addresses registry.
2026-05-17T17:11:05.929+0700 [DEBUG] [org.gradle.cache.internal.DefaultFileLockManager] Releasing lock on daemon addresses registry.
2026-05-17T17:11:05.931+0700 [DEBUG] [org.gradle.cache.internal.DefaultFileLockManager] Waiting to acquire shared lock on daemon addresses registry.
2026-05-17T17:11:05.931+0700 [DEBUG] [org.gradle.cache.internal.DefaultFileLockManager] Lock acquired on daemon addresses registry.
2026-05-17T17:11:05.931+0700 [DEBUG] [org.gradle.cache.internal.DefaultFileLockManager] Releasing lock on daemon addresses registry.
2026-05-17T17:11:05.932+0700 [DEBUG] [org.gradle.cache.internal.DefaultFileLockManager] Waiting to acquire shared lock on daemon addresses registry.
2026-05-17T17:11:05.932+0700 [DEBUG] [org.gradle.cache.internal.DefaultFileLockManager] Lock acquired on daemon addresses registry.
2026-05-17T17:11:05.933+0700 [DEBUG] [org.gradle.cache.internal.DefaultFileLockManager] Releasing lock on daemon addresses registry.
2026-05-17T17:11:15.930+0700 [DEBUG] [org.gradle.cache.internal.DefaultFileLockManager] Waiting to acquire shared lock on daemon addresses registry.
2026-05-17T17:11:15.931+0700 [DEBUG] [org.gradle.cache.internal.DefaultFileLockManager] Lock acquired on daemon addresses registry.
2026-05-17T17:11:15.931+0700 [DEBUG] [org.gradle.cache.internal.DefaultFileLockManager] Releasing lock on daemon addresses registry.
2026-05-17T17:11:15.933+0700 [DEBUG] [org.gradle.cache.internal.DefaultFileLockManager] Waiting to acquire shared lock on daemon addresses registry.
2026-05-17T17:11:15.933+0700 [DEBUG] [org.gradle.cache.internal.DefaultFileLockManager] Lock acquired on daemon addresses registry.
2026-05-17T17:11:15.933+0700 [DEBUG] [org.gradle.cache.internal.DefaultFileLockManager] Releasing lock on daemon addresses registry.
2026-05-17T17:11:15.935+0700 [DEBUG] [org.gradle.cache.internal.DefaultFileLockManager] Waiting to acquire shared lock on daemon addresses registry.
2026-05-17T17:11:15.935+0700 [DEBUG] [org.gradle.cache.internal.DefaultFileLockManager] Lock acquired on daemon addresses registry.
2026-05-17T17:11:15.936+0700 [DEBUG] [org.gradle.cache.internal.DefaultFileLockManager] Releasing lock on daemon addresses registry.
2026-05-17T17:11:25.923+0700 [DEBUG] [org.gradle.cache.internal.DefaultFileLockManager] Waiting to acquire shared lock on daemon addresses registry.
2026-05-17T17:11:25.923+0700 [DEBUG] [org.gradle.cache.internal.DefaultFileLockManager] Lock acquired on daemon addresses registry.
2026-05-17T17:11:25.923+0700 [DEBUG] [org.gradle.cache.internal.DefaultFileLockManager] Releasing lock on daemon addresses registry.
2026-05-17T17:11:25.924+0700 [DEBUG] [org.gradle.cache.internal.DefaultFileLockManager] Waiting to acquire shared lock on daemon addresses registry.
2026-05-17T17:11:25.924+0700 [DEBUG] [org.gradle.cache.internal.DefaultFileLockManager] Lock acquired on daemon addresses registry.
2026-05-17T17:11:25.924+0700 [DEBUG] [org.gradle.cache.internal.DefaultFileLockManager] Releasing lock on daemon addresses registry.
2026-05-17T17:11:25.925+0700 [DEBUG] [org.gradle.cache.internal.DefaultFileLockManager] Waiting to acquire shared lock on daemon addresses registry.
2026-05-17T17:11:25.925+0700 [DEBUG] [org.gradle.cache.internal.DefaultFileLockManager] Lock acquired on daemon addresses registry.
2026-05-17T17:11:25.925+0700 [DEBUG] [org.gradle.cache.internal.DefaultFileLockManager] Releasing lock on daemon addresses registry.
2026-05-17T17:11:35.925+0700 [DEBUG] [org.gradle.cache.internal.DefaultFileLockManager] Waiting to acquire shared lock on daemon addresses registry.
2026-05-17T17:11:35.925+0700 [DEBUG] [org.gradle.cache.internal.DefaultFileLockManager] Lock acquired on daemon addresses registry.
2026-05-17T17:11:35.927+0700 [DEBUG] [org.gradle.cache.internal.DefaultFileLockManager] Releasing lock on daemon addresses registry.
2026-05-17T17:11:35.930+0700 [DEBUG] [org.gradle.cache.internal.DefaultFileLockManager] Waiting to acquire shared lock on daemon addresses registry.
2026-05-17T17:11:35.930+0700 [DEBUG] [org.gradle.cache.internal.DefaultFileLockManager] Lock acquired on daemon addresses registry.
2026-05-17T17:11:35.930+0700 [DEBUG] [org.gradle.cache.internal.DefaultFileLockManager] Releasing lock on daemon addresses registry.
2026-05-17T17:11:35.931+0700 [DEBUG] [org.gradle.cache.internal.DefaultFileLockManager] Waiting to acquire shared lock on daemon addresses registry.
2026-05-17T17:11:35.931+0700 [DEBUG] [org.gradle.cache.internal.DefaultFileLockManager] Lock acquired on daemon addresses registry.
2026-05-17T17:11:35.931+0700 [DEBUG] [org.gradle.cache.internal.DefaultFileLockManager] Releasing lock on daemon addresses registry.
2026-05-17T17:11:45.920+0700 [DEBUG] [org.gradle.cache.internal.DefaultFileLockManager] Waiting to acquire shared lock on daemon addresses registry.
2026-05-17T17:11:45.921+0700 [DEBUG] [org.gradle.cache.internal.DefaultFileLockManager] Lock acquired on daemon addresses registry.
2026-05-17T17:11:45.921+0700 [DEBUG] [org.gradle.cache.internal.DefaultFileLockManager] Releasing lock on daemon addresses registry.
2026-05-17T17:11:45.923+0700 [DEBUG] [org.gradle.cache.internal.DefaultFileLockManager] Waiting to acquire shared lock on daemon addresses registry.
2026-05-17T17:11:45.923+0700 [DEBUG] [org.gradle.cache.internal.DefaultFileLockManager] Lock acquired on daemon addresses registry.
2026-05-17T17:11:45.924+0700 [DEBUG] [org.gradle.cache.internal.DefaultFileLockManager] Releasing lock on daemon addresses registry.
2026-05-17T17:11:45.925+0700 [DEBUG] [org.gradle.cache.internal.DefaultFileLockManager] Waiting to acquire shared lock on daemon addresses registry.
2026-05-17T17:11:45.926+0700 [DEBUG] [org.gradle.cache.internal.DefaultFileLockManager] Lock acquired on daemon addresses registry.
2026-05-17T17:11:45.926+0700 [DEBUG] [org.gradle.cache.internal.DefaultFileLockManager] Releasing lock on daemon addresses registry.
2026-05-17T17:11:55.923+0700 [DEBUG] [org.gradle.cache.internal.DefaultFileLockManager] Waiting to acquire shared lock on daemon addresses registry.
2026-05-17T17:11:55.923+0700 [DEBUG] [org.gradle.cache.internal.DefaultFileLockManager] Lock acquired on daemon addresses registry.
2026-05-17T17:11:55.923+0700 [DEBUG] [org.gradle.cache.internal.DefaultFileLockManager] Releasing lock on daemon addresses registry.
2026-05-17T17:11:55.924+0700 [DEBUG] [org.gradle.cache.internal.DefaultFileLockManager] Waiting to acquire shared lock on daemon addresses registry.
2026-05-17T17:11:55.924+0700 [DEBUG] [org.gradle.cache.internal.DefaultFileLockManager] Lock acquired on daemon addresses registry.
2026-05-17T17:11:55.925+0700 [DEBUG] [org.gradle.cache.internal.DefaultFileLockManager] Releasing lock on daemon addresses registry.
2026-05-17T17:11:55.926+0700 [DEBUG] [org.gradle.cache.internal.DefaultFileLockManager] Waiting to acquire shared lock on daemon addresses registry.
2026-05-17T17:11:55.926+0700 [DEBUG] [org.gradle.cache.internal.DefaultFileLockManager] Lock acquired on daemon addresses registry.
2026-05-17T17:11:55.926+0700 [DEBUG] [org.gradle.cache.internal.DefaultFileLockManager] Releasing lock on daemon addresses registry.
2026-05-17T17:12:05.929+0700 [DEBUG] [org.gradle.cache.internal.DefaultFileLockManager] Waiting to acquire shared lock on daemon addresses registry.
2026-05-17T17:12:05.930+0700 [DEBUG] [org.gradle.cache.internal.DefaultFileLockManager] Lock acquired on daemon addresses registry.
2026-05-17T17:12:05.930+0700 [DEBUG] [org.gradle.cache.internal.DefaultFileLockManager] Releasing lock on daemon addresses registry.
2026-05-17T17:12:05.932+0700 [DEBUG] [org.gradle.cache.internal.DefaultFileLockManager] Waiting to acquire shared lock on daemon addresses registry.
2026-05-17T17:12:05.932+0700 [DEBUG] [org.gradle.cache.internal.DefaultFileLockManager] Lock acquired on daemon addresses registry.
2026-05-17T17:12:05.932+0700 [DEBUG] [org.gradle.cache.internal.DefaultFileLockManager] Releasing lock on daemon addresses registry.
2026-05-17T17:12:05.934+0700 [DEBUG] [org.gradle.cache.internal.DefaultFileLockManager] Waiting to acquire shared lock on daemon addresses registry.
2026-05-17T17:12:05.934+0700 [DEBUG] [org.gradle.cache.internal.DefaultFileLockManager] Lock acquired on daemon addresses registry.
2026-05-17T17:12:05.934+0700 [DEBUG] [org.gradle.cache.internal.DefaultFileLockManager] Releasing lock on daemon addresses registry.
2026-05-17T17:12:15.923+0700 [DEBUG] [org.gradle.cache.internal.DefaultFileLockManager] Waiting to acquire shared lock on daemon addresses registry.
2026-05-17T17:12:15.923+0700 [DEBUG] [org.gradle.cache.internal.DefaultFileLockManager] Lock acquired on daemon addresses registry.
2026-05-17T17:12:15.924+0700 [DEBUG] [org.gradle.cache.internal.DefaultFileLockManager] Releasing lock on daemon addresses registry.
2026-05-17T17:12:15.925+0700 [DEBUG] [org.gradle.cache.internal.DefaultFileLockManager] Waiting to acquire shared lock on daemon addresses registry.
2026-05-17T17:12:15.925+0700 [DEBUG] [org.gradle.cache.internal.DefaultFileLockManager] Lock acquired on daemon addresses registry.
2026-05-17T17:12:15.925+0700 [DEBUG] [org.gradle.cache.internal.DefaultFileLockManager] Releasing lock on daemon addresses registry.
2026-05-17T17:12:15.926+0700 [DEBUG] [org.gradle.cache.internal.DefaultFileLockManager] Waiting to acquire shared lock on daemon addresses registry.
2026-05-17T17:12:15.926+0700 [DEBUG] [org.gradle.cache.internal.DefaultFileLockManager] Lock acquired on daemon addresses registry.
2026-05-17T17:12:15.926+0700 [DEBUG] [org.gradle.cache.internal.DefaultFileLockManager] Releasing lock on daemon addresses registry.
2026-05-17T17:12:25.918+0700 [DEBUG] [org.gradle.cache.internal.DefaultFileLockManager] Waiting to acquire shared lock on daemon addresses registry.
2026-05-17T17:12:25.919+0700 [DEBUG] [org.gradle.cache.internal.DefaultFileLockManager] Lock acquired on daemon addresses registry.
2026-05-17T17:12:25.919+0700 [DEBUG] [org.gradle.cache.internal.DefaultFileLockManager] Releasing lock on daemon addresses registry.
2026-05-17T17:12:25.920+0700 [DEBUG] [org.gradle.cache.internal.DefaultFileLockManager] Waiting to acquire shared lock on daemon addresses registry.
2026-05-17T17:12:25.920+0700 [DEBUG] [org.gradle.cache.internal.DefaultFileLockManager] Lock acquired on daemon addresses registry.
2026-05-17T17:12:25.921+0700 [DEBUG] [org.gradle.cache.internal.DefaultFileLockManager] Releasing lock on daemon addresses registry.
2026-05-17T17:12:25.922+0700 [DEBUG] [org.gradle.cache.internal.DefaultFileLockManager] Waiting to acquire shared lock on daemon addresses registry.
2026-05-17T17:12:25.922+0700 [DEBUG] [org.gradle.cache.internal.DefaultFileLockManager] Lock acquired on daemon addresses registry.
2026-05-17T17:12:25.922+0700 [DEBUG] [org.gradle.cache.internal.DefaultFileLockManager] Releasing lock on daemon addresses registry.
2026-05-17T17:12:35.923+0700 [DEBUG] [org.gradle.cache.internal.DefaultFileLockManager] Waiting to acquire shared lock on daemon addresses registry.
2026-05-17T17:12:35.923+0700 [DEBUG] [org.gradle.cache.internal.DefaultFileLockManager] Lock acquired on daemon addresses registry.
2026-05-17T17:12:35.923+0700 [DEBUG] [org.gradle.cache.internal.DefaultFileLockManager] Releasing lock on daemon addresses registry.
2026-05-17T17:12:35.925+0700 [DEBUG] [org.gradle.cache.internal.DefaultFileLockManager] Waiting to acquire shared lock on daemon addresses registry.
2026-05-17T17:12:35.925+0700 [DEBUG] [org.gradle.cache.internal.DefaultFileLockManager] Lock acquired on daemon addresses registry.
2026-05-17T17:12:35.925+0700 [DEBUG] [org.gradle.cache.internal.DefaultFileLockManager] Releasing lock on daemon addresses registry.
2026-05-17T17:12:35.926+0700 [DEBUG] [org.gradle.cache.internal.DefaultFileLockManager] Waiting to acquire shared lock on daemon addresses registry.
2026-05-17T17:12:35.926+0700 [DEBUG] [org.gradle.cache.internal.DefaultFileLockManager] Lock acquired on daemon addresses registry.
2026-05-17T17:12:35.927+0700 [DEBUG] [org.gradle.cache.internal.DefaultFileLockManager] Releasing lock on daemon addresses registry.
2026-05-17T17:12:45.922+0700 [DEBUG] [org.gradle.cache.internal.DefaultFileLockManager] Waiting to acquire shared lock on daemon addresses registry.
2026-05-17T17:12:45.922+0700 [DEBUG] [org.gradle.cache.internal.DefaultFileLockManager] Lock acquired on daemon addresses registry.
2026-05-17T17:12:45.922+0700 [DEBUG] [org.gradle.cache.internal.DefaultFileLockManager] Releasing lock on daemon addresses registry.
2026-05-17T17:12:45.923+0700 [DEBUG] [org.gradle.cache.internal.DefaultFileLockManager] Waiting to acquire shared lock on daemon addresses registry.
2026-05-17T17:12:45.924+0700 [DEBUG] [org.gradle.cache.internal.DefaultFileLockManager] Lock acquired on daemon addresses registry.
2026-05-17T17:12:45.924+0700 [DEBUG] [org.gradle.cache.internal.DefaultFileLockManager] Releasing lock on daemon addresses registry.
2026-05-17T17:12:45.925+0700 [DEBUG] [org.gradle.cache.internal.DefaultFileLockManager] Waiting to acquire shared lock on daemon addresses registry.
2026-05-17T17:12:45.925+0700 [DEBUG] [org.gradle.cache.internal.DefaultFileLockManager] Lock acquired on daemon addresses registry.
2026-05-17T17:12:45.925+0700 [DEBUG] [org.gradle.cache.internal.DefaultFileLockManager] Releasing lock on daemon addresses registry.
2026-05-17T17:12:55.922+0700 [DEBUG] [org.gradle.cache.internal.DefaultFileLockManager] Waiting to acquire shared lock on daemon addresses registry.
2026-05-17T17:12:55.923+0700 [DEBUG] [org.gradle.cache.internal.DefaultFileLockManager] Lock acquired on daemon addresses registry.
2026-05-17T17:12:55.923+0700 [DEBUG] [org.gradle.cache.internal.DefaultFileLockManager] Releasing lock on daemon addresses registry.
2026-05-17T17:12:55.925+0700 [DEBUG] [org.gradle.cache.internal.DefaultFileLockManager] Waiting to acquire shared lock on daemon addresses registry.
2026-05-17T17:12:55.925+0700 [DEBUG] [org.gradle.cache.internal.DefaultFileLockManager] Lock acquired on daemon addresses registry.
2026-05-17T17:12:55.926+0700 [DEBUG] [org.gradle.cache.internal.DefaultFileLockManager] Releasing lock on daemon addresses registry.
2026-05-17T17:12:55.927+0700 [DEBUG] [org.gradle.cache.internal.DefaultFileLockManager] Waiting to acquire shared lock on daemon addresses registry.
2026-05-17T17:12:55.927+0700 [DEBUG] [org.gradle.cache.internal.DefaultFileLockManager] Lock acquired on daemon addresses registry.
2026-05-17T17:12:55.927+0700 [DEBUG] [org.gradle.cache.internal.DefaultFileLockManager] Releasing lock on daemon addresses registry.
2026-05-17T17:13:05.925+0700 [DEBUG] [org.gradle.cache.internal.DefaultFileLockManager] Waiting to acquire shared lock on daemon addresses registry.
2026-05-17T17:13:05.925+0700 [DEBUG] [org.gradle.cache.internal.DefaultFileLockManager] Lock acquired on daemon addresses registry.
2026-05-17T17:13:05.925+0700 [DEBUG] [org.gradle.cache.internal.DefaultFileLockManager] Releasing lock on daemon addresses registry.
2026-05-17T17:13:05.927+0700 [DEBUG] [org.gradle.cache.internal.DefaultFileLockManager] Waiting to acquire shared lock on daemon addresses registry.
2026-05-17T17:13:05.927+0700 [DEBUG] [org.gradle.cache.internal.DefaultFileLockManager] Lock acquired on daemon addresses registry.
2026-05-17T17:13:05.927+0700 [DEBUG] [org.gradle.cache.internal.DefaultFileLockManager] Releasing lock on daemon addresses registry.
2026-05-17T17:13:05.928+0700 [DEBUG] [org.gradle.cache.internal.DefaultFileLockManager] Waiting to acquire shared lock on daemon addresses registry.
2026-05-17T17:13:05.928+0700 [DEBUG] [org.gradle.cache.internal.DefaultFileLockManager] Lock acquired on daemon addresses registry.
2026-05-17T17:13:05.928+0700 [DEBUG] [org.gradle.cache.internal.DefaultFileLockManager] Releasing lock on daemon addresses registry.
2026-05-17T17:13:15.925+0700 [DEBUG] [org.gradle.cache.internal.DefaultFileLockManager] Waiting to acquire shared lock on daemon addresses registry.
2026-05-17T17:13:15.925+0700 [DEBUG] [org.gradle.cache.internal.DefaultFileLockManager] Lock acquired on daemon addresses registry.
2026-05-17T17:13:15.925+0700 [DEBUG] [org.gradle.cache.internal.DefaultFileLockManager] Releasing lock on daemon addresses registry.
2026-05-17T17:13:15.926+0700 [DEBUG] [org.gradle.cache.internal.DefaultFileLockManager] Waiting to acquire shared lock on daemon addresses registry.
2026-05-17T17:13:15.926+0700 [DEBUG] [org.gradle.cache.internal.DefaultFileLockManager] Lock acquired on daemon addresses registry.
2026-05-17T17:13:15.926+0700 [DEBUG] [org.gradle.cache.internal.DefaultFileLockManager] Releasing lock on daemon addresses registry.
2026-05-17T17:13:15.927+0700 [DEBUG] [org.gradle.cache.internal.DefaultFileLockManager] Waiting to acquire shared lock on daemon addresses registry.
2026-05-17T17:13:15.928+0700 [DEBUG] [org.gradle.cache.internal.DefaultFileLockManager] Lock acquired on daemon addresses registry.
2026-05-17T17:13:15.928+0700 [DEBUG] [org.gradle.cache.internal.DefaultFileLockManager] Releasing lock on daemon addresses registry.
2026-05-17T17:13:25.924+0700 [DEBUG] [org.gradle.cache.internal.DefaultFileLockManager] Waiting to acquire shared lock on daemon addresses registry.
2026-05-17T17:13:25.924+0700 [DEBUG] [org.gradle.cache.internal.DefaultFileLockManager] Lock acquired on daemon addresses registry.
2026-05-17T17:13:25.925+0700 [DEBUG] [org.gradle.cache.internal.DefaultFileLockManager] Releasing lock on daemon addresses registry.
2026-05-17T17:13:25.925+0700 [DEBUG] [org.gradle.cache.internal.DefaultFileLockManager] Waiting to acquire shared lock on daemon addresses registry.
2026-05-17T17:13:25.926+0700 [DEBUG] [org.gradle.cache.internal.DefaultFileLockManager] Lock acquired on daemon addresses registry.
2026-05-17T17:13:25.926+0700 [DEBUG] [org.gradle.cache.internal.DefaultFileLockManager] Releasing lock on daemon addresses registry.
2026-05-17T17:13:25.927+0700 [DEBUG] [org.gradle.cache.internal.DefaultFileLockManager] Waiting to acquire shared lock on daemon addresses registry.
2026-05-17T17:13:25.927+0700 [DEBUG] [org.gradle.cache.internal.DefaultFileLockManager] Lock acquired on daemon addresses registry.
2026-05-17T17:13:25.927+0700 [DEBUG] [org.gradle.cache.internal.DefaultFileLockManager] Releasing lock on daemon addresses registry.
2026-05-17T17:13:35.922+0700 [DEBUG] [org.gradle.cache.internal.DefaultFileLockManager] Waiting to acquire shared lock on daemon addresses registry.
2026-05-17T17:13:35.922+0700 [DEBUG] [org.gradle.cache.internal.DefaultFileLockManager] Lock acquired on daemon addresses registry.
2026-05-17T17:13:35.923+0700 [DEBUG] [org.gradle.cache.internal.DefaultFileLockManager] Releasing lock on daemon addresses registry.
2026-05-17T17:13:35.924+0700 [DEBUG] [org.gradle.cache.internal.DefaultFileLockManager] Waiting to acquire shared lock on daemon addresses registry.
2026-05-17T17:13:35.924+0700 [DEBUG] [org.gradle.cache.internal.DefaultFileLockManager] Lock acquired on daemon addresses registry.
2026-05-17T17:13:35.925+0700 [DEBUG] [org.gradle.cache.internal.DefaultFileLockManager] Releasing lock on daemon addresses registry.
2026-05-17T17:13:35.926+0700 [DEBUG] [org.gradle.cache.internal.DefaultFileLockManager] Waiting to acquire shared lock on daemon addresses registry.
2026-05-17T17:13:35.926+0700 [DEBUG] [org.gradle.cache.internal.DefaultFileLockManager] Lock acquired on daemon addresses registry.
2026-05-17T17:13:35.926+0700 [DEBUG] [org.gradle.cache.internal.DefaultFileLockManager] Releasing lock on daemon addresses registry.
2026-05-17T17:13:45.926+0700 [DEBUG] [org.gradle.cache.internal.DefaultFileLockManager] Waiting to acquire shared lock on daemon addresses registry.
2026-05-17T17:13:45.926+0700 [DEBUG] [org.gradle.cache.internal.DefaultFileLockManager] Lock acquired on daemon addresses registry.
2026-05-17T17:13:45.926+0700 [DEBUG] [org.gradle.cache.internal.DefaultFileLockManager] Releasing lock on daemon addresses registry.
2026-05-17T17:13:45.928+0700 [DEBUG] [org.gradle.cache.internal.DefaultFileLockManager] Waiting to acquire shared lock on daemon addresses registry.
2026-05-17T17:13:45.929+0700 [DEBUG] [org.gradle.cache.internal.DefaultFileLockManager] Lock acquired on daemon addresses registry.
2026-05-17T17:13:45.929+0700 [DEBUG] [org.gradle.cache.internal.DefaultFileLockManager] Releasing lock on daemon addresses registry.
2026-05-17T17:13:45.931+0700 [DEBUG] [org.gradle.cache.internal.DefaultFileLockManager] Waiting to acquire shared lock on daemon addresses registry.
2026-05-17T17:13:45.931+0700 [DEBUG] [org.gradle.cache.internal.DefaultFileLockManager] Lock acquired on daemon addresses registry.
2026-05-17T17:13:45.931+0700 [DEBUG] [org.gradle.cache.internal.DefaultFileLockManager] Releasing lock on daemon addresses registry.
2026-05-17T17:13:55.916+0700 [DEBUG] [org.gradle.cache.internal.DefaultFileLockManager] Waiting to acquire shared lock on daemon addresses registry.
2026-05-17T17:13:55.916+0700 [DEBUG] [org.gradle.cache.internal.DefaultFileLockManager] Lock acquired on daemon addresses registry.
2026-05-17T17:13:55.917+0700 [DEBUG] [org.gradle.cache.internal.DefaultFileLockManager] Releasing lock on daemon addresses registry.
2026-05-17T17:13:55.917+0700 [DEBUG] [org.gradle.cache.internal.DefaultFileLockManager] Waiting to acquire shared lock on daemon addresses registry.
2026-05-17T17:13:55.917+0700 [DEBUG] [org.gradle.cache.internal.DefaultFileLockManager] Lock acquired on daemon addresses registry.
2026-05-17T17:13:55.917+0700 [DEBUG] [org.gradle.cache.internal.DefaultFileLockManager] Releasing lock on daemon addresses registry.
2026-05-17T17:13:55.917+0700 [DEBUG] [org.gradle.cache.internal.DefaultFileLockManager] Waiting to acquire shared lock on daemon addresses registry.
2026-05-17T17:13:55.917+0700 [DEBUG] [org.gradle.cache.internal.DefaultFileLockManager] Lock acquired on daemon addresses registry.
2026-05-17T17:13:55.918+0700 [DEBUG] [org.gradle.cache.internal.DefaultFileLockManager] Releasing lock on daemon addresses registry.
2026-05-17T17:14:05.924+0700 [DEBUG] [org.gradle.cache.internal.DefaultFileLockManager] Waiting to acquire shared lock on daemon addresses registry.
2026-05-17T17:14:05.924+0700 [DEBUG] [org.gradle.cache.internal.DefaultFileLockManager] Lock acquired on daemon addresses registry.
2026-05-17T17:14:05.924+0700 [DEBUG] [org.gradle.cache.internal.DefaultFileLockManager] Releasing lock on daemon addresses registry.
2026-05-17T17:14:05.926+0700 [DEBUG] [org.gradle.cache.internal.DefaultFileLockManager] Waiting to acquire shared lock on daemon addresses registry.
2026-05-17T17:14:05.927+0700 [DEBUG] [org.gradle.cache.internal.DefaultFileLockManager] Lock acquired on daemon addresses registry.
2026-05-17T17:14:05.927+0700 [DEBUG] [org.gradle.cache.internal.DefaultFileLockManager] Releasing lock on daemon addresses registry.
2026-05-17T17:14:05.928+0700 [DEBUG] [org.gradle.cache.internal.DefaultFileLockManager] Waiting to acquire shared lock on daemon addresses registry.
2026-05-17T17:14:05.928+0700 [DEBUG] [org.gradle.cache.internal.DefaultFileLockManager] Lock acquired on daemon addresses registry.
2026-05-17T17:14:05.929+0700 [DEBUG] [org.gradle.cache.internal.DefaultFileLockManager] Releasing lock on daemon addresses registry.
2026-05-17T17:14:15.932+0700 [DEBUG] [org.gradle.cache.internal.DefaultFileLockManager] Waiting to acquire shared lock on daemon addresses registry.
2026-05-17T17:14:15.932+0700 [DEBUG] [org.gradle.cache.internal.DefaultFileLockManager] Lock acquired on daemon addresses registry.
2026-05-17T17:14:15.933+0700 [DEBUG] [org.gradle.cache.internal.DefaultFileLockManager] Releasing lock on daemon addresses registry.
2026-05-17T17:14:15.935+0700 [DEBUG] [org.gradle.cache.internal.DefaultFileLockManager] Waiting to acquire shared lock on daemon addresses registry.
2026-05-17T17:14:15.935+0700 [DEBUG] [org.gradle.cache.internal.DefaultFileLockManager] Lock acquired on daemon addresses registry.
2026-05-17T17:14:15.935+0700 [DEBUG] [org.gradle.cache.internal.DefaultFileLockManager] Releasing lock on daemon addresses registry.
2026-05-17T17:14:15.936+0700 [DEBUG] [org.gradle.cache.internal.DefaultFileLockManager] Waiting to acquire shared lock on daemon addresses registry.
2026-05-17T17:14:15.937+0700 [DEBUG] [org.gradle.cache.internal.DefaultFileLockManager] Lock acquired on daemon addresses registry.
2026-05-17T17:14:15.937+0700 [DEBUG] [org.gradle.cache.internal.DefaultFileLockManager] Releasing lock on daemon addresses registry.
2026-05-17T17:14:25.922+0700 [DEBUG] [org.gradle.cache.internal.DefaultFileLockManager] Waiting to acquire shared lock on daemon addresses registry.
2026-05-17T17:14:25.922+0700 [DEBUG] [org.gradle.cache.internal.DefaultFileLockManager] Lock acquired on daemon addresses registry.
2026-05-17T17:14:25.923+0700 [DEBUG] [org.gradle.cache.internal.DefaultFileLockManager] Releasing lock on daemon addresses registry.
2026-05-17T17:14:25.925+0700 [DEBUG] [org.gradle.cache.internal.DefaultFileLockManager] Waiting to acquire shared lock on daemon addresses registry.
2026-05-17T17:14:25.925+0700 [DEBUG] [org.gradle.cache.internal.DefaultFileLockManager] Lock acquired on daemon addresses registry.
2026-05-17T17:14:25.926+0700 [DEBUG] [org.gradle.cache.internal.DefaultFileLockManager] Releasing lock on daemon addresses registry.
2026-05-17T17:14:25.927+0700 [DEBUG] [org.gradle.cache.internal.DefaultFileLockManager] Waiting to acquire shared lock on daemon addresses registry.
2026-05-17T17:14:25.927+0700 [DEBUG] [org.gradle.cache.internal.DefaultFileLockManager] Lock acquired on daemon addresses registry.
2026-05-17T17:14:25.927+0700 [DEBUG] [org.gradle.cache.internal.DefaultFileLockManager] Releasing lock on daemon addresses registry.
2026-05-17T17:14:35.923+0700 [DEBUG] [org.gradle.cache.internal.DefaultFileLockManager] Waiting to acquire shared lock on daemon addresses registry.
2026-05-17T17:14:35.923+0700 [DEBUG] [org.gradle.cache.internal.DefaultFileLockManager] Lock acquired on daemon addresses registry.
2026-05-17T17:14:35.924+0700 [DEBUG] [org.gradle.cache.internal.DefaultFileLockManager] Releasing lock on daemon addresses registry.
2026-05-17T17:14:35.925+0700 [DEBUG] [org.gradle.cache.internal.DefaultFileLockManager] Waiting to acquire shared lock on daemon addresses registry.
2026-05-17T17:14:35.926+0700 [DEBUG] [org.gradle.cache.internal.DefaultFileLockManager] Lock acquired on daemon addresses registry.
2026-05-17T17:14:35.926+0700 [DEBUG] [org.gradle.cache.internal.DefaultFileLockManager] Releasing lock on daemon addresses registry.
2026-05-17T17:14:35.927+0700 [DEBUG] [org.gradle.cache.internal.DefaultFileLockManager] Waiting to acquire shared lock on daemon addresses registry.
2026-05-17T17:14:35.927+0700 [DEBUG] [org.gradle.cache.internal.DefaultFileLockManager] Lock acquired on daemon addresses registry.
2026-05-17T17:14:35.927+0700 [DEBUG] [org.gradle.cache.internal.DefaultFileLockManager] Releasing lock on daemon addresses registry.
2026-05-17T17:14:45.920+0700 [DEBUG] [org.gradle.cache.internal.DefaultFileLockManager] Waiting to acquire shared lock on daemon addresses registry.
2026-05-17T17:14:45.920+0700 [DEBUG] [org.gradle.cache.internal.DefaultFileLockManager] Lock acquired on daemon addresses registry.
2026-05-17T17:14:45.921+0700 [DEBUG] [org.gradle.cache.internal.DefaultFileLockManager] Releasing lock on daemon addresses registry.
2026-05-17T17:14:45.923+0700 [DEBUG] [org.gradle.cache.internal.DefaultFileLockManager] Waiting to acquire shared lock on daemon addresses registry.
2026-05-17T17:14:45.924+0700 [DEBUG] [org.gradle.cache.internal.DefaultFileLockManager] Lock acquired on daemon addresses registry.
2026-05-17T17:14:45.924+0700 [DEBUG] [org.gradle.cache.internal.DefaultFileLockManager] Releasing lock on daemon addresses registry.
2026-05-17T17:14:45.925+0700 [DEBUG] [org.gradle.cache.internal.DefaultFileLockManager] Waiting to acquire shared lock on daemon addresses registry.
2026-05-17T17:14:45.925+0700 [DEBUG] [org.gradle.cache.internal.DefaultFileLockManager] Lock acquired on daemon addresses registry.
2026-05-17T17:14:45.926+0700 [DEBUG] [org.gradle.cache.internal.DefaultFileLockManager] Releasing lock on daemon addresses registry.
2026-05-17T17:14:55.919+0700 [DEBUG] [org.gradle.cache.internal.DefaultFileLockManager] Waiting to acquire shared lock on daemon addresses registry.
2026-05-17T17:14:55.919+0700 [DEBUG] [org.gradle.cache.internal.DefaultFileLockManager] Lock acquired on daemon addresses registry.
2026-05-17T17:14:55.920+0700 [DEBUG] [org.gradle.cache.internal.DefaultFileLockManager] Releasing lock on daemon addresses registry.
2026-05-17T17:14:55.921+0700 [DEBUG] [org.gradle.cache.internal.DefaultFileLockManager] Waiting to acquire shared lock on daemon addresses registry.
2026-05-17T17:14:55.921+0700 [DEBUG] [org.gradle.cache.internal.DefaultFileLockManager] Lock acquired on daemon addresses registry.
2026-05-17T17:14:55.921+0700 [DEBUG] [org.gradle.cache.internal.DefaultFileLockManager] Releasing lock on daemon addresses registry.
2026-05-17T17:14:55.921+0700 [DEBUG] [org.gradle.cache.internal.DefaultFileLockManager] Waiting to acquire shared lock on daemon addresses registry.
2026-05-17T17:14:55.921+0700 [DEBUG] [org.gradle.cache.internal.DefaultFileLockManager] Lock acquired on daemon addresses registry.
2026-05-17T17:14:55.921+0700 [DEBUG] [org.gradle.cache.internal.DefaultFileLockManager] Releasing lock on daemon addresses registry.
2026-05-17T17:15:05.921+0700 [DEBUG] [org.gradle.cache.internal.DefaultFileLockManager] Waiting to acquire shared lock on daemon addresses registry.
2026-05-17T17:15:05.921+0700 [DEBUG] [org.gradle.cache.internal.DefaultFileLockManager] Lock acquired on daemon addresses registry.
2026-05-17T17:15:05.921+0700 [DEBUG] [org.gradle.cache.internal.DefaultFileLockManager] Releasing lock on daemon addresses registry.
2026-05-17T17:15:05.922+0700 [DEBUG] [org.gradle.cache.internal.DefaultFileLockManager] Waiting to acquire shared lock on daemon addresses registry.
2026-05-17T17:15:05.922+0700 [DEBUG] [org.gradle.cache.internal.DefaultFileLockManager] Lock acquired on daemon addresses registry.
2026-05-17T17:15:05.922+0700 [DEBUG] [org.gradle.cache.internal.DefaultFileLockManager] Releasing lock on daemon addresses registry.
2026-05-17T17:15:05.923+0700 [DEBUG] [org.gradle.cache.internal.DefaultFileLockManager] Waiting to acquire shared lock on daemon addresses registry.
2026-05-17T17:15:05.923+0700 [DEBUG] [org.gradle.cache.internal.DefaultFileLockManager] Lock acquired on daemon addresses registry.
2026-05-17T17:15:05.923+0700 [DEBUG] [org.gradle.cache.internal.DefaultFileLockManager] Releasing lock on daemon addresses registry.
2026-05-17T17:15:15.924+0700 [DEBUG] [org.gradle.cache.internal.DefaultFileLockManager] Waiting to acquire shared lock on daemon addresses registry.
2026-05-17T17:15:15.925+0700 [DEBUG] [org.gradle.cache.internal.DefaultFileLockManager] Lock acquired on daemon addresses registry.
2026-05-17T17:15:15.925+0700 [DEBUG] [org.gradle.cache.internal.DefaultFileLockManager] Releasing lock on daemon addresses registry.
2026-05-17T17:15:15.927+0700 [DEBUG] [org.gradle.cache.internal.DefaultFileLockManager] Waiting to acquire shared lock on daemon addresses registry.
2026-05-17T17:15:15.927+0700 [DEBUG] [org.gradle.cache.internal.DefaultFileLockManager] Lock acquired on daemon addresses registry.
2026-05-17T17:15:15.927+0700 [DEBUG] [org.gradle.cache.internal.DefaultFileLockManager] Releasing lock on daemon addresses registry.
2026-05-17T17:15:15.928+0700 [DEBUG] [org.gradle.cache.internal.DefaultFileLockManager] Waiting to acquire shared lock on daemon addresses registry.
2026-05-17T17:15:15.928+0700 [DEBUG] [org.gradle.cache.internal.DefaultFileLockManager] Lock acquired on daemon addresses registry.
2026-05-17T17:15:15.929+0700 [DEBUG] [org.gradle.cache.internal.DefaultFileLockManager] Releasing lock on daemon addresses registry.
2026-05-17T17:15:25.926+0700 [DEBUG] [org.gradle.cache.internal.DefaultFileLockManager] Waiting to acquire shared lock on daemon addresses registry.
2026-05-17T17:15:25.926+0700 [DEBUG] [org.gradle.cache.internal.DefaultFileLockManager] Lock acquired on daemon addresses registry.
2026-05-17T17:15:25.927+0700 [DEBUG] [org.gradle.cache.internal.DefaultFileLockManager] Releasing lock on daemon addresses registry.
2026-05-17T17:15:25.928+0700 [DEBUG] [org.gradle.cache.internal.DefaultFileLockManager] Waiting to acquire shared lock on daemon addresses registry.
2026-05-17T17:15:25.929+0700 [DEBUG] [org.gradle.cache.internal.DefaultFileLockManager] Lock acquired on daemon addresses registry.
2026-05-17T17:15:25.929+0700 [DEBUG] [org.gradle.cache.internal.DefaultFileLockManager] Releasing lock on daemon addresses registry.
2026-05-17T17:15:25.930+0700 [DEBUG] [org.gradle.cache.internal.DefaultFileLockManager] Waiting to acquire shared lock on daemon addresses registry.
2026-05-17T17:15:25.930+0700 [DEBUG] [org.gradle.cache.internal.DefaultFileLockManager] Lock acquired on daemon addresses registry.
2026-05-17T17:15:25.930+0700 [DEBUG] [org.gradle.cache.internal.DefaultFileLockManager] Releasing lock on daemon addresses registry.
2026-05-17T17:15:35.923+0700 [DEBUG] [org.gradle.cache.internal.DefaultFileLockManager] Waiting to acquire shared lock on daemon addresses registry.
2026-05-17T17:15:35.923+0700 [DEBUG] [org.gradle.cache.internal.DefaultFileLockManager] Lock acquired on daemon addresses registry.
2026-05-17T17:15:35.923+0700 [DEBUG] [org.gradle.cache.internal.DefaultFileLockManager] Releasing lock on daemon addresses registry.
2026-05-17T17:15:35.925+0700 [DEBUG] [org.gradle.cache.internal.DefaultFileLockManager] Waiting to acquire shared lock on daemon addresses registry.
2026-05-17T17:15:35.925+0700 [DEBUG] [org.gradle.cache.internal.DefaultFileLockManager] Lock acquired on daemon addresses registry.
2026-05-17T17:15:35.926+0700 [DEBUG] [org.gradle.cache.internal.DefaultFileLockManager] Releasing lock on daemon addresses registry.
2026-05-17T17:15:35.927+0700 [DEBUG] [org.gradle.cache.internal.DefaultFileLockManager] Waiting to acquire shared lock on daemon addresses registry.
2026-05-17T17:15:35.927+0700 [DEBUG] [org.gradle.cache.internal.DefaultFileLockManager] Lock acquired on daemon addresses registry.
2026-05-17T17:15:35.927+0700 [DEBUG] [org.gradle.cache.internal.DefaultFileLockManager] Releasing lock on daemon addresses registry.
2026-05-17T17:15:45.924+0700 [DEBUG] [org.gradle.cache.internal.DefaultFileLockManager] Waiting to acquire shared lock on daemon addresses registry.
2026-05-17T17:15:45.924+0700 [DEBUG] [org.gradle.cache.internal.DefaultFileLockManager] Lock acquired on daemon addresses registry.
2026-05-17T17:15:45.924+0700 [DEBUG] [org.gradle.cache.internal.DefaultFileLockManager] Releasing lock on daemon addresses registry.
2026-05-17T17:15:45.926+0700 [DEBUG] [org.gradle.cache.internal.DefaultFileLockManager] Waiting to acquire shared lock on daemon addresses registry.
2026-05-17T17:15:45.926+0700 [DEBUG] [org.gradle.cache.internal.DefaultFileLockManager] Lock acquired on daemon addresses registry.
2026-05-17T17:15:45.926+0700 [DEBUG] [org.gradle.cache.internal.DefaultFileLockManager] Releasing lock on daemon addresses registry.
2026-05-17T17:15:45.928+0700 [DEBUG] [org.gradle.cache.internal.DefaultFileLockManager] Waiting to acquire shared lock on daemon addresses registry.
2026-05-17T17:15:45.928+0700 [DEBUG] [org.gradle.cache.internal.DefaultFileLockManager] Lock acquired on daemon addresses registry.
2026-05-17T17:15:45.928+0700 [DEBUG] [org.gradle.cache.internal.DefaultFileLockManager] Releasing lock on daemon addresses registry.
2026-05-17T17:15:47.493+0700 [DEBUG] [org.gradle.internal.watch.vfs.impl.WatchingVirtualFileSystem] Handling VFS change CREATED D:\code\ecommer_fco\back-end\src\main\java\com\fco\platform\common\cloudinary
2026-05-17T17:15:55.929+0700 [DEBUG] [org.gradle.cache.internal.DefaultFileLockManager] Waiting to acquire shared lock on daemon addresses registry.
2026-05-17T17:15:55.929+0700 [DEBUG] [org.gradle.cache.internal.DefaultFileLockManager] Lock acquired on daemon addresses registry.
2026-05-17T17:15:55.929+0700 [DEBUG] [org.gradle.cache.internal.DefaultFileLockManager] Releasing lock on daemon addresses registry.
2026-05-17T17:15:55.930+0700 [DEBUG] [org.gradle.cache.internal.DefaultFileLockManager] Waiting to acquire shared lock on daemon addresses registry.
2026-05-17T17:15:55.930+0700 [DEBUG] [org.gradle.cache.internal.DefaultFileLockManager] Lock acquired on daemon addresses registry.
2026-05-17T17:15:55.930+0700 [DEBUG] [org.gradle.cache.internal.DefaultFileLockManager] Releasing lock on daemon addresses registry.
2026-05-17T17:15:55.930+0700 [DEBUG] [org.gradle.cache.internal.DefaultFileLockManager] Waiting to acquire shared lock on daemon addresses registry.
2026-05-17T17:15:55.931+0700 [DEBUG] [org.gradle.cache.internal.DefaultFileLockManager] Lock acquired on daemon addresses registry.
2026-05-17T17:15:55.931+0700 [DEBUG] [org.gradle.cache.internal.DefaultFileLockManager] Releasing lock on daemon addresses registry.
2026-05-17T17:16:05.918+0700 [DEBUG] [org.gradle.cache.internal.DefaultFileLockManager] Waiting to acquire shared lock on daemon addresses registry.
2026-05-17T17:16:05.919+0700 [DEBUG] [org.gradle.cache.internal.DefaultFileLockManager] Lock acquired on daemon addresses registry.
2026-05-17T17:16:05.919+0700 [DEBUG] [org.gradle.cache.internal.DefaultFileLockManager] Releasing lock on daemon addresses registry.
2026-05-17T17:16:05.921+0700 [DEBUG] [org.gradle.cache.internal.DefaultFileLockManager] Waiting to acquire shared lock on daemon addresses registry.
2026-05-17T17:16:05.921+0700 [DEBUG] [org.gradle.cache.internal.DefaultFileLockManager] Lock acquired on daemon addresses registry.
2026-05-17T17:16:05.921+0700 [DEBUG] [org.gradle.cache.internal.DefaultFileLockManager] Releasing lock on daemon addresses registry.
2026-05-17T17:16:05.922+0700 [DEBUG] [org.gradle.cache.internal.DefaultFileLockManager] Waiting to acquire shared lock on daemon addresses registry.
2026-05-17T17:16:05.923+0700 [DEBUG] [org.gradle.cache.internal.DefaultFileLockManager] Lock acquired on daemon addresses registry.
2026-05-17T17:16:05.923+0700 [DEBUG] [org.gradle.cache.internal.DefaultFileLockManager] Releasing lock on daemon addresses registry.
2026-05-17T17:16:15.922+0700 [DEBUG] [org.gradle.cache.internal.DefaultFileLockManager] Waiting to acquire shared lock on daemon addresses registry.
2026-05-17T17:16:15.922+0700 [DEBUG] [org.gradle.cache.internal.DefaultFileLockManager] Lock acquired on daemon addresses registry.
2026-05-17T17:16:15.922+0700 [DEBUG] [org.gradle.cache.internal.DefaultFileLockManager] Releasing lock on daemon addresses registry.
2026-05-17T17:16:15.924+0700 [DEBUG] [org.gradle.cache.internal.DefaultFileLockManager] Waiting to acquire shared lock on daemon addresses registry.
2026-05-17T17:16:15.924+0700 [DEBUG] [org.gradle.cache.internal.DefaultFileLockManager] Lock acquired on daemon addresses registry.
2026-05-17T17:16:15.925+0700 [DEBUG] [org.gradle.cache.internal.DefaultFileLockManager] Releasing lock on daemon addresses registry.
2026-05-17T17:16:15.926+0700 [DEBUG] [org.gradle.cache.internal.DefaultFileLockManager] Waiting to acquire shared lock on daemon addresses registry.
2026-05-17T17:16:15.927+0700 [DEBUG] [org.gradle.cache.internal.DefaultFileLockManager] Lock acquired on daemon addresses registry.
2026-05-17T17:16:15.927+0700 [DEBUG] [org.gradle.cache.internal.DefaultFileLockManager] Releasing lock on daemon addresses registry.
2026-05-17T17:16:25.924+0700 [DEBUG] [org.gradle.cache.internal.DefaultFileLockManager] Waiting to acquire shared lock on daemon addresses registry.
2026-05-17T17:16:25.924+0700 [DEBUG] [org.gradle.cache.internal.DefaultFileLockManager] Lock acquired on daemon addresses registry.
2026-05-17T17:16:25.924+0700 [DEBUG] [org.gradle.cache.internal.DefaultFileLockManager] Releasing lock on daemon addresses registry.
2026-05-17T17:16:25.927+0700 [DEBUG] [org.gradle.cache.internal.DefaultFileLockManager] Waiting to acquire shared lock on daemon addresses registry.
2026-05-17T17:16:25.927+0700 [DEBUG] [org.gradle.cache.internal.DefaultFileLockManager] Lock acquired on daemon addresses registry.
2026-05-17T17:16:25.927+0700 [DEBUG] [org.gradle.cache.internal.DefaultFileLockManager] Releasing lock on daemon addresses registry.
2026-05-17T17:16:25.929+0700 [DEBUG] [org.gradle.cache.internal.DefaultFileLockManager] Waiting to acquire shared lock on daemon addresses registry.
2026-05-17T17:16:25.929+0700 [DEBUG] [org.gradle.cache.internal.DefaultFileLockManager] Lock acquired on daemon addresses registry.
2026-05-17T17:16:25.929+0700 [DEBUG] [org.gradle.cache.internal.DefaultFileLockManager] Releasing lock on daemon addresses registry.
2026-05-17T17:16:35.923+0700 [DEBUG] [org.gradle.cache.internal.DefaultFileLockManager] Waiting to acquire shared lock on daemon addresses registry.
2026-05-17T17:16:35.923+0700 [DEBUG] [org.gradle.cache.internal.DefaultFileLockManager] Lock acquired on daemon addresses registry.
2026-05-17T17:16:35.923+0700 [DEBUG] [org.gradle.cache.internal.DefaultFileLockManager] Releasing lock on daemon addresses registry.
2026-05-17T17:16:35.926+0700 [DEBUG] [org.gradle.cache.internal.DefaultFileLockManager] Waiting to acquire shared lock on daemon addresses registry.
2026-05-17T17:16:35.926+0700 [DEBUG] [org.gradle.cache.internal.DefaultFileLockManager] Lock acquired on daemon addresses registry.
2026-05-17T17:16:35.926+0700 [DEBUG] [org.gradle.cache.internal.DefaultFileLockManager] Releasing lock on daemon addresses registry.
2026-05-17T17:16:35.928+0700 [DEBUG] [org.gradle.cache.internal.DefaultFileLockManager] Waiting to acquire shared lock on daemon addresses registry.
2026-05-17T17:16:35.928+0700 [DEBUG] [org.gradle.cache.internal.DefaultFileLockManager] Lock acquired on daemon addresses registry.
2026-05-17T17:16:35.928+0700 [DEBUG] [org.gradle.cache.internal.DefaultFileLockManager] Releasing lock on daemon addresses registry.
2026-05-17T17:16:45.923+0700 [DEBUG] [org.gradle.cache.internal.DefaultFileLockManager] Waiting to acquire shared lock on daemon addresses registry.
2026-05-17T17:16:45.923+0700 [DEBUG] [org.gradle.cache.internal.DefaultFileLockManager] Lock acquired on daemon addresses registry.
2026-05-17T17:16:45.924+0700 [DEBUG] [org.gradle.cache.internal.DefaultFileLockManager] Releasing lock on daemon addresses registry.
2026-05-17T17:16:45.925+0700 [DEBUG] [org.gradle.cache.internal.DefaultFileLockManager] Waiting to acquire shared lock on daemon addresses registry.
2026-05-17T17:16:45.925+0700 [DEBUG] [org.gradle.cache.internal.DefaultFileLockManager] Lock acquired on daemon addresses registry.
2026-05-17T17:16:45.925+0700 [DEBUG] [org.gradle.cache.internal.DefaultFileLockManager] Releasing lock on daemon addresses registry.
2026-05-17T17:16:45.926+0700 [DEBUG] [org.gradle.cache.internal.DefaultFileLockManager] Waiting to acquire shared lock on daemon addresses registry.
2026-05-17T17:16:45.927+0700 [DEBUG] [org.gradle.cache.internal.DefaultFileLockManager] Lock acquired on daemon addresses registry.
2026-05-17T17:16:45.927+0700 [DEBUG] [org.gradle.cache.internal.DefaultFileLockManager] Releasing lock on daemon addresses registry.
2026-05-17T17:16:55.922+0700 [DEBUG] [org.gradle.cache.internal.DefaultFileLockManager] Waiting to acquire shared lock on daemon addresses registry.
2026-05-17T17:16:55.923+0700 [DEBUG] [org.gradle.cache.internal.DefaultFileLockManager] Lock acquired on daemon addresses registry.
2026-05-17T17:16:55.923+0700 [DEBUG] [org.gradle.cache.internal.DefaultFileLockManager] Releasing lock on daemon addresses registry.
2026-05-17T17:16:55.925+0700 [DEBUG] [org.gradle.cache.internal.DefaultFileLockManager] Waiting to acquire shared lock on daemon addresses registry.
2026-05-17T17:16:55.925+0700 [DEBUG] [org.gradle.cache.internal.DefaultFileLockManager] Lock acquired on daemon addresses registry.
2026-05-17T17:16:55.926+0700 [DEBUG] [org.gradle.cache.internal.DefaultFileLockManager] Releasing lock on daemon addresses registry.
2026-05-17T17:16:55.927+0700 [DEBUG] [org.gradle.cache.internal.DefaultFileLockManager] Waiting to acquire shared lock on daemon addresses registry.
2026-05-17T17:16:55.927+0700 [DEBUG] [org.gradle.cache.internal.DefaultFileLockManager] Lock acquired on daemon addresses registry.
2026-05-17T17:16:55.928+0700 [DEBUG] [org.gradle.cache.internal.DefaultFileLockManager] Releasing lock on daemon addresses registry.
2026-05-17T17:17:05.921+0700 [DEBUG] [org.gradle.cache.internal.DefaultFileLockManager] Waiting to acquire shared lock on daemon addresses registry.
2026-05-17T17:17:05.921+0700 [DEBUG] [org.gradle.cache.internal.DefaultFileLockManager] Lock acquired on daemon addresses registry.
2026-05-17T17:17:05.922+0700 [DEBUG] [org.gradle.cache.internal.DefaultFileLockManager] Releasing lock on daemon addresses registry.
2026-05-17T17:17:05.923+0700 [DEBUG] [org.gradle.cache.internal.DefaultFileLockManager] Waiting to acquire shared lock on daemon addresses registry.
2026-05-17T17:17:05.924+0700 [DEBUG] [org.gradle.cache.internal.DefaultFileLockManager] Lock acquired on daemon addresses registry.
2026-05-17T17:17:05.924+0700 [DEBUG] [org.gradle.cache.internal.DefaultFileLockManager] Releasing lock on daemon addresses registry.
2026-05-17T17:17:05.926+0700 [DEBUG] [org.gradle.cache.internal.DefaultFileLockManager] Waiting to acquire shared lock on daemon addresses registry.
2026-05-17T17:17:05.926+0700 [DEBUG] [org.gradle.cache.internal.DefaultFileLockManager] Lock acquired on daemon addresses registry.
2026-05-17T17:17:05.927+0700 [DEBUG] [org.gradle.cache.internal.DefaultFileLockManager] Releasing lock on daemon addresses registry.
2026-05-17T17:17:15.921+0700 [DEBUG] [org.gradle.cache.internal.DefaultFileLockManager] Waiting to acquire shared lock on daemon addresses registry.
2026-05-17T17:17:15.921+0700 [DEBUG] [org.gradle.cache.internal.DefaultFileLockManager] Lock acquired on daemon addresses registry.
2026-05-17T17:17:15.921+0700 [DEBUG] [org.gradle.cache.internal.DefaultFileLockManager] Releasing lock on daemon addresses registry.
2026-05-17T17:17:15.923+0700 [DEBUG] [org.gradle.cache.internal.DefaultFileLockManager] Waiting to acquire shared lock on daemon addresses registry.
2026-05-17T17:17:15.923+0700 [DEBUG] [org.gradle.cache.internal.DefaultFileLockManager] Lock acquired on daemon addresses registry.
2026-05-17T17:17:15.924+0700 [DEBUG] [org.gradle.cache.internal.DefaultFileLockManager] Releasing lock on daemon addresses registry.
2026-05-17T17:17:15.925+0700 [DEBUG] [org.gradle.cache.internal.DefaultFileLockManager] Waiting to acquire shared lock on daemon addresses registry.
2026-05-17T17:17:15.925+0700 [DEBUG] [org.gradle.cache.internal.DefaultFileLockManager] Lock acquired on daemon addresses registry.
2026-05-17T17:17:15.925+0700 [DEBUG] [org.gradle.cache.internal.DefaultFileLockManager] Releasing lock on daemon addresses registry.
2026-05-17T17:17:25.923+0700 [DEBUG] [org.gradle.cache.internal.DefaultFileLockManager] Waiting to acquire shared lock on daemon addresses registry.
2026-05-17T17:17:25.924+0700 [DEBUG] [org.gradle.cache.internal.DefaultFileLockManager] Lock acquired on daemon addresses registry.
2026-05-17T17:17:25.924+0700 [DEBUG] [org.gradle.cache.internal.DefaultFileLockManager] Releasing lock on daemon addresses registry.
2026-05-17T17:17:25.928+0700 [DEBUG] [org.gradle.cache.internal.DefaultFileLockManager] Waiting to acquire shared lock on daemon addresses registry.
2026-05-17T17:17:25.928+0700 [DEBUG] [org.gradle.cache.internal.DefaultFileLockManager] Lock acquired on daemon addresses registry.
2026-05-17T17:17:25.928+0700 [DEBUG] [org.gradle.cache.internal.DefaultFileLockManager] Releasing lock on daemon addresses registry.
2026-05-17T17:17:25.931+0700 [DEBUG] [org.gradle.cache.internal.DefaultFileLockManager] Waiting to acquire shared lock on daemon addresses registry.
2026-05-17T17:17:25.932+0700 [DEBUG] [org.gradle.cache.internal.DefaultFileLockManager] Lock acquired on daemon addresses registry.
2026-05-17T17:17:25.932+0700 [DEBUG] [org.gradle.cache.internal.DefaultFileLockManager] Releasing lock on daemon addresses registry.
2026-05-17T17:17:35.918+0700 [DEBUG] [org.gradle.cache.internal.DefaultFileLockManager] Waiting to acquire shared lock on daemon addresses registry.
2026-05-17T17:17:35.918+0700 [DEBUG] [org.gradle.cache.internal.DefaultFileLockManager] Lock acquired on daemon addresses registry.
2026-05-17T17:17:35.918+0700 [DEBUG] [org.gradle.cache.internal.DefaultFileLockManager] Releasing lock on daemon addresses registry.
2026-05-17T17:17:35.919+0700 [DEBUG] [org.gradle.cache.internal.DefaultFileLockManager] Waiting to acquire shared lock on daemon addresses registry.
2026-05-17T17:17:35.919+0700 [DEBUG] [org.gradle.cache.internal.DefaultFileLockManager] Lock acquired on daemon addresses registry.
2026-05-17T17:17:35.920+0700 [DEBUG] [org.gradle.cache.internal.DefaultFileLockManager] Releasing lock on daemon addresses registry.
2026-05-17T17:17:35.920+0700 [DEBUG] [org.gradle.cache.internal.DefaultFileLockManager] Waiting to acquire shared lock on daemon addresses registry.
2026-05-17T17:17:35.921+0700 [DEBUG] [org.gradle.cache.internal.DefaultFileLockManager] Lock acquired on daemon addresses registry.
2026-05-17T17:17:35.921+0700 [DEBUG] [org.gradle.cache.internal.DefaultFileLockManager] Releasing lock on daemon addresses registry.
2026-05-17T17:17:45.919+0700 [DEBUG] [org.gradle.cache.internal.DefaultFileLockManager] Waiting to acquire shared lock on daemon addresses registry.
2026-05-17T17:17:45.920+0700 [DEBUG] [org.gradle.cache.internal.DefaultFileLockManager] Lock acquired on daemon addresses registry.
2026-05-17T17:17:45.920+0700 [DEBUG] [org.gradle.cache.internal.DefaultFileLockManager] Releasing lock on daemon addresses registry.
2026-05-17T17:17:45.921+0700 [DEBUG] [org.gradle.cache.internal.DefaultFileLockManager] Waiting to acquire shared lock on daemon addresses registry.
2026-05-17T17:17:45.921+0700 [DEBUG] [org.gradle.cache.internal.DefaultFileLockManager] Lock acquired on daemon addresses registry.
2026-05-17T17:17:45.921+0700 [DEBUG] [org.gradle.cache.internal.DefaultFileLockManager] Releasing lock on daemon addresses registry.
2026-05-17T17:17:45.921+0700 [DEBUG] [org.gradle.cache.internal.DefaultFileLockManager] Waiting to acquire shared lock on daemon addresses registry.
2026-05-17T17:17:45.921+0700 [DEBUG] [org.gradle.cache.internal.DefaultFileLockManager] Lock acquired on daemon addresses registry.
2026-05-17T17:17:45.921+0700 [DEBUG] [org.gradle.cache.internal.DefaultFileLockManager] Releasing lock on daemon addresses registry.
2026-05-17T17:17:46.838+0700 [DEBUG] [org.gradle.internal.watch.vfs.impl.WatchingVirtualFileSystem] Handling VFS change REMOVED D:\code\ecommer_fco\back-end\src\main\java\com\fco\platform\common\mapper\GameAccountMapper.java
2026-05-17T17:17:48.907+0700 [DEBUG] [org.gradle.internal.watch.vfs.impl.WatchingVirtualFileSystem] Handling VFS change CREATED D:\code\ecommer_fco\back-end\src\main\java\com\fco\platform\card\domain\FcoCardReview.java
2026-05-17T17:17:55.020+0700 [DEBUG] [org.gradle.internal.watch.vfs.impl.WatchingVirtualFileSystem] Handling VFS change MODIFIED D:\code\ecommer_fco\back-end\src\main\java\com\fco\platform\card\domain\PlayerCard.java
2026-05-17T17:17:55.916+0700 [DEBUG] [org.gradle.cache.internal.DefaultFileLockManager] Waiting to acquire shared lock on daemon addresses registry.
2026-05-17T17:17:55.917+0700 [DEBUG] [org.gradle.cache.internal.DefaultFileLockManager] Lock acquired on daemon addresses registry.
2026-05-17T17:17:55.917+0700 [DEBUG] [org.gradle.cache.internal.DefaultFileLockManager] Releasing lock on daemon addresses registry.
2026-05-17T17:17:55.917+0700 [DEBUG] [org.gradle.cache.internal.DefaultFileLockManager] Waiting to acquire shared lock on daemon addresses registry.
2026-05-17T17:17:55.917+0700 [DEBUG] [org.gradle.cache.internal.DefaultFileLockManager] Lock acquired on daemon addresses registry.
2026-05-17T17:17:55.917+0700 [DEBUG] [org.gradle.cache.internal.DefaultFileLockManager] Releasing lock on daemon addresses registry.
2026-05-17T17:17:55.918+0700 [DEBUG] [org.gradle.cache.internal.DefaultFileLockManager] Waiting to acquire shared lock on daemon addresses registry.
2026-05-17T17:17:55.918+0700 [DEBUG] [org.gradle.cache.internal.DefaultFileLockManager] Lock acquired on daemon addresses registry.
2026-05-17T17:17:55.918+0700 [DEBUG] [org.gradle.cache.internal.DefaultFileLockManager] Releasing lock on daemon addresses registry.
2026-05-17T17:18:01.431+0700 [DEBUG] [org.gradle.internal.watch.vfs.impl.WatchingVirtualFileSystem] Handling VFS change CREATED D:\code\ecommer_fco\back-end\src\main\java\com\fco\platform\auth\interfaces\dto\LoginRequest.java
2026-05-17T17:18:05.926+0700 [DEBUG] [org.gradle.cache.internal.DefaultFileLockManager] Waiting to acquire shared lock on daemon addresses registry.
2026-05-17T17:18:05.926+0700 [DEBUG] [org.gradle.cache.internal.DefaultFileLockManager] Lock acquired on daemon addresses registry.
2026-05-17T17:18:05.926+0700 [DEBUG] [org.gradle.cache.internal.DefaultFileLockManager] Releasing lock on daemon addresses registry.
2026-05-17T17:18:05.927+0700 [DEBUG] [org.gradle.cache.internal.DefaultFileLockManager] Waiting to acquire shared lock on daemon addresses registry.
2026-05-17T17:18:05.927+0700 [DEBUG] [org.gradle.cache.internal.DefaultFileLockManager] Lock acquired on daemon addresses registry.
2026-05-17T17:18:05.927+0700 [DEBUG] [org.gradle.cache.internal.DefaultFileLockManager] Releasing lock on daemon addresses registry.
2026-05-17T17:18:05.928+0700 [DEBUG] [org.gradle.cache.internal.DefaultFileLockManager] Waiting to acquire shared lock on daemon addresses registry.
2026-05-17T17:18:05.928+0700 [DEBUG] [org.gradle.cache.internal.DefaultFileLockManager] Lock acquired on daemon addresses registry.
2026-05-17T17:18:05.928+0700 [DEBUG] [org.gradle.cache.internal.DefaultFileLockManager] Releasing lock on daemon addresses registry.
2026-05-17T17:18:15.920+0700 [DEBUG] [org.gradle.cache.internal.DefaultFileLockManager] Waiting to acquire shared lock on daemon addresses registry.
2026-05-17T17:18:15.920+0700 [DEBUG] [org.gradle.cache.internal.DefaultFileLockManager] Lock acquired on daemon addresses registry.
2026-05-17T17:18:15.920+0700 [DEBUG] [org.gradle.cache.internal.DefaultFileLockManager] Releasing lock on daemon addresses registry.
2026-05-17T17:18:15.921+0700 [DEBUG] [org.gradle.cache.internal.DefaultFileLockManager] Waiting to acquire shared lock on daemon addresses registry.
2026-05-17T17:18:15.921+0700 [DEBUG] [org.gradle.cache.internal.DefaultFileLockManager] Lock acquired on daemon addresses registry.
2026-05-17T17:18:15.921+0700 [DEBUG] [org.gradle.cache.internal.DefaultFileLockManager] Releasing lock on daemon addresses registry.
2026-05-17T17:18:15.921+0700 [DEBUG] [org.gradle.cache.internal.DefaultFileLockManager] Waiting to acquire shared lock on daemon addresses registry.
2026-05-17T17:18:15.921+0700 [DEBUG] [org.gradle.cache.internal.DefaultFileLockManager] Lock acquired on daemon addresses registry.
2026-05-17T17:18:15.921+0700 [DEBUG] [org.gradle.cache.internal.DefaultFileLockManager] Releasing lock on daemon addresses registry.
2026-05-17T17:18:25.926+0700 [DEBUG] [org.gradle.cache.internal.DefaultFileLockManager] Waiting to acquire shared lock on daemon addresses registry.
2026-05-17T17:18:25.926+0700 [DEBUG] [org.gradle.cache.internal.DefaultFileLockManager] Lock acquired on daemon addresses registry.
2026-05-17T17:18:25.927+0700 [DEBUG] [org.gradle.cache.internal.DefaultFileLockManager] Releasing lock on daemon addresses registry.
2026-05-17T17:18:25.928+0700 [DEBUG] [org.gradle.cache.internal.DefaultFileLockManager] Waiting to acquire shared lock on daemon addresses registry.
2026-05-17T17:18:25.928+0700 [DEBUG] [org.gradle.cache.internal.DefaultFileLockManager] Lock acquired on daemon addresses registry.
2026-05-17T17:18:25.928+0700 [DEBUG] [org.gradle.cache.internal.DefaultFileLockManager] Releasing lock on daemon addresses registry.
2026-05-17T17:18:25.929+0700 [DEBUG] [org.gradle.cache.internal.DefaultFileLockManager] Waiting to acquire shared lock on daemon addresses registry.
2026-05-17T17:18:25.929+0700 [DEBUG] [org.gradle.cache.internal.DefaultFileLockManager] Lock acquired on daemon addresses registry.
2026-05-17T17:18:25.929+0700 [DEBUG] [org.gradle.cache.internal.DefaultFileLockManager] Releasing lock on daemon addresses registry.
2026-05-17T17:18:35.927+0700 [DEBUG] [org.gradle.cache.internal.DefaultFileLockManager] Waiting to acquire shared lock on daemon addresses registry.
2026-05-17T17:18:35.927+0700 [DEBUG] [org.gradle.cache.internal.DefaultFileLockManager] Lock acquired on daemon addresses registry.
2026-05-17T17:18:35.927+0700 [DEBUG] [org.gradle.cache.internal.DefaultFileLockManager] Releasing lock on daemon addresses registry.
2026-05-17T17:18:35.928+0700 [DEBUG] [org.gradle.cache.internal.DefaultFileLockManager] Waiting to acquire shared lock on daemon addresses registry.
2026-05-17T17:18:35.928+0700 [DEBUG] [org.gradle.cache.internal.DefaultFileLockManager] Lock acquired on daemon addresses registry.
2026-05-17T17:18:35.928+0700 [DEBUG] [org.gradle.cache.internal.DefaultFileLockManager] Releasing lock on daemon addresses registry.
2026-05-17T17:18:35.929+0700 [DEBUG] [org.gradle.cache.internal.DefaultFileLockManager] Waiting to acquire shared lock on daemon addresses registry.
2026-05-17T17:18:35.929+0700 [DEBUG] [org.gradle.cache.internal.DefaultFileLockManager] Lock acquired on daemon addresses registry.
2026-05-17T17:18:35.929+0700 [DEBUG] [org.gradle.cache.internal.DefaultFileLockManager] Releasing lock on daemon addresses registry.
2026-05-17T17:18:42.970+0700 [DEBUG] [org.gradle.internal.watch.vfs.impl.WatchingVirtualFileSystem] Handling VFS change MODIFIED D:\code\ecommer_fco\back-end\src\main\java\com\fco\platform\common\mapper\UserMapper.java
2026-05-17T17:18:45.925+0700 [DEBUG] [org.gradle.cache.internal.DefaultFileLockManager] Waiting to acquire shared lock on daemon addresses registry.
2026-05-17T17:18:45.925+0700 [DEBUG] [org.gradle.cache.internal.DefaultFileLockManager] Lock acquired on daemon addresses registry.
2026-05-17T17:18:45.925+0700 [DEBUG] [org.gradle.cache.internal.DefaultFileLockManager] Releasing lock on daemon addresses registry.
2026-05-17T17:18:45.926+0700 [DEBUG] [org.gradle.cache.internal.DefaultFileLockManager] Waiting to acquire shared lock on daemon addresses registry.
2026-05-17T17:18:45.926+0700 [DEBUG] [org.gradle.cache.internal.DefaultFileLockManager] Lock acquired on daemon addresses registry.
2026-05-17T17:18:45.926+0700 [DEBUG] [org.gradle.cache.internal.DefaultFileLockManager] Releasing lock on daemon addresses registry.
2026-05-17T17:18:45.927+0700 [DEBUG] [org.gradle.cache.internal.DefaultFileLockManager] Waiting to acquire shared lock on daemon addresses registry.
2026-05-17T17:18:45.927+0700 [DEBUG] [org.gradle.cache.internal.DefaultFileLockManager] Lock acquired on daemon addresses registry.
2026-05-17T17:18:45.927+0700 [DEBUG] [org.gradle.cache.internal.DefaultFileLockManager] Releasing lock on daemon addresses registry.
2026-05-17T17:18:48.805+0700 [DEBUG] [org.gradle.internal.watch.vfs.impl.WatchingVirtualFileSystem] Handling VFS change MODIFIED D:\code\ecommer_fco\back-end\src\main\java\com\fco\platform\auth\application\IUserService.java
2026-05-17T17:18:54.743+0700 [DEBUG] [org.gradle.internal.watch.vfs.impl.WatchingVirtualFileSystem] Handling VFS change MODIFIED D:\code\ecommer_fco\back-end\src\main\java\com\fco\platform\auth\application\UserServiceImpl.java
2026-05-17T17:18:55.927+0700 [DEBUG] [org.gradle.cache.internal.DefaultFileLockManager] Waiting to acquire shared lock on daemon addresses registry.
2026-05-17T17:18:55.927+0700 [DEBUG] [org.gradle.cache.internal.DefaultFileLockManager] Lock acquired on daemon addresses registry.
2026-05-17T17:18:55.927+0700 [DEBUG] [org.gradle.cache.internal.DefaultFileLockManager] Releasing lock on daemon addresses registry.
2026-05-17T17:18:55.928+0700 [DEBUG] [org.gradle.cache.internal.DefaultFileLockManager] Waiting to acquire shared lock on daemon addresses registry.
2026-05-17T17:18:55.928+0700 [DEBUG] [org.gradle.cache.internal.DefaultFileLockManager] Lock acquired on daemon addresses registry.
2026-05-17T17:18:55.928+0700 [DEBUG] [org.gradle.cache.internal.DefaultFileLockManager] Releasing lock on daemon addresses registry.
2026-05-17T17:18:55.928+0700 [DEBUG] [org.gradle.cache.internal.DefaultFileLockManager] Waiting to acquire shared lock on daemon addresses registry.
2026-05-17T17:18:55.928+0700 [DEBUG] [org.gradle.cache.internal.DefaultFileLockManager] Lock acquired on daemon addresses registry.
2026-05-17T17:18:55.928+0700 [DEBUG] [org.gradle.cache.internal.DefaultFileLockManager] Releasing lock on daemon addresses registry.
2026-05-17T17:19:00.310+0700 [DEBUG] [org.gradle.internal.watch.vfs.impl.WatchingVirtualFileSystem] Handling VFS change MODIFIED D:\code\ecommer_fco\back-end\src\main\java\com\fco\platform\auth\application\IAuthService.java
2026-05-17T17:19:05.925+0700 [DEBUG] [org.gradle.cache.internal.DefaultFileLockManager] Waiting to acquire shared lock on daemon addresses registry.
2026-05-17T17:19:05.926+0700 [DEBUG] [org.gradle.cache.internal.DefaultFileLockManager] Lock acquired on daemon addresses registry.
2026-05-17T17:19:05.926+0700 [DEBUG] [org.gradle.cache.internal.DefaultFileLockManager] Releasing lock on daemon addresses registry.
2026-05-17T17:19:05.927+0700 [DEBUG] [org.gradle.cache.internal.DefaultFileLockManager] Waiting to acquire shared lock on daemon addresses registry.
2026-05-17T17:19:05.927+0700 [DEBUG] [org.gradle.cache.internal.DefaultFileLockManager] Lock acquired on daemon addresses registry.
2026-05-17T17:19:05.927+0700 [DEBUG] [org.gradle.cache.internal.DefaultFileLockManager] Releasing lock on daemon addresses registry.
2026-05-17T17:19:05.928+0700 [DEBUG] [org.gradle.cache.internal.DefaultFileLockManager] Waiting to acquire shared lock on daemon addresses registry.
2026-05-17T17:19:05.928+0700 [DEBUG] [org.gradle.cache.internal.DefaultFileLockManager] Lock acquired on daemon addresses registry.
2026-05-17T17:19:05.928+0700 [DEBUG] [org.gradle.cache.internal.DefaultFileLockManager] Releasing lock on daemon addresses registry.
2026-05-17T17:19:06.884+0700 [DEBUG] [org.gradle.internal.watch.vfs.impl.WatchingVirtualFileSystem] Handling VFS change MODIFIED D:\code\ecommer_fco\back-end\src\main\java\com\fco\platform\auth\application\AuthServiceImpl.java
2026-05-17T17:19:12.255+0700 [DEBUG] [org.gradle.internal.watch.vfs.impl.WatchingVirtualFileSystem] Handling VFS change MODIFIED D:\code\ecommer_fco\back-end\src\main\java\com\fco\platform\auth\interfaces\web\AuthController.java
2026-05-17T17:19:15.924+0700 [DEBUG] [org.gradle.cache.internal.DefaultFileLockManager] Waiting to acquire shared lock on daemon addresses registry.
2026-05-17T17:19:15.924+0700 [DEBUG] [org.gradle.cache.internal.DefaultFileLockManager] Lock acquired on daemon addresses registry.
2026-05-17T17:19:15.924+0700 [DEBUG] [org.gradle.cache.internal.DefaultFileLockManager] Releasing lock on daemon addresses registry.
2026-05-17T17:19:15.924+0700 [DEBUG] [org.gradle.cache.internal.DefaultFileLockManager] Waiting to acquire shared lock on daemon addresses registry.
2026-05-17T17:19:15.924+0700 [DEBUG] [org.gradle.cache.internal.DefaultFileLockManager] Lock acquired on daemon addresses registry.
2026-05-17T17:19:15.924+0700 [DEBUG] [org.gradle.cache.internal.DefaultFileLockManager] Releasing lock on daemon addresses registry.
2026-05-17T17:19:15.925+0700 [DEBUG] [org.gradle.cache.internal.DefaultFileLockManager] Waiting to acquire shared lock on daemon addresses registry.
2026-05-17T17:19:15.925+0700 [DEBUG] [org.gradle.cache.internal.DefaultFileLockManager] Lock acquired on daemon addresses registry.
2026-05-17T17:19:15.925+0700 [DEBUG] [org.gradle.cache.internal.DefaultFileLockManager] Releasing lock on daemon addresses registry.
2026-05-17T17:19:17.612+0700 [DEBUG] [org.gradle.internal.watch.vfs.impl.WatchingVirtualFileSystem] Handling VFS change MODIFIED D:\code\ecommer_fco\back-end\src\main\java\com\fco\platform\auth\interfaces\web\AdminUserController.java
2026-05-17T17:19:25.925+0700 [DEBUG] [org.gradle.cache.internal.DefaultFileLockManager] Waiting to acquire shared lock on daemon addresses registry.
2026-05-17T17:19:25.925+0700 [DEBUG] [org.gradle.cache.internal.DefaultFileLockManager] Lock acquired on daemon addresses registry.
2026-05-17T17:19:25.925+0700 [DEBUG] [org.gradle.cache.internal.DefaultFileLockManager] Releasing lock on daemon addresses registry.
2026-05-17T17:19:25.926+0700 [DEBUG] [org.gradle.cache.internal.DefaultFileLockManager] Waiting to acquire shared lock on daemon addresses registry.
2026-05-17T17:19:25.926+0700 [DEBUG] [org.gradle.cache.internal.DefaultFileLockManager] Lock acquired on daemon addresses registry.
2026-05-17T17:19:25.926+0700 [DEBUG] [org.gradle.cache.internal.DefaultFileLockManager] Releasing lock on daemon addresses registry.
2026-05-17T17:19:25.927+0700 [DEBUG] [org.gradle.cache.internal.DefaultFileLockManager] Waiting to acquire shared lock on daemon addresses registry.
2026-05-17T17:19:25.927+0700 [DEBUG] [org.gradle.cache.internal.DefaultFileLockManager] Lock acquired on daemon addresses registry.
2026-05-17T17:19:25.927+0700 [DEBUG] [org.gradle.cache.internal.DefaultFileLockManager] Releasing lock on daemon addresses registry.
2026-05-17T17:19:30.435+0700 [DEBUG] [org.gradle.internal.watch.vfs.impl.WatchingVirtualFileSystem] Handling VFS change REMOVED D:\code\ecommer_fco\back-end\src\main\java\com\ra\base_spring_boot\cloudinary\CloudinaryProperties.java
2026-05-17T17:19:30.435+0700 [DEBUG] [org.gradle.internal.watch.vfs.impl.WatchingVirtualFileSystem] Handling VFS change REMOVED D:\code\ecommer_fco\back-end\src\main\java\com\ra\base_spring_boot\cloudinary\CloudinaryService.java
2026-05-17T17:19:30.435+0700 [DEBUG] [org.gradle.internal.watch.vfs.impl.WatchingVirtualFileSystem] Handling VFS change REMOVED D:\code\ecommer_fco\back-end\src\main\java\com\ra\base_spring_boot\cloudinary
2026-05-17T17:19:30.435+0700 [DEBUG] [org.gradle.internal.watch.vfs.impl.WatchingVirtualFileSystem] Handling VFS change REMOVED D:\code\ecommer_fco\back-end\src\main\java\com\ra\base_spring_boot\dto\req\AdminUserUpdateRequest.java
2026-05-17T17:19:30.435+0700 [DEBUG] [org.gradle.internal.watch.vfs.impl.WatchingVirtualFileSystem] Handling VFS change REMOVED D:\code\ecommer_fco\back-end\src\main\java\com\ra\base_spring_boot\dto\req\ChangePasswordRequest.java
2026-05-17T17:19:30.435+0700 [DEBUG] [org.gradle.internal.watch.vfs.impl.WatchingVirtualFileSystem] Handling VFS change REMOVED D:\code\ecommer_fco\back-end\src\main\java\com\ra\base_spring_boot\dto\req\ForgotPasswordRequest.java
2026-05-17T17:19:30.435+0700 [DEBUG] [org.gradle.internal.watch.vfs.impl.WatchingVirtualFileSystem] Handling VFS change REMOVED D:\code\ecommer_fco\back-end\src\main\java\com\ra\base_spring_boot\dto\req\LoginRequest.java
2026-05-17T17:19:30.436+0700 [DEBUG] [org.gradle.internal.watch.vfs.impl.WatchingVirtualFileSystem] Handling VFS change REMOVED D:\code\ecommer_fco\back-end\src\main\java\com\ra\base_spring_boot\dto\req\LogoutRequest.java
2026-05-17T17:19:30.436+0700 [DEBUG] [org.gradle.internal.watch.vfs.impl.WatchingVirtualFileSystem] Handling VFS change REMOVED D:\code\ecommer_fco\back-end\src\main\java\com\ra\base_spring_boot\dto\req\RefreshTokenRequest.java
2026-05-17T17:19:30.436+0700 [DEBUG] [org.gradle.internal.watch.vfs.impl.WatchingVirtualFileSystem] Handling VFS change REMOVED D:\code\ecommer_fco\back-end\src\main\java\com\ra\base_spring_boot\dto\req\RegisterRequest.java
2026-05-17T17:19:30.436+0700 [DEBUG] [org.gradle.internal.watch.vfs.impl.WatchingVirtualFileSystem] Handling VFS change REMOVED D:\code\ecommer_fco\back-end\src\main\java\com\ra\base_spring_boot\dto\req\ResetPasswordRequest.java
2026-05-17T17:19:30.436+0700 [DEBUG] [org.gradle.internal.watch.vfs.impl.WatchingVirtualFileSystem] Handling VFS change REMOVED D:\code\ecommer_fco\back-end\src\main\java\com\ra\base_spring_boot\dto\req\UpdateProfileRequest.java
2026-05-17T17:19:30.436+0700 [DEBUG] [org.gradle.internal.watch.vfs.impl.WatchingVirtualFileSystem] Handling VFS change REMOVED D:\code\ecommer_fco\back-end\src\main\java\com\ra\base_spring_boot\dto\req
2026-05-17T17:19:30.436+0700 [DEBUG] [org.gradle.internal.watch.vfs.impl.WatchingVirtualFileSystem] Handling VFS change REMOVED D:\code\ecommer_fco\back-end\src\main\java\com\ra\base_spring_boot\dto\resp\ApiResponse.java
2026-05-17T17:19:30.436+0700 [DEBUG] [org.gradle.internal.watch.vfs.impl.WatchingVirtualFileSystem] Handling VFS change REMOVED D:\code\ecommer_fco\back-end\src\main\java\com\ra\base_spring_boot\dto\resp\AuthIssuanceResult.java
2026-05-17T17:19:30.436+0700 [DEBUG] [org.gradle.internal.watch.vfs.impl.WatchingVirtualFileSystem] Handling VFS change REMOVED D:\code\ecommer_fco\back-end\src\main\java\com\ra\base_spring_boot\dto\resp\AuthResponse.java
2026-05-17T17:19:30.436+0700 [DEBUG] [org.gradle.internal.watch.vfs.impl.WatchingVirtualFileSystem] Handling VFS change REMOVED D:\code\ecommer_fco\back-end\src\main\java\com\ra\base_spring_boot\dto\resp\GameAccountResponse.java
2026-05-17T17:19:30.437+0700 [DEBUG] [org.gradle.internal.watch.vfs.impl.WatchingVirtualFileSystem] Handling VFS change REMOVED D:\code\ecommer_fco\back-end\src\main\java\com\ra\base_spring_boot\dto\resp\PageResponse.java
2026-05-17T17:19:30.437+0700 [DEBUG] [org.gradle.internal.watch.vfs.impl.WatchingVirtualFileSystem] Handling VFS change REMOVED D:\code\ecommer_fco\back-end\src\main\java\com\ra\base_spring_boot\dto\resp\PaginationResponse.java
2026-05-17T17:19:30.437+0700 [DEBUG] [org.gradle.internal.watch.vfs.impl.WatchingVirtualFileSystem] Handling VFS change REMOVED D:\code\ecommer_fco\back-end\src\main\java\com\ra\base_spring_boot\dto\resp\SyncCardsResult.java
2026-05-17T17:19:30.437+0700 [DEBUG] [org.gradle.internal.watch.vfs.impl.WatchingVirtualFileSystem] Handling VFS change REMOVED D:\code\ecommer_fco\back-end\src\main\java\com\ra\base_spring_boot\dto\resp\UserProfileResponse.java
2026-05-17T17:19:30.437+0700 [DEBUG] [org.gradle.internal.watch.vfs.impl.WatchingVirtualFileSystem] Handling VFS change REMOVED D:\code\ecommer_fco\back-end\src\main\java\com\ra\base_spring_boot\dto\resp\UserResponse.java
2026-05-17T17:19:30.437+0700 [DEBUG] [org.gradle.internal.watch.vfs.impl.WatchingVirtualFileSystem] Handling VFS change REMOVED D:\code\ecommer_fco\back-end\src\main\java\com\ra\base_spring_boot\dto\resp
2026-05-17T17:19:30.438+0700 [DEBUG] [org.gradle.internal.watch.vfs.impl.WatchingVirtualFileSystem] Handling VFS change REMOVED D:\code\ecommer_fco\back-end\src\main\java\com\ra\base_spring_boot\dto\ResponseWrapper.java
2026-05-17T17:19:30.438+0700 [DEBUG] [org.gradle.internal.watch.vfs.impl.WatchingVirtualFileSystem] Handling VFS change REMOVED D:\code\ecommer_fco\back-end\src\main\java\com\ra\base_spring_boot\dto
2026-05-17T17:19:30.438+0700 [DEBUG] [org.gradle.internal.watch.vfs.impl.WatchingVirtualFileSystem] Handling VFS change REMOVED D:\code\ecommer_fco\back-end\src\main\java\com\ra\base_spring_boot\exception
2026-05-17T17:19:30.439+0700 [DEBUG] [org.gradle.internal.watch.vfs.impl.WatchingVirtualFileSystem] Handling VFS change REMOVED D:\code\ecommer_fco\back-end\src\main\java\com\ra\base_spring_boot\mapper\GameAccountMapper.java
2026-05-17T17:19:30.439+0700 [DEBUG] [org.gradle.internal.watch.vfs.impl.WatchingVirtualFileSystem] Handling VFS change REMOVED D:\code\ecommer_fco\back-end\src\main\java\com\ra\base_spring_boot\mapper\MapStructCentralConfig.java
2026-05-17T17:19:30.439+0700 [DEBUG] [org.gradle.internal.watch.vfs.impl.WatchingVirtualFileSystem] Handling VFS change REMOVED D:\code\ecommer_fco\back-end\src\main\java\com\ra\base_spring_boot\mapper\UserMapper.java
2026-05-17T17:19:30.439+0700 [DEBUG] [org.gradle.internal.watch.vfs.impl.WatchingVirtualFileSystem] Handling VFS change REMOVED D:\code\ecommer_fco\back-end\src\main\java\com\ra\base_spring_boot\mapper
2026-05-17T17:19:30.440+0700 [DEBUG] [org.gradle.internal.watch.vfs.impl.WatchingVirtualFileSystem] Handling VFS change REMOVED D:\code\ecommer_fco\back-end\src\main\java\com\ra\base_spring_boot\model\constants
2026-05-17T17:19:30.440+0700 [DEBUG] [org.gradle.internal.watch.vfs.impl.WatchingVirtualFileSystem] Handling VFS change REMOVED D:\code\ecommer_fco\back-end\src\main\java\com\ra\base_spring_boot\model\fco\FcoCardReview.java
2026-05-17T17:19:30.440+0700 [DEBUG] [org.gradle.internal.watch.vfs.impl.WatchingVirtualFileSystem] Handling VFS change REMOVED D:\code\ecommer_fco\back-end\src\main\java\com\ra\base_spring_boot\model\fco\FcoFormationFit.java
2026-05-17T17:19:30.440+0700 [DEBUG] [org.gradle.internal.watch.vfs.impl.WatchingVirtualFileSystem] Handling VFS change REMOVED D:\code\ecommer_fco\back-end\src\main\java\com\ra\base_spring_boot\model\fco
2026-05-17T17:19:30.442+0700 [DEBUG] [org.gradle.internal.watch.vfs.impl.WatchingVirtualFileSystem] Handling VFS change REMOVED D:\code\ecommer_fco\back-end\src\main\java\com\ra\base_spring_boot\model\AccountAttribute.java
2026-05-17T17:19:30.442+0700 [DEBUG] [org.gradle.internal.watch.vfs.impl.WatchingVirtualFileSystem] Handling VFS change REMOVED D:\code\ecommer_fco\back-end\src\main\java\com\ra\base_spring_boot\model\AccountDelivery.java
2026-05-17T17:19:30.442+0700 [DEBUG] [org.gradle.internal.watch.vfs.impl.WatchingVirtualFileSystem] Handling VFS change REMOVED D:\code\ecommer_fco\back-end\src\main\java\com\ra\base_spring_boot\model\AccountImage.java
2026-05-17T17:19:30.442+0700 [DEBUG] [org.gradle.internal.watch.vfs.impl.WatchingVirtualFileSystem] Handling VFS change REMOVED D:\code\ecommer_fco\back-end\src\main\java\com\ra\base_spring_boot\model\GameAccount.java
2026-05-17T17:19:30.442+0700 [DEBUG] [org.gradle.internal.watch.vfs.impl.WatchingVirtualFileSystem] Handling VFS change REMOVED D:\code\ecommer_fco\back-end\src\main\java\com\ra\base_spring_boot\model\GameTitle.java
2026-05-17T17:19:30.442+0700 [DEBUG] [org.gradle.internal.watch.vfs.impl.WatchingVirtualFileSystem] Handling VFS change REMOVED D:\code\ecommer_fco\back-end\src\main\java\com\ra\base_spring_boot\model
2026-05-17T17:19:30.443+0700 [DEBUG] [org.gradle.internal.watch.vfs.impl.WatchingVirtualFileSystem] Handling VFS change REMOVED D:\code\ecommer_fco\back-end\src\main\java\com\ra\base_spring_boot\repository\IGameAccountRepository.java
2026-05-17T17:19:30.443+0700 [DEBUG] [org.gradle.internal.watch.vfs.impl.WatchingVirtualFileSystem] Handling VFS change REMOVED D:\code\ecommer_fco\back-end\src\main\java\com\ra\base_spring_boot\repository\IGameTitleRepository.java
2026-05-17T17:19:30.443+0700 [DEBUG] [org.gradle.internal.watch.vfs.impl.WatchingVirtualFileSystem] Handling VFS change REMOVED D:\code\ecommer_fco\back-end\src\main\java\com\ra\base_spring_boot\repository
2026-05-17T17:19:30.443+0700 [DEBUG] [org.gradle.internal.watch.vfs.impl.WatchingVirtualFileSystem] Handling VFS change REMOVED D:\code\ecommer_fco\back-end\src\main\java\com\ra\base_spring_boot\services\impl
2026-05-17T17:19:30.443+0700 [DEBUG] [org.gradle.internal.watch.vfs.impl.WatchingVirtualFileSystem] Handling VFS change REMOVED D:\code\ecommer_fco\back-end\src\main\java\com\ra\base_spring_boot\services
2026-05-17T17:19:30.444+0700 [DEBUG] [org.gradle.internal.watch.vfs.impl.WatchingVirtualFileSystem] Handling VFS change REMOVED D:\code\ecommer_fco\back-end\src\main\java\com\ra\base_spring_boot\swagger\SwaggerConfig.java
2026-05-17T17:19:30.444+0700 [DEBUG] [org.gradle.internal.watch.vfs.impl.WatchingVirtualFileSystem] Handling VFS change REMOVED D:\code\ecommer_fco\back-end\src\main\java\com\ra\base_spring_boot\swagger
2026-05-17T17:19:30.444+0700 [DEBUG] [org.gradle.internal.watch.vfs.impl.WatchingVirtualFileSystem] Handling VFS change REMOVED D:\code\ecommer_fco\back-end\src\main\java\com\ra\base_spring_boot\utils\CitationUtils.java
2026-05-17T17:19:30.444+0700 [DEBUG] [org.gradle.internal.watch.vfs.impl.WatchingVirtualFileSystem] Handling VFS change REMOVED D:\code\ecommer_fco\back-end\src\main\java\com\ra\base_spring_boot\utils\ClientIpUtils.java
2026-05-17T17:19:30.445+0700 [DEBUG] [org.gradle.internal.watch.vfs.impl.WatchingVirtualFileSystem] Handling VFS change REMOVED D:\code\ecommer_fco\back-end\src\main\java\com\ra\base_spring_boot\utils\CookieUtils.java
2026-05-17T17:19:30.445+0700 [DEBUG] [org.gradle.internal.watch.vfs.impl.WatchingVirtualFileSystem] Handling VFS change REMOVED D:\code\ecommer_fco\back-end\src\main\java\com\ra\base_spring_boot\utils\OtpUtil.java
2026-05-17T17:19:30.445+0700 [DEBUG] [org.gradle.internal.watch.vfs.impl.WatchingVirtualFileSystem] Handling VFS change REMOVED D:\code\ecommer_fco\back-end\src\main\java\com\ra\base_spring_boot\utils
2026-05-17T17:19:30.445+0700 [DEBUG] [org.gradle.internal.watch.vfs.impl.WatchingVirtualFileSystem] Handling VFS change REMOVED D:\code\ecommer_fco\back-end\src\main\java\com\ra\base_spring_boot\validate\impl\ValidDisplayListImpl.java
2026-05-17T17:19:30.446+0700 [DEBUG] [org.gradle.internal.watch.vfs.impl.WatchingVirtualFileSystem] Handling VFS change REMOVED D:\code\ecommer_fco\back-end\src\main\java\com\ra\base_spring_boot\validate\impl\ValidEmailImpl.java
2026-05-17T17:19:30.446+0700 [DEBUG] [org.gradle.internal.watch.vfs.impl.WatchingVirtualFileSystem] Handling VFS change REMOVED D:\code\ecommer_fco\back-end\src\main\java\com\ra\base_spring_boot\validate\impl\ValidImageImpl.java
2026-05-17T17:19:30.446+0700 [DEBUG] [org.gradle.internal.watch.vfs.impl.WatchingVirtualFileSystem] Handling VFS change REMOVED D:\code\ecommer_fco\back-end\src\main\java\com\ra\base_spring_boot\validate\impl\ValidPasswordImpl.java
2026-05-17T17:19:30.446+0700 [DEBUG] [org.gradle.internal.watch.vfs.impl.WatchingVirtualFileSystem] Handling VFS change REMOVED D:\code\ecommer_fco\back-end\src\main\java\com\ra\base_spring_boot\validate\impl\ValidPhoneImpl.java
2026-05-17T17:19:30.447+0700 [DEBUG] [org.gradle.internal.watch.vfs.impl.WatchingVirtualFileSystem] Handling VFS change REMOVED D:\code\ecommer_fco\back-end\src\main\java\com\ra\base_spring_boot\validate\impl
2026-05-17T17:19:30.447+0700 [DEBUG] [org.gradle.internal.watch.vfs.impl.WatchingVirtualFileSystem] Handling VFS change REMOVED D:\code\ecommer_fco\back-end\src\main\java\com\ra\base_spring_boot\validate\ValidDisplayList.java
2026-05-17T17:19:30.447+0700 [DEBUG] [org.gradle.internal.watch.vfs.impl.WatchingVirtualFileSystem] Handling VFS change REMOVED D:\code\ecommer_fco\back-end\src\main\java\com\ra\base_spring_boot\validate\ValidEmail.java
2026-05-17T17:19:30.447+0700 [DEBUG] [org.gradle.internal.watch.vfs.impl.WatchingVirtualFileSystem] Handling VFS change REMOVED D:\code\ecommer_fco\back-end\src\main\java\com\ra\base_spring_boot\validate\ValidImage.java
2026-05-17T17:19:30.448+0700 [DEBUG] [org.gradle.internal.watch.vfs.impl.WatchingVirtualFileSystem] Handling VFS change REMOVED D:\code\ecommer_fco\back-end\src\main\java\com\ra\base_spring_boot\validate\ValidPassword.java
2026-05-17T17:19:30.448+0700 [DEBUG] [org.gradle.internal.watch.vfs.impl.WatchingVirtualFileSystem] Handling VFS change REMOVED D:\code\ecommer_fco\back-end\src\main\java\com\ra\base_spring_boot\validate\ValidPhone.java
2026-05-17T17:19:30.448+0700 [DEBUG] [org.gradle.internal.watch.vfs.impl.WatchingVirtualFileSystem] Handling VFS change REMOVED D:\code\ecommer_fco\back-end\src\main\java\com\ra\base_spring_boot\validate
2026-05-17T17:19:30.448+0700 [DEBUG] [org.gradle.internal.watch.vfs.impl.WatchingVirtualFileSystem] Handling VFS change REMOVED D:\code\ecommer_fco\back-end\src\main\java\com\ra\base_spring_boot
2026-05-17T17:19:30.449+0700 [DEBUG] [org.gradle.internal.watch.vfs.impl.WatchingVirtualFileSystem] Handling VFS change REMOVED D:\code\ecommer_fco\back-end\src\main\java\com\ra
2026-05-17T17:19:35.108+0700 [DEBUG] [org.gradle.internal.remote.internal.inet.TcpIncomingConnector] Accepted connection from /127.0.0.1:57847 to /127.0.0.1:56766.
2026-05-17T17:19:35.148+0700 [DEBUG] [org.gradle.launcher.daemon.server.SynchronizedDispatchConnection] thread 897: received class org.gradle.launcher.daemon.protocol.Build
2026-05-17T17:19:35.148+0700 [DEBUG] [org.gradle.launcher.daemon.server.DefaultDaemonConnection] thread 897: Received non-IO message from client: Build{id=aafcf71b-5d33-49d6-9c5a-adc7982442ca, currentDir=D:\code\ecommer_fco\back-end}
2026-05-17T17:19:35.149+0700 [INFO] [org.gradle.launcher.daemon.server.DefaultIncomingConnectionHandler] Received command: Build{id=aafcf71b-5d33-49d6-9c5a-adc7982442ca, currentDir=D:\code\ecommer_fco\back-end}.
2026-05-17T17:19:35.149+0700 [DEBUG] [org.gradle.launcher.daemon.server.DefaultIncomingConnectionHandler] Starting executing command: Build{id=aafcf71b-5d33-49d6-9c5a-adc7982442ca, currentDir=D:\code\ecommer_fco\back-end} with connection: socket connection from /127.0.0.1:56766 to /127.0.0.1:57847.
2026-05-17T17:19:35.149+0700 [DEBUG] [org.gradle.launcher.daemon.server.DaemonStateCoordinator] Command execution: started DaemonCommandExecution[command = Build{id=aafcf71b-5d33-49d6-9c5a-adc7982442ca, currentDir=D:\code\ecommer_fco\back-end}, connection = DefaultDaemonConnection: socket connection from /127.0.0.1:56766 to /127.0.0.1:57847] after 9.633366666666666 minutes of idle
2026-05-17T17:19:35.149+0700 [INFO] [org.gradle.launcher.daemon.server.DaemonRegistryUpdater] Marking the daemon as busy, address: [725f609a-68d7-40a6-83ec-1e87117944fa port:56766, addresses:[localhost/127.0.0.1]]
2026-05-17T17:19:35.149+0700 [DEBUG] [org.gradle.launcher.daemon.registry.PersistentDaemonRegistry] Marking busy by address: [725f609a-68d7-40a6-83ec-1e87117944fa port:56766, addresses:[localhost/127.0.0.1]]
2026-05-17T17:19:35.150+0700 [DEBUG] [org.gradle.cache.internal.DefaultFileLockManager] Waiting to acquire exclusive lock on daemon addresses registry.
2026-05-17T17:19:35.150+0700 [DEBUG] [org.gradle.cache.internal.DefaultFileLockManager] Lock acquired on daemon addresses registry.
2026-05-17T17:19:35.151+0700 [DEBUG] [org.gradle.cache.internal.DefaultFileLockManager] Releasing lock on daemon addresses registry.
2026-05-17T17:19:35.151+0700 [DEBUG] [org.gradle.launcher.daemon.server.DaemonStateCoordinator] resetting idle timer
2026-05-17T17:19:35.151+0700 [DEBUG] [org.gradle.launcher.daemon.server.DaemonStateCoordinator] daemon is running. Sleeping until state changes.
2026-05-17T17:19:35.151+0700 [INFO] [org.gradle.launcher.daemon.server.exec.StartBuildOrRespondWithBusy] Daemon is about to start building Build{id=aafcf71b-5d33-49d6-9c5a-adc7982442ca, currentDir=D:\code\ecommer_fco\back-end}. Dispatching build started information...
2026-05-17T17:19:35.151+0700 [DEBUG] [org.gradle.launcher.daemon.server.SynchronizedDispatchConnection] thread 899: dispatching org.gradle.launcher.daemon.protocol.BuildStarted@3e97bde
2026-05-17T17:19:35.152+0700 [DEBUG] [org.gradle.launcher.daemon.server.exec.EstablishBuildEnvironment] Configuring env variables: [USERDOMAIN_ROAMINGPROFILE, EFC_17748_1592913036, ANTIGRAVITY_EDITOR_APP_ROOT, PROCESSOR_LEVEL, SESSIONNAME, ALLUSERSPROFILE, PROCESSOR_ARCHITECTURE, PSModulePath, VSCODE_PID, SystemDrive, MOZ_PLUGIN_PATH, DIRNAME, USERNAME, ProgramFiles(x86), VSCODE_NLS_CONFIG, CHROME_CRASHPAD_PIPE_NAME, APP_HOME, DEFAULT_JVM_OPTS, PATHEXT, DriverData, OneDriveConsumer, VSCODE_CODE_CACHE_PATH, ProgramData, ProgramW6432, HOMEPATH, PROCESSOR_IDENTIFIER, ProgramFiles, PUBLIC, windir, LOCALAPPDATA, IntelliJ IDEA, USERDOMAIN, LOGONSERVER, JAVA_HOME, PROMPT, ANTIGRAVITY_TRAJECTORY_ID, OneDrive, APPDATA, GRADLE_USER_HOME, JAVA_EXE, CommonProgramFiles, EFC_17748_4126798990, Path, VSCODE_CWD, OS, COMPUTERNAME, PROCESSOR_REVISION, CLASSPATH, CommonProgramW6432, ComSpec, APP_BASE_NAME, =D:, SystemRoot, TEMP, HOMEDRIVE, USERPROFILE, TMP, CommonProgramFiles(x86), NUMBER_OF_PROCESSORS, ANTIGRAVITY_AGENT, VSCODE_IPC_HOOK]
2026-05-17T17:19:35.152+0700 [DEBUG] [org.gradle.launcher.daemon.server.exec.LogToClient] About to start relaying all logs to the client via the connection.
2026-05-17T17:19:35.152+0700 [INFO] [org.gradle.launcher.daemon.server.exec.LogToClient] The client will now receive all logging from the daemon (pid: 1396). The daemon log file: D:\code\ecommer_fco\back-end\.gradle_home\daemon\8.10.2\daemon-1396.out.log
2026-05-17T17:19:35.153+0700 [INFO] [org.gradle.launcher.daemon.server.exec.LogAndCheckHealth] Starting 6th build in daemon [uptime: 34 mins 29.546 secs, performance: 100%, GC rate: 0.00/s, heap usage: 0% of 512 MiB, non-heap usage: 17% of 384 MiB]
2026-05-17T17:19:35.153+0700 [DEBUG] [org.gradle.launcher.daemon.server.exec.ExecuteBuild] The daemon has started executing the build.
2026-05-17T17:19:35.153+0700 [DEBUG] [org.gradle.launcher.daemon.server.exec.ExecuteBuild] Executing build with daemon context: DefaultDaemonContext[uid=70815982-ccb9-4d72-8c42-0d72688535ba,javaHome=C:\Program Files\JetBrains\IntelliJ IDEA 2025.2.4\jbr,javaVersion=21,javaVendor=JetBrains s.r.o.,daemonRegistryDir=D:\code\ecommer_fco\back-end\.gradle_home\daemon,pid=1396,idleTimeout=10800000,priority=NORMAL,applyInstrumentationAgent=true,nativeServicesMode=ENABLED,daemonOpts=--add-opens=java.base/java.util=ALL-UNNAMED,--add-opens=java.base/java.lang=ALL-UNNAMED,--add-opens=java.base/java.lang.invoke=ALL-UNNAMED,--add-opens=java.prefs/java.util.prefs=ALL-UNNAMED,--add-exports=jdk.compiler/com.sun.tools.javac.api=ALL-UNNAMED,--add-exports=jdk.compiler/com.sun.tools.javac.util=ALL-UNNAMED,--add-opens=java.base/java.nio.charset=ALL-UNNAMED,--add-opens=java.base/java.net=ALL-UNNAMED,--add-opens=java.base/java.util.concurrent.atomic=ALL-UNNAMED,-XX:MaxMetaspaceSize=384m,-XX:+HeapDumpOnOutOfMemoryError,-Xms256m,-Xmx512m,-Dfile.encoding=UTF-8,-Duser.country=US,-Duser.language=en,-Duser.variant]
D:\code\ecommer_fco\back-end\src\main\java\com\fco\platform\auth\interfaces\web\UserController.java:3: error: package com.ra.base_spring_boot.dto.req does not exist
import com.ra.base_spring_boot.dto.req.UpdateProfileRequest;
                                      ^
D:\code\ecommer_fco\back-end\src\main\java\com\fco\platform\auth\interfaces\web\UserController.java:4: error: package com.ra.base_spring_boot.dto.resp does not exist
import com.ra.base_spring_boot.dto.resp.AuthResponse;
                                       ^
D:\code\ecommer_fco\back-end\src\main\java\com\fco\platform\auth\interfaces\web\UserController.java:23: error: cannot find symbol
            @Valid @RequestBody UpdateProfileRequest request) {
                                ^
  symbol:   class UpdateProfileRequest
  location: class UserController
D:\code\ecommer_fco\back-end\src\main\java\com\fco\platform\auth\interfaces\web\UserController.java:21: error: cannot find symbol
    public ResponseEntity<AuthResponse> updateProfile(
                          ^
  symbol:   class AuthResponse
  location: class UserController
D:\code\ecommer_fco\back-end\src\main\java\com\fco\platform\auth\interfaces\web\UserController.java:34: error: package com.ra.base_spring_boot.dto.req does not exist
            @Valid @RequestBody com.ra.base_spring_boot.dto.req.ChangePasswordRequest request) {
                                                               ^
5 errors

FAILURE: Build failed with an exception.

* What went wrong:
Execution failed for task ':compileJava'.
> Compilation failed; see the compiler error output for details.

* Try:
> Run with --info option to get more log output.
> Run with --scan to get full insights.

BUILD FAILED in 3s
2 actionable tasks: 2 executed
2026-05-17T17:19:38.573+0700 [DEBUG] [org.gradle.launcher.daemon.server.exec.ExecuteBuild] The daemon has finished executing the build.
2026-05-17T17:19:38.591+0700 [DEBUG] [org.gradle.launcher.daemon.server.DaemonStateCoordinator] daemon is running. Sleeping until state changes.
2026-05-17T17:19:38.591+0700 [DEBUG] [org.gradle.launcher.daemon.server.DaemonStateCoordinator] Command execution: finished waiting for DaemonCommandExecution[command = Build{id=aafcf71b-5d33-49d6-9c5a-adc7982442ca, currentDir=D:\code\ecommer_fco\back-end}, connection = DefaultDaemonConnection: socket connection from /127.0.0.1:56766 to /127.0.0.1:57847]. Result org.gradle.launcher.daemon.server.DaemonStateCoordinator@2f41de46 with state Busy
2026-05-17T17:19:38.591+0700 [DEBUG] [org.gradle.launcher.daemon.server.DaemonStateCoordinator] Command execution: completed DaemonCommandExecution[command = Build{id=aafcf71b-5d33-49d6-9c5a-adc7982442ca, currentDir=D:\code\ecommer_fco\back-end}, connection = DefaultDaemonConnection: socket connection from /127.0.0.1:56766 to /127.0.0.1:57847]
2026-05-17T17:19:38.591+0700 [DEBUG] [org.gradle.launcher.daemon.server.DaemonStateCoordinator] resetting idle timer
2026-05-17T17:19:38.591+0700 [INFO] [org.gradle.launcher.daemon.server.DaemonRegistryUpdater] Marking the daemon as idle, address: [725f609a-68d7-40a6-83ec-1e87117944fa port:56766, addresses:[localhost/127.0.0.1]]
2026-05-17T17:19:38.591+0700 [DEBUG] [org.gradle.launcher.daemon.registry.PersistentDaemonRegistry] Marking busy by address: [725f609a-68d7-40a6-83ec-1e87117944fa port:56766, addresses:[localhost/127.0.0.1]]
2026-05-17T17:19:38.592+0700 [DEBUG] [org.gradle.cache.internal.DefaultFileLockManager] Waiting to acquire exclusive lock on daemon addresses registry.
2026-05-17T17:19:38.592+0700 [DEBUG] [org.gradle.cache.internal.DefaultFileLockManager] Lock acquired on daemon addresses registry.
2026-05-17T17:19:38.593+0700 [DEBUG] [org.gradle.cache.internal.DefaultFileLockManager] Releasing lock on daemon addresses registry.
2026-05-17T17:19:38.593+0700 [DEBUG] [org.gradle.launcher.daemon.server.DaemonStateCoordinator] daemon is running. Sleeping until state changes.
2026-05-17T17:19:38.593+0700 [DEBUG] [org.gradle.launcher.daemon.server.exec.ReturnResult] Daemon is dispatching the build result: Success[value=org.gradle.launcher.exec.BuildActionResult@128c31d8]
2026-05-17T17:19:38.594+0700 [DEBUG] [org.gradle.launcher.daemon.server.SynchronizedDispatchConnection] thread 896: dispatching Success[value=org.gradle.launcher.exec.BuildActionResult@128c31d8]
2026-05-17T17:19:38.602+0700 [DEBUG] [org.gradle.launcher.daemon.server.DefaultIncomingConnectionHandler] Finishing executing command: Build{id=aafcf71b-5d33-49d6-9c5a-adc7982442ca, currentDir=D:\code\ecommer_fco\back-end}
2026-05-17T17:19:38.602+0700 [DEBUG] [org.gradle.launcher.daemon.server.exec.CleanUpVirtualFileSystemAfterBuild] Cleaning virtual file system after build finished
2026-05-17T17:19:38.649+0700 [DEBUG] [org.gradle.launcher.daemon.server.SynchronizedDispatchConnection] thread 897: received class org.gradle.launcher.daemon.protocol.CloseInput
2026-05-17T17:19:38.649+0700 [DEBUG] [org.gradle.launcher.daemon.server.DefaultDaemonConnection] thread 897: Received IO message from client: org.gradle.launcher.daemon.protocol.CloseInput@1002f98c
2026-05-17T17:19:38.649+0700 [DEBUG] [org.gradle.launcher.daemon.server.SynchronizedDispatchConnection] thread 897: received class org.gradle.launcher.daemon.protocol.Finished
2026-05-17T17:19:38.650+0700 [DEBUG] [org.gradle.launcher.daemon.server.DefaultDaemonConnection] thread 897: Received non-IO message from client: org.gradle.launcher.daemon.protocol.Finished@1ec515fc
2026-05-17T17:19:38.650+0700 [DEBUG] [org.gradle.launcher.daemon.server.DefaultIncomingConnectionHandler] Received finished message: org.gradle.launcher.daemon.protocol.Finished@1ec515fc
2026-05-17T17:19:38.650+0700 [DEBUG] [org.gradle.launcher.daemon.server.SynchronizedDispatchConnection] thread 896: stopping connection
2026-05-17T17:19:38.650+0700 [DEBUG] [org.gradle.internal.remote.internal.inet.SocketConnection] Discarding EOFException: java.io.EOFException
2026-05-17T17:19:38.650+0700 [DEBUG] [org.gradle.launcher.daemon.server.SynchronizedDispatchConnection] thread 897: received null
2026-05-17T17:19:38.650+0700 [DEBUG] [org.gradle.launcher.daemon.server.DefaultDaemonConnection] thread 897: Received end-of-input from client.
2026-05-17T17:19:38.650+0700 [DEBUG] [org.gradle.launcher.daemon.server.SynchronizedDispatchConnection] thread 896: stopping connection
2026-05-17T17:19:42.925+0700 [DEBUG] [org.gradle.internal.watch.vfs.impl.WatchingVirtualFileSystem] Handling VFS change MODIFIED D:\code\ecommer_fco\back-end\src\main\java\com\fco\platform\auth\interfaces\web\UserController.java
2026-05-17T17:19:45.918+0700 [DEBUG] [org.gradle.cache.internal.DefaultFileLockManager] Waiting to acquire shared lock on daemon addresses registry.
2026-05-17T17:19:45.918+0700 [DEBUG] [org.gradle.cache.internal.DefaultFileLockManager] Lock acquired on daemon addresses registry.
2026-05-17T17:19:45.919+0700 [DEBUG] [org.gradle.cache.internal.DefaultFileLockManager] Releasing lock on daemon addresses registry.
2026-05-17T17:19:45.920+0700 [DEBUG] [org.gradle.cache.internal.DefaultFileLockManager] Waiting to acquire shared lock on daemon addresses registry.
2026-05-17T17:19:45.920+0700 [DEBUG] [org.gradle.cache.internal.DefaultFileLockManager] Lock acquired on daemon addresses registry.
2026-05-17T17:19:45.921+0700 [DEBUG] [org.gradle.cache.internal.DefaultFileLockManager] Releasing lock on daemon addresses registry.
2026-05-17T17:19:49.532+0700 [DEBUG] [org.gradle.internal.remote.internal.inet.TcpIncomingConnector] Accepted connection from /127.0.0.1:57853 to /127.0.0.1:56766.
2026-05-17T17:19:49.575+0700 [DEBUG] [org.gradle.launcher.daemon.server.SynchronizedDispatchConnection] thread 1049: received class org.gradle.launcher.daemon.protocol.Build
2026-05-17T17:19:49.575+0700 [DEBUG] [org.gradle.launcher.daemon.server.DefaultDaemonConnection] thread 1049: Received non-IO message from client: Build{id=013ef788-6b02-41ce-b268-d02808d8b776, currentDir=D:\code\ecommer_fco\back-end}
2026-05-17T17:19:49.575+0700 [INFO] [org.gradle.launcher.daemon.server.DefaultIncomingConnectionHandler] Received command: Build{id=013ef788-6b02-41ce-b268-d02808d8b776, currentDir=D:\code\ecommer_fco\back-end}.
2026-05-17T17:19:49.575+0700 [DEBUG] [org.gradle.launcher.daemon.server.DefaultIncomingConnectionHandler] Starting executing command: Build{id=013ef788-6b02-41ce-b268-d02808d8b776, currentDir=D:\code\ecommer_fco\back-end} with connection: socket connection from /127.0.0.1:56766 to /127.0.0.1:57853.
2026-05-17T17:19:49.576+0700 [DEBUG] [org.gradle.launcher.daemon.server.DaemonStateCoordinator] Command execution: started DaemonCommandExecution[command = Build{id=013ef788-6b02-41ce-b268-d02808d8b776, currentDir=D:\code\ecommer_fco\back-end}, connection = DefaultDaemonConnection: socket connection from /127.0.0.1:56766 to /127.0.0.1:57853] after 0.18306666666666666 minutes of idle
2026-05-17T17:19:49.576+0700 [INFO] [org.gradle.launcher.daemon.server.DaemonRegistryUpdater] Marking the daemon as busy, address: [725f609a-68d7-40a6-83ec-1e87117944fa port:56766, addresses:[localhost/127.0.0.1]]
2026-05-17T17:19:49.576+0700 [DEBUG] [org.gradle.launcher.daemon.registry.PersistentDaemonRegistry] Marking busy by address: [725f609a-68d7-40a6-83ec-1e87117944fa port:56766, addresses:[localhost/127.0.0.1]]
2026-05-17T17:19:49.576+0700 [DEBUG] [org.gradle.cache.internal.DefaultFileLockManager] Waiting to acquire exclusive lock on daemon addresses registry.
2026-05-17T17:19:49.576+0700 [DEBUG] [org.gradle.cache.internal.DefaultFileLockManager] Lock acquired on daemon addresses registry.
2026-05-17T17:19:49.577+0700 [DEBUG] [org.gradle.cache.internal.DefaultFileLockManager] Releasing lock on daemon addresses registry.
2026-05-17T17:19:49.577+0700 [DEBUG] [org.gradle.launcher.daemon.server.DaemonStateCoordinator] resetting idle timer
2026-05-17T17:19:49.577+0700 [DEBUG] [org.gradle.launcher.daemon.server.DaemonStateCoordinator] daemon is running. Sleeping until state changes.
2026-05-17T17:19:49.577+0700 [INFO] [org.gradle.launcher.daemon.server.exec.StartBuildOrRespondWithBusy] Daemon is about to start building Build{id=013ef788-6b02-41ce-b268-d02808d8b776, currentDir=D:\code\ecommer_fco\back-end}. Dispatching build started information...
2026-05-17T17:19:49.577+0700 [DEBUG] [org.gradle.launcher.daemon.server.SynchronizedDispatchConnection] thread 899: dispatching org.gradle.launcher.daemon.protocol.BuildStarted@a31adfe
2026-05-17T17:19:49.578+0700 [DEBUG] [org.gradle.launcher.daemon.server.exec.EstablishBuildEnvironment] Configuring env variables: [USERDOMAIN_ROAMINGPROFILE, EFC_17748_1592913036, ANTIGRAVITY_EDITOR_APP_ROOT, PROCESSOR_LEVEL, SESSIONNAME, ALLUSERSPROFILE, PROCESSOR_ARCHITECTURE, PSModulePath, VSCODE_PID, SystemDrive, MOZ_PLUGIN_PATH, DIRNAME, USERNAME, ProgramFiles(x86), VSCODE_NLS_CONFIG, CHROME_CRASHPAD_PIPE_NAME, APP_HOME, DEFAULT_JVM_OPTS, PATHEXT, DriverData, OneDriveConsumer, VSCODE_CODE_CACHE_PATH, ProgramData, ProgramW6432, HOMEPATH, PROCESSOR_IDENTIFIER, ProgramFiles, PUBLIC, windir, LOCALAPPDATA, IntelliJ IDEA, USERDOMAIN, LOGONSERVER, JAVA_HOME, PROMPT, ANTIGRAVITY_TRAJECTORY_ID, OneDrive, APPDATA, GRADLE_USER_HOME, JAVA_EXE, CommonProgramFiles, EFC_17748_4126798990, Path, VSCODE_CWD, OS, COMPUTERNAME, PROCESSOR_REVISION, CLASSPATH, CommonProgramW6432, ComSpec, APP_BASE_NAME, =D:, SystemRoot, TEMP, HOMEDRIVE, USERPROFILE, TMP, CommonProgramFiles(x86), NUMBER_OF_PROCESSORS, ANTIGRAVITY_AGENT, VSCODE_IPC_HOOK]
2026-05-17T17:19:49.578+0700 [DEBUG] [org.gradle.launcher.daemon.server.exec.LogToClient] About to start relaying all logs to the client via the connection.
2026-05-17T17:19:49.578+0700 [INFO] [org.gradle.launcher.daemon.server.exec.LogToClient] The client will now receive all logging from the daemon (pid: 1396). The daemon log file: D:\code\ecommer_fco\back-end\.gradle_home\daemon\8.10.2\daemon-1396.out.log
2026-05-17T17:19:49.578+0700 [INFO] [org.gradle.launcher.daemon.server.exec.LogAndCheckHealth] Starting 7th build in daemon [uptime: 34 mins 43.972 secs, performance: 100%, GC rate: 0.00/s, heap usage: 0% of 512 MiB, non-heap usage: 17% of 384 MiB]
2026-05-17T17:19:49.579+0700 [DEBUG] [org.gradle.launcher.daemon.server.exec.ExecuteBuild] The daemon has started executing the build.
2026-05-17T17:19:49.579+0700 [DEBUG] [org.gradle.launcher.daemon.server.exec.ExecuteBuild] Executing build with daemon context: DefaultDaemonContext[uid=70815982-ccb9-4d72-8c42-0d72688535ba,javaHome=C:\Program Files\JetBrains\IntelliJ IDEA 2025.2.4\jbr,javaVersion=21,javaVendor=JetBrains s.r.o.,daemonRegistryDir=D:\code\ecommer_fco\back-end\.gradle_home\daemon,pid=1396,idleTimeout=10800000,priority=NORMAL,applyInstrumentationAgent=true,nativeServicesMode=ENABLED,daemonOpts=--add-opens=java.base/java.util=ALL-UNNAMED,--add-opens=java.base/java.lang=ALL-UNNAMED,--add-opens=java.base/java.lang.invoke=ALL-UNNAMED,--add-opens=java.prefs/java.util.prefs=ALL-UNNAMED,--add-exports=jdk.compiler/com.sun.tools.javac.api=ALL-UNNAMED,--add-exports=jdk.compiler/com.sun.tools.javac.util=ALL-UNNAMED,--add-opens=java.base/java.nio.charset=ALL-UNNAMED,--add-opens=java.base/java.net=ALL-UNNAMED,--add-opens=java.base/java.util.concurrent.atomic=ALL-UNNAMED,-XX:MaxMetaspaceSize=384m,-XX:+HeapDumpOnOutOfMemoryError,-Xms256m,-Xmx512m,-Dfile.encoding=UTF-8,-Duser.country=US,-Duser.language=en,-Duser.variant]
Note: D:\code\ecommer_fco\back-end\src\main\java\com\fco\platform\sync\application\PlayerSyncService.java uses or overrides a deprecated API.
Note: Recompile with -Xlint:deprecation for details.

BUILD SUCCESSFUL in 5s
4 actionable tasks: 4 executed
2026-05-17T17:19:54.362+0700 [DEBUG] [org.gradle.launcher.daemon.server.exec.ExecuteBuild] The daemon has finished executing the build.
2026-05-17T17:19:54.378+0700 [DEBUG] [org.gradle.launcher.daemon.server.DaemonStateCoordinator] daemon is running. Sleeping until state changes.
2026-05-17T17:19:54.379+0700 [DEBUG] [org.gradle.launcher.daemon.server.DaemonStateCoordinator] Command execution: finished waiting for DaemonCommandExecution[command = Build{id=013ef788-6b02-41ce-b268-d02808d8b776, currentDir=D:\code\ecommer_fco\back-end}, connection = DefaultDaemonConnection: socket connection from /127.0.0.1:56766 to /127.0.0.1:57853]. Result org.gradle.launcher.daemon.server.DaemonStateCoordinator@2f41de46 with state Busy
2026-05-17T17:19:54.379+0700 [DEBUG] [org.gradle.launcher.daemon.server.DaemonStateCoordinator] Command execution: completed DaemonCommandExecution[command = Build{id=013ef788-6b02-41ce-b268-d02808d8b776, currentDir=D:\code\ecommer_fco\back-end}, connection = DefaultDaemonConnection: socket connection from /127.0.0.1:56766 to /127.0.0.1:57853]
2026-05-17T17:19:54.379+0700 [DEBUG] [org.gradle.launcher.daemon.server.DaemonStateCoordinator] resetting idle timer
2026-05-17T17:19:54.379+0700 [INFO] [org.gradle.launcher.daemon.server.DaemonRegistryUpdater] Marking the daemon as idle, address: [725f609a-68d7-40a6-83ec-1e87117944fa port:56766, addresses:[localhost/127.0.0.1]]
2026-05-17T17:19:54.379+0700 [DEBUG] [org.gradle.launcher.daemon.registry.PersistentDaemonRegistry] Marking busy by address: [725f609a-68d7-40a6-83ec-1e87117944fa port:56766, addresses:[localhost/127.0.0.1]]
2026-05-17T17:19:54.391+0700 [DEBUG] [org.gradle.cache.internal.DefaultFileLockManager] Waiting to acquire exclusive lock on daemon addresses registry.
2026-05-17T17:19:54.391+0700 [DEBUG] [org.gradle.cache.internal.DefaultFileLockManager] Lock acquired on daemon addresses registry.
2026-05-17T17:19:54.403+0700 [DEBUG] [org.gradle.cache.internal.DefaultFileLockManager] Releasing lock on daemon addresses registry.
2026-05-17T17:19:54.403+0700 [DEBUG] [org.gradle.launcher.daemon.server.exec.ReturnResult] Daemon is dispatching the build result: Success[value=org.gradle.launcher.exec.BuildActionResult@408cef4e]
2026-05-17T17:19:54.403+0700 [DEBUG] [org.gradle.launcher.daemon.server.DaemonStateCoordinator] daemon is running. Sleeping until state changes.
2026-05-17T17:19:54.403+0700 [DEBUG] [org.gradle.launcher.daemon.server.SynchronizedDispatchConnection] thread 896: dispatching Success[value=org.gradle.launcher.exec.BuildActionResult@408cef4e]
2026-05-17T17:19:54.403+0700 [DEBUG] [org.gradle.launcher.daemon.server.exec.CleanUpVirtualFileSystemAfterBuild] Cleaning virtual file system after build finished
2026-05-17T17:19:54.403+0700 [DEBUG] [org.gradle.launcher.daemon.server.DefaultIncomingConnectionHandler] Finishing executing command: Build{id=013ef788-6b02-41ce-b268-d02808d8b776, currentDir=D:\code\ecommer_fco\back-end}
2026-05-17T17:19:54.405+0700 [DEBUG] [org.gradle.launcher.daemon.server.SynchronizedDispatchConnection] thread 1049: received class org.gradle.launcher.daemon.protocol.CloseInput
2026-05-17T17:19:54.405+0700 [DEBUG] [org.gradle.launcher.daemon.server.DefaultDaemonConnection] thread 1049: Received IO message from client: org.gradle.launcher.daemon.protocol.CloseInput@1ee55435
2026-05-17T17:19:54.405+0700 [DEBUG] [org.gradle.launcher.daemon.server.SynchronizedDispatchConnection] thread 1049: received class org.gradle.launcher.daemon.protocol.Finished
2026-05-17T17:19:54.405+0700 [DEBUG] [org.gradle.launcher.daemon.server.DefaultDaemonConnection] thread 1049: Received non-IO message from client: org.gradle.launcher.daemon.protocol.Finished@1022b999
2026-05-17T17:19:54.405+0700 [DEBUG] [org.gradle.launcher.daemon.server.DefaultIncomingConnectionHandler] Received finished message: org.gradle.launcher.daemon.protocol.Finished@1022b999
2026-05-17T17:19:54.405+0700 [DEBUG] [org.gradle.launcher.daemon.server.SynchronizedDispatchConnection] thread 896: stopping connection
2026-05-17T17:19:54.406+0700 [DEBUG] [org.gradle.internal.remote.internal.inet.SocketConnection] Discarding EOFException: java.io.EOFException
2026-05-17T17:19:54.406+0700 [DEBUG] [org.gradle.launcher.daemon.server.SynchronizedDispatchConnection] thread 1049: received null
2026-05-17T17:19:54.406+0700 [DEBUG] [org.gradle.launcher.daemon.server.DefaultDaemonConnection] thread 1049: Received end-of-input from client.
2026-05-17T17:19:54.406+0700 [DEBUG] [org.gradle.launcher.daemon.server.SynchronizedDispatchConnection] thread 896: stopping connection
2026-05-17T17:19:55.939+0700 [DEBUG] [org.gradle.cache.internal.DefaultFileLockManager] Waiting to acquire shared lock on daemon addresses registry.
2026-05-17T17:19:55.939+0700 [DEBUG] [org.gradle.cache.internal.DefaultFileLockManager] Lock acquired on daemon addresses registry.
2026-05-17T17:19:55.964+0700 [DEBUG] [org.gradle.cache.internal.DefaultFileLockManager] Releasing lock on daemon addresses registry.
2026-05-17T17:19:55.967+0700 [DEBUG] [org.gradle.cache.internal.DefaultFileLockManager] Waiting to acquire shared lock on daemon addresses registry.
2026-05-17T17:19:55.968+0700 [DEBUG] [org.gradle.cache.internal.DefaultFileLockManager] Lock acquired on daemon addresses registry.
2026-05-17T17:19:55.968+0700 [DEBUG] [org.gradle.cache.internal.DefaultFileLockManager] Releasing lock on daemon addresses registry.
2026-05-17T17:20:04.243+0700 [DEBUG] [org.gradle.internal.watch.vfs.impl.WatchingVirtualFileSystem] Handling VFS change REMOVED D:\code\ecommer_fco\back-end\src\test\java\com\ra\base_spring_boot
2026-05-17T17:20:04.244+0700 [DEBUG] [org.gradle.internal.watch.vfs.impl.WatchingVirtualFileSystem] Handling VFS change REMOVED D:\code\ecommer_fco\back-end\src\test\java\com\ra
2026-05-17T17:20:05.919+0700 [DEBUG] [org.gradle.cache.internal.DefaultFileLockManager] Waiting to acquire shared lock on daemon addresses registry.
2026-05-17T17:20:05.919+0700 [DEBUG] [org.gradle.cache.internal.DefaultFileLockManager] Lock acquired on daemon addresses registry.
2026-05-17T17:20:05.919+0700 [DEBUG] [org.gradle.cache.internal.DefaultFileLockManager] Releasing lock on daemon addresses registry.
2026-05-17T17:20:05.919+0700 [DEBUG] [org.gradle.cache.internal.DefaultFileLockManager] Waiting to acquire shared lock on daemon addresses registry.
2026-05-17T17:20:05.919+0700 [DEBUG] [org.gradle.cache.internal.DefaultFileLockManager] Lock acquired on daemon addresses registry.
2026-05-17T17:20:05.919+0700 [DEBUG] [org.gradle.cache.internal.DefaultFileLockManager] Releasing lock on daemon addresses registry.
2026-05-17T17:20:05.919+0700 [DEBUG] [org.gradle.cache.internal.DefaultFileLockManager] Waiting to acquire shared lock on daemon addresses registry.
2026-05-17T17:20:05.920+0700 [DEBUG] [org.gradle.cache.internal.DefaultFileLockManager] Lock acquired on daemon addresses registry.
2026-05-17T17:20:05.920+0700 [DEBUG] [org.gradle.cache.internal.DefaultFileLockManager] Releasing lock on daemon addresses registry.
2026-05-17T17:20:08.013+0700 [DEBUG] [org.gradle.internal.remote.internal.inet.TcpIncomingConnector] Accepted connection from /127.0.0.1:57856 to /127.0.0.1:56766.
2026-05-17T17:20:08.058+0700 [DEBUG] [org.gradle.launcher.daemon.server.SynchronizedDispatchConnection] thread 1208: received class org.gradle.launcher.daemon.protocol.Build
2026-05-17T17:20:08.058+0700 [DEBUG] [org.gradle.launcher.daemon.server.DefaultDaemonConnection] thread 1208: Received non-IO message from client: Build{id=9b01aa4d-0715-4bab-919e-2a26244c3b7a, currentDir=D:\code\ecommer_fco\back-end}
2026-05-17T17:20:08.058+0700 [INFO] [org.gradle.launcher.daemon.server.DefaultIncomingConnectionHandler] Received command: Build{id=9b01aa4d-0715-4bab-919e-2a26244c3b7a, currentDir=D:\code\ecommer_fco\back-end}.
2026-05-17T17:20:08.058+0700 [DEBUG] [org.gradle.launcher.daemon.server.DefaultIncomingConnectionHandler] Starting executing command: Build{id=9b01aa4d-0715-4bab-919e-2a26244c3b7a, currentDir=D:\code\ecommer_fco\back-end} with connection: socket connection from /127.0.0.1:56766 to /127.0.0.1:57856.
2026-05-17T17:20:08.059+0700 [DEBUG] [org.gradle.launcher.daemon.server.DaemonStateCoordinator] Command execution: started DaemonCommandExecution[command = Build{id=9b01aa4d-0715-4bab-919e-2a26244c3b7a, currentDir=D:\code\ecommer_fco\back-end}, connection = DefaultDaemonConnection: socket connection from /127.0.0.1:56766 to /127.0.0.1:57856] after 0.22798333333333334 minutes of idle
2026-05-17T17:20:08.059+0700 [INFO] [org.gradle.launcher.daemon.server.DaemonRegistryUpdater] Marking the daemon as busy, address: [725f609a-68d7-40a6-83ec-1e87117944fa port:56766, addresses:[localhost/127.0.0.1]]
2026-05-17T17:20:08.059+0700 [DEBUG] [org.gradle.launcher.daemon.registry.PersistentDaemonRegistry] Marking busy by address: [725f609a-68d7-40a6-83ec-1e87117944fa port:56766, addresses:[localhost/127.0.0.1]]
2026-05-17T17:20:08.059+0700 [DEBUG] [org.gradle.cache.internal.DefaultFileLockManager] Waiting to acquire exclusive lock on daemon addresses registry.
2026-05-17T17:20:08.059+0700 [DEBUG] [org.gradle.cache.internal.DefaultFileLockManager] Lock acquired on daemon addresses registry.
2026-05-17T17:20:08.060+0700 [DEBUG] [org.gradle.cache.internal.DefaultFileLockManager] Releasing lock on daemon addresses registry.
2026-05-17T17:20:08.060+0700 [DEBUG] [org.gradle.launcher.daemon.server.DaemonStateCoordinator] resetting idle timer
2026-05-17T17:20:08.060+0700 [DEBUG] [org.gradle.launcher.daemon.server.DaemonStateCoordinator] daemon is running. Sleeping until state changes.
2026-05-17T17:20:08.060+0700 [INFO] [org.gradle.launcher.daemon.server.exec.StartBuildOrRespondWithBusy] Daemon is about to start building Build{id=9b01aa4d-0715-4bab-919e-2a26244c3b7a, currentDir=D:\code\ecommer_fco\back-end}. Dispatching build started information...
2026-05-17T17:20:08.060+0700 [DEBUG] [org.gradle.launcher.daemon.server.SynchronizedDispatchConnection] thread 899: dispatching org.gradle.launcher.daemon.protocol.BuildStarted@5c341ef3
2026-05-17T17:20:08.060+0700 [DEBUG] [org.gradle.launcher.daemon.server.exec.EstablishBuildEnvironment] Configuring env variables: [USERDOMAIN_ROAMINGPROFILE, EFC_17748_1592913036, ANTIGRAVITY_EDITOR_APP_ROOT, PROCESSOR_LEVEL, SESSIONNAME, ALLUSERSPROFILE, PROCESSOR_ARCHITECTURE, PSModulePath, VSCODE_PID, SystemDrive, MOZ_PLUGIN_PATH, DIRNAME, USERNAME, ProgramFiles(x86), VSCODE_NLS_CONFIG, CHROME_CRASHPAD_PIPE_NAME, APP_HOME, DEFAULT_JVM_OPTS, PATHEXT, DriverData, OneDriveConsumer, VSCODE_CODE_CACHE_PATH, ProgramData, ProgramW6432, HOMEPATH, PROCESSOR_IDENTIFIER, ProgramFiles, PUBLIC, windir, LOCALAPPDATA, IntelliJ IDEA, USERDOMAIN, LOGONSERVER, JAVA_HOME, PROMPT, ANTIGRAVITY_TRAJECTORY_ID, OneDrive, APPDATA, GRADLE_USER_HOME, JAVA_EXE, CommonProgramFiles, EFC_17748_4126798990, Path, VSCODE_CWD, OS, COMPUTERNAME, PROCESSOR_REVISION, CLASSPATH, CommonProgramW6432, ComSpec, APP_BASE_NAME, =D:, SystemRoot, TEMP, HOMEDRIVE, USERPROFILE, TMP, CommonProgramFiles(x86), NUMBER_OF_PROCESSORS, ANTIGRAVITY_AGENT, VSCODE_IPC_HOOK]
2026-05-17T17:20:08.061+0700 [DEBUG] [org.gradle.launcher.daemon.server.exec.LogToClient] About to start relaying all logs to the client via the connection.
2026-05-17T17:20:08.061+0700 [INFO] [org.gradle.launcher.daemon.server.exec.LogToClient] The client will now receive all logging from the daemon (pid: 1396). The daemon log file: D:\code\ecommer_fco\back-end\.gradle_home\daemon\8.10.2\daemon-1396.out.log
2026-05-17T17:20:08.061+0700 [INFO] [org.gradle.launcher.daemon.server.exec.LogAndCheckHealth] Starting 8th build in daemon [uptime: 35 mins 2.455 secs, performance: 100%, GC rate: 0.00/s, heap usage: 0% of 512 MiB, non-heap usage: 17% of 384 MiB]
2026-05-17T17:20:08.062+0700 [DEBUG] [org.gradle.launcher.daemon.server.exec.ExecuteBuild] The daemon has started executing the build.
2026-05-17T17:20:08.062+0700 [DEBUG] [org.gradle.launcher.daemon.server.exec.ExecuteBuild] Executing build with daemon context: DefaultDaemonContext[uid=70815982-ccb9-4d72-8c42-0d72688535ba,javaHome=C:\Program Files\JetBrains\IntelliJ IDEA 2025.2.4\jbr,javaVersion=21,javaVendor=JetBrains s.r.o.,daemonRegistryDir=D:\code\ecommer_fco\back-end\.gradle_home\daemon,pid=1396,idleTimeout=10800000,priority=NORMAL,applyInstrumentationAgent=true,nativeServicesMode=ENABLED,daemonOpts=--add-opens=java.base/java.util=ALL-UNNAMED,--add-opens=java.base/java.lang=ALL-UNNAMED,--add-opens=java.base/java.lang.invoke=ALL-UNNAMED,--add-opens=java.prefs/java.util.prefs=ALL-UNNAMED,--add-exports=jdk.compiler/com.sun.tools.javac.api=ALL-UNNAMED,--add-exports=jdk.compiler/com.sun.tools.javac.util=ALL-UNNAMED,--add-opens=java.base/java.nio.charset=ALL-UNNAMED,--add-opens=java.base/java.net=ALL-UNNAMED,--add-opens=java.base/java.util.concurrent.atomic=ALL-UNNAMED,-XX:MaxMetaspaceSize=384m,-XX:+HeapDumpOnOutOfMemoryError,-Xms256m,-Xmx512m,-Dfile.encoding=UTF-8,-Duser.country=US,-Duser.language=en,-Duser.variant]
Note: D:\code\ecommer_fco\back-end\src\main\java\com\fco\platform\sync\application\PlayerSyncService.java uses or overrides a deprecated API.
Note: Recompile with -Xlint:deprecation for details.

BUILD SUCCESSFUL in 5s
4 actionable tasks: 4 executed
2026-05-17T17:20:12.615+0700 [DEBUG] [org.gradle.launcher.daemon.server.exec.ExecuteBuild] The daemon has finished executing the build.
2026-05-17T17:20:12.632+0700 [DEBUG] [org.gradle.launcher.daemon.server.DaemonStateCoordinator] daemon is running. Sleeping until state changes.
2026-05-17T17:20:12.633+0700 [DEBUG] [org.gradle.launcher.daemon.server.DaemonStateCoordinator] Command execution: finished waiting for DaemonCommandExecution[command = Build{id=9b01aa4d-0715-4bab-919e-2a26244c3b7a, currentDir=D:\code\ecommer_fco\back-end}, connection = DefaultDaemonConnection: socket connection from /127.0.0.1:56766 to /127.0.0.1:57856]. Result org.gradle.launcher.daemon.server.DaemonStateCoordinator@2f41de46 with state Busy
2026-05-17T17:20:12.633+0700 [DEBUG] [org.gradle.launcher.daemon.server.DaemonStateCoordinator] Command execution: completed DaemonCommandExecution[command = Build{id=9b01aa4d-0715-4bab-919e-2a26244c3b7a, currentDir=D:\code\ecommer_fco\back-end}, connection = DefaultDaemonConnection: socket connection from /127.0.0.1:56766 to /127.0.0.1:57856]
2026-05-17T17:20:12.633+0700 [DEBUG] [org.gradle.launcher.daemon.server.DaemonStateCoordinator] resetting idle timer
2026-05-17T17:20:12.633+0700 [INFO] [org.gradle.launcher.daemon.server.DaemonRegistryUpdater] Marking the daemon as idle, address: [725f609a-68d7-40a6-83ec-1e87117944fa port:56766, addresses:[localhost/127.0.0.1]]
2026-05-17T17:20:12.633+0700 [DEBUG] [org.gradle.launcher.daemon.registry.PersistentDaemonRegistry] Marking busy by address: [725f609a-68d7-40a6-83ec-1e87117944fa port:56766, addresses:[localhost/127.0.0.1]]
2026-05-17T17:20:12.645+0700 [DEBUG] [org.gradle.cache.internal.DefaultFileLockManager] Waiting to acquire exclusive lock on daemon addresses registry.
2026-05-17T17:20:12.646+0700 [DEBUG] [org.gradle.cache.internal.DefaultFileLockManager] Lock acquired on daemon addresses registry.
2026-05-17T17:20:12.661+0700 [DEBUG] [org.gradle.cache.internal.DefaultFileLockManager] Releasing lock on daemon addresses registry.
2026-05-17T17:20:12.666+0700 [DEBUG] [org.gradle.launcher.daemon.server.DaemonStateCoordinator] daemon is running. Sleeping until state changes.
2026-05-17T17:20:12.666+0700 [DEBUG] [org.gradle.launcher.daemon.server.exec.ReturnResult] Daemon is dispatching the build result: Success[value=org.gradle.launcher.exec.BuildActionResult@7acaebf]
2026-05-17T17:20:12.666+0700 [DEBUG] [org.gradle.launcher.daemon.server.SynchronizedDispatchConnection] thread 896: dispatching Success[value=org.gradle.launcher.exec.BuildActionResult@7acaebf]
2026-05-17T17:20:12.666+0700 [DEBUG] [org.gradle.launcher.daemon.server.exec.CleanUpVirtualFileSystemAfterBuild] Cleaning virtual file system after build finished
2026-05-17T17:20:12.666+0700 [DEBUG] [org.gradle.launcher.daemon.server.DefaultIncomingConnectionHandler] Finishing executing command: Build{id=9b01aa4d-0715-4bab-919e-2a26244c3b7a, currentDir=D:\code\ecommer_fco\back-end}
2026-05-17T17:20:12.667+0700 [DEBUG] [org.gradle.launcher.daemon.server.SynchronizedDispatchConnection] thread 1208: received class org.gradle.launcher.daemon.protocol.CloseInput
2026-05-17T17:20:12.667+0700 [DEBUG] [org.gradle.launcher.daemon.server.DefaultDaemonConnection] thread 1208: Received IO message from client: org.gradle.launcher.daemon.protocol.CloseInput@712f55fd
2026-05-17T17:20:12.667+0700 [DEBUG] [org.gradle.launcher.daemon.server.SynchronizedDispatchConnection] thread 1208: received class org.gradle.launcher.daemon.protocol.Finished
2026-05-17T17:20:12.667+0700 [DEBUG] [org.gradle.launcher.daemon.server.DefaultDaemonConnection] thread 1208: Received non-IO message from client: org.gradle.launcher.daemon.protocol.Finished@7fe8b5a8
2026-05-17T17:20:12.668+0700 [DEBUG] [org.gradle.launcher.daemon.server.DefaultIncomingConnectionHandler] Received finished message: org.gradle.launcher.daemon.protocol.Finished@7fe8b5a8
2026-05-17T17:20:12.668+0700 [DEBUG] [org.gradle.launcher.daemon.server.SynchronizedDispatchConnection] thread 896: stopping connection
2026-05-17T17:20:12.668+0700 [DEBUG] [org.gradle.internal.remote.internal.inet.SocketConnection] Discarding EOFException: java.io.EOFException
2026-05-17T17:20:12.668+0700 [DEBUG] [org.gradle.launcher.daemon.server.SynchronizedDispatchConnection] thread 1208: received null
2026-05-17T17:20:12.668+0700 [DEBUG] [org.gradle.launcher.daemon.server.DefaultDaemonConnection] thread 1208: Received end-of-input from client.
2026-05-17T17:20:12.668+0700 [DEBUG] [org.gradle.launcher.daemon.server.SynchronizedDispatchConnection] thread 896: stopping connection
2026-05-17T17:20:15.932+0700 [DEBUG] [org.gradle.cache.internal.DefaultFileLockManager] Waiting to acquire shared lock on daemon addresses registry.
2026-05-17T17:20:15.932+0700 [DEBUG] [org.gradle.cache.internal.DefaultFileLockManager] Lock acquired on daemon addresses registry.
2026-05-17T17:20:15.933+0700 [DEBUG] [org.gradle.cache.internal.DefaultFileLockManager] Releasing lock on daemon addresses registry.
2026-05-17T17:20:15.936+0700 [DEBUG] [org.gradle.cache.internal.DefaultFileLockManager] Waiting to acquire shared lock on daemon addresses registry.
2026-05-17T17:20:15.936+0700 [DEBUG] [org.gradle.cache.internal.DefaultFileLockManager] Lock acquired on daemon addresses registry.
2026-05-17T17:20:15.937+0700 [DEBUG] [org.gradle.cache.internal.DefaultFileLockManager] Releasing lock on daemon addresses registry.
2026-05-17T17:20:25.927+0700 [DEBUG] [org.gradle.cache.internal.DefaultFileLockManager] Waiting to acquire shared lock on daemon addresses registry.
2026-05-17T17:20:25.927+0700 [DEBUG] [org.gradle.cache.internal.DefaultFileLockManager] Lock acquired on daemon addresses registry.
2026-05-17T17:20:25.927+0700 [DEBUG] [org.gradle.cache.internal.DefaultFileLockManager] Releasing lock on daemon addresses registry.
2026-05-17T17:20:25.928+0700 [DEBUG] [org.gradle.cache.internal.DefaultFileLockManager] Waiting to acquire shared lock on daemon addresses registry.
2026-05-17T17:20:25.928+0700 [DEBUG] [org.gradle.cache.internal.DefaultFileLockManager] Lock acquired on daemon addresses registry.
2026-05-17T17:20:25.928+0700 [DEBUG] [org.gradle.cache.internal.DefaultFileLockManager] Releasing lock on daemon addresses registry.
2026-05-17T17:20:25.928+0700 [DEBUG] [org.gradle.cache.internal.DefaultFileLockManager] Waiting to acquire shared lock on daemon addresses registry.
2026-05-17T17:20:25.928+0700 [DEBUG] [org.gradle.cache.internal.DefaultFileLockManager] Lock acquired on daemon addresses registry.
2026-05-17T17:20:25.928+0700 [DEBUG] [org.gradle.cache.internal.DefaultFileLockManager] Releasing lock on daemon addresses registry.
